{"type": "FeatureCollection", "features": [{"type": "Feature", "geometry": {"type": "Polygon", "coordinates": [[[77.95837094200002, 35.481784527999984], [77.96490796955703, 35.49601185963741], [77.93095546625307, 35.517334031215825], [77.96675328282666, 35.57159571130407], [77.95248062886255, 35.60697649359761], [77.99101819783267, 35.58184019231547], [78.04195040720373, 35.587385589357496], [78.07771100041003, 35.54915714872657], [78.13731620082923, 35.53886895498105], [78.15666514199786, 35.55202694404816], [78.16219678185786, 35.62938049257364], [78.18608081241086, 35.624031005392], [78.19966289569444, 35.66915830695055], [78.25507332976423, 35.64563400501562], [78.27207432971645, 35.66889037777014], [78.27334212767381, 35.72195401145601], [78.38610203490042, 35.73550768232594], [78.42322140305181, 35.78532063865399], [78.52126944195662, 35.76376932079719], [78.6649535285838, 35.85738731936413], [78.76877342796796, 35.869669545695096], [78.8237588386268, 35.855833133431304], [78.9605060767313, 35.8925927861943], [79.02163928790561, 35.848748211611685], [79.13253415658929, 35.836216875636], [79.19404953905115, 35.886924353859705], [79.18980941410837, 35.94719526295018], [79.2154632651485, 35.978780836895105], [79.37807231307411, 35.99528720088621], [79.42206671960143, 35.8965283018112], [79.51837404559957, 35.88351406193158], [79.7375368472322, 35.80200874628976], [79.87109284088903, 35.78302748847011], [79.92998825413522, 35.82744799990037], [79.99917735223956, 35.83775287772285], [80.03823871149366, 35.79976218098181], [80.10810237161463, 35.680925451372204], [80.23733566199562, 35.64193566826114], [80.29467636124146, 35.602395857702845], [80.32801368985106, 35.46965075684153], [80.28107723136696, 35.44085982304271], [80.27092412943229, 35.34423115259191], [80.23566987214001, 35.276628402491745], [80.22600159386883, 35.22001939756802], [80.18353720607226, 35.16673083997866], [80.17475598330374, 35.00232867845941], [80.12367353887825, 34.89342733783805], [80.07314951660047, 34.82843171350847], [80.0690400166529, 34.714777056377656], [79.94456097731799, 34.68106297468236], [79.8606661931585, 34.68875436606669], [79.81654249635736, 34.64343866839483], [79.77591150077824, 34.627592593890164], [79.79301500047909, 34.589638726798164], [79.77101256593832, 34.5820763038337], [79.75846108342343, 34.55471612472596], [79.81029071160602, 34.53130810294841], [79.81454402858483, 34.50006577493919], [79.794032808647, 34.48505450597047], [79.66201648527594, 34.47967417475674], [79.59325177540207, 34.50082391060888], [79.50851027830466, 34.474279706927966], [79.52813893949225, 34.41798528895545], [79.56120916838537, 34.41001070380885], [79.55956843229032, 34.332432076667885], [79.59216214647572, 34.281652325083314], [79.5791922721551, 34.22915863922437], [79.54008793901994, 34.20554308776515], [79.51109110356519, 34.21049599964146], [79.49473993997206, 34.13587841279532], [79.42034979686595, 34.078129161231836], [79.41422909489306, 34.05582633000442], [79.43374122975095, 34.02297843045777], [79.41431676344624, 34.014860806252905], [79.3555327660061, 34.03694102900132], [79.1980540306645, 34.05124305526003], [79.17123551701481, 34.07286672847638], [79.15162795262384, 34.06810420327273], [79.13580882679406, 34.027245199955374], [79.11258389368133, 34.01971619817637], [79.0223710406189, 34.050903354010295], [78.9405639546402, 34.024008340594285], [78.9275562960789, 34.0], [78.72154907844524, 34.0], [78.78752123800007, 33.80846349799999], [78.78174042100005, 33.552533368000006], [78.80066751500004, 33.49428720000004], [78.89027455300001, 33.407943647000096], [78.91288128000008, 33.32707364900006], [78.93895800600004, 33.301593853000035], [79.035235518, 33.24980298500003], [79.15367481399998, 33.22678628300005], [79.26472181300004, 33.182072053], [79.37822963400002, 33.16442169900004], [79.38271242900002, 33.12774818600003], [79.34421945600002, 33.06597194800002], [79.33382105200003, 32.95673586900006], [79.4130887, 32.88652668400006], [79.44845583500002, 32.795529304000084], [79.50004053200001, 32.74689277400004], [79.50504706400001, 32.714533792000054], [79.47644992599997, 32.64530518200001], [79.29413464000005, 32.49429659900004], [79.257241604, 32.49565131100004], [79.22337920600006, 32.46904352400003], [79.14809755400002, 32.45747290600004], [79.14636016600006, 32.40676383300002], [79.12568536800006, 32.374438951000016], [79.03762575800006, 32.37449173200003], [78.995138924, 32.33948513500001], [78.815469744, 32.45085346500009], [78.77523322000006, 32.551218617000046], [78.77961500000005, 32.60046141300007], [78.71308183800001, 32.667842570000026], [78.63654638800006, 32.65221178600001], [78.60207468599997, 32.61222756199999], [78.52481144900003, 32.60860773899997], [78.43115817800003, 32.509341691000095], [78.401091399, 32.52951107000003], [78.32540760799999, 32.47832071700007], [78.29565873100006, 32.504423381000024], [78.315245441, 32.52906044700005], [78.314782639, 32.57672957699999], [78.40232442500005, 32.62117461700006], [78.379019279, 32.66372924200004], [78.38465929500002, 32.75434520999999], [78.31049777000003, 32.735341974], [78.31561411600005, 32.707862185000046], [78.25951123900005, 32.69354795300007], [78.23288135299998, 32.66647211400006], [78.168366908, 32.675603970000054], [78.14155837300007, 32.64032798500004], [78.111065055, 32.658598898000015], [78.085745537, 32.6248591870001], [78.05278822700008, 32.63375896000008], [78.05809136600001, 32.59540384900003], [78.00287853700003, 32.59284469200002], [77.985232853, 32.62059756000001], [77.99802768500003, 32.63897083000001], [77.92079550199999, 32.702870700000055], [77.93584281900004, 32.76769286400002], [77.89399522200004, 32.78505356200009], [77.86866088199997, 32.83145449800008], [77.78429091900007, 32.864786538000104], [77.78570974800004, 32.88593822800004], [77.80863421500003, 32.90299822700001], [77.73570091100005, 32.965094620000045], [77.68412073799999, 32.980893771000055], [77.67172044700001, 32.95660720400008], [77.60473927300002, 32.93988355700005], [77.59238376500001, 32.92056652900003], [77.52664480400004, 32.88397102599999], [77.50507685600003, 32.88839065500001], [77.47224415700002, 32.860529005], [77.40671337800003, 32.884974054000025], [77.37474617400005, 32.857286452000025], [77.37104645900001, 32.82403525300003], [77.33853654799998, 32.81771215600008], [77.320433113, 32.852513332000065], [77.27517716800007, 32.871939479999966], [77.25588525299999, 32.86243625200006], [77.24509420000003, 32.89413213000007], [77.19372306200002, 32.929623295000034], [77.16463676100003, 32.91333149600003], [77.16607126600005, 32.95513434999998], [77.14974121400009, 32.983383002000046], [77.08766283600004, 32.97682881300007], [77.04773413100007, 33.002263222000074], [77.01442431500003, 32.99225819300003], [76.93255025900005, 33.033450227000074], [76.90858020000006, 33.094108090000006], [76.88404073200003, 33.11979966799997], [76.84830558900003, 33.118742347000065], [76.81362715500008, 33.15968516600009], [76.841361133, 33.24258266400001], [76.81593472900005, 33.23535041100006], [76.78892554700005, 33.254196877000055], [76.767251977, 33.248748330000076], [76.77014472299999, 33.22142678300008], [76.73682469900007, 33.17903092800009], [76.64285472699999, 33.16136586800006], [76.61165738100001, 33.173867643], [76.59525451600005, 33.20525892000003], [76.559943658, 33.208125663000075], [76.48003232500007, 33.179750734000045], [76.40578141300004, 33.18609341600002], [76.283498517, 33.10361314599998], [76.2913123, 33.05893449800003], [76.27250736600008, 33.036605232999996], [76.24032542900001, 33.01971834300005], [76.10689011500001, 33.00592805000008], [76.09548956200007, 32.96885202499998], [75.95316915900007, 32.87323601800004], [75.903337601, 32.91383217999998], [75.83211719600008, 32.92469979999998], [75.79833099800005, 32.88114186700003], [75.88113904600004, 32.80927737900002], [75.88301727600002, 32.78450703999999], [75.921974929, 32.74717787600009], [75.88616564, 32.651292786999996], [75.93420453700007, 32.646965318000056], [75.93239892100007, 32.632388934000055], [75.91902789600006, 32.63434613800008], [75.91771240300002, 32.615230151999995], [75.87790344800003, 32.58647106500007], [75.87191282200004, 32.54770097500005], [75.82273336000002, 32.497003764000034], [75.73604499700005, 32.46524351400003], [75.74839854099999, 32.44243061500004], [75.73462263800005, 32.443958777000006], [75.72683345500003, 32.41366231300006], [75.5854347680001, 32.377949938000086], [75.54635633700006, 32.354051049000034], [75.51316541199999, 32.2781845570001], [75.49409212799998, 32.29175990700005], [75.50131469500009, 32.31119920200006], [75.473725914, 32.31957211899997], [75.48113433200005, 32.34460811400005], [75.42319788600004, 32.31345575599999], [75.34583776099998, 32.34516522800005], [75.33002667900006, 32.331717580000095], [75.25194888700004, 32.39174896300007], [75.17019416400008, 32.42650440000009], [75.1403493610001, 32.41962613000003], [75.09268927200003, 32.48290574200009], [75.08047406600008, 32.47518169800004], [75.0249230380001, 32.500364412000096], [75.01916783600007, 32.47190919500008], [74.95636232000007, 32.45709648600007], [74.93876512300005, 32.4756965720001], [74.9005260700001, 32.471147999000074], [74.8804717850001, 32.49451326800003], [74.86254187, 32.484089112000035], [74.82471202400006, 32.505502692999976], [74.79537579899998, 32.47767042200008], [74.69517051400003, 32.50108035800009], [74.69221056800008, 32.543831162000046], [74.66448201200006, 32.56026429800002], [74.67424395000006, 32.57537176400008], [74.65538558499998, 32.57665520400005], [74.65937911200008, 32.599073708000006], [74.64032630700008, 32.61665458200008], [74.69689939400007, 32.66765710000005], [74.65237498600001, 32.699750996000034], [74.70498390600001, 32.848410951000005], [74.648304431, 32.849780401000075], [74.634566325, 32.83316911100002], [74.63009423499999, 32.81878320300006], [74.65777043700002, 32.79019905300004], [74.63264423400004, 32.778052358000075], [74.64070387300005, 32.746091714000016], [74.61799723399997, 32.760057243000006], [74.583590212, 32.74842044200005], [74.56895944800003, 32.76472034900001], [74.554552324, 32.74916994900007], [74.52400152200006, 32.751264457999994], [74.51716004100004, 32.774931056000014], [74.47076582300006, 32.79960644300001], [74.45536471300004, 32.79332344200009], [74.42134963400008, 32.85534003700009], [74.40754262600007, 32.92259056900008], [74.32442081400005, 32.92181942400004], [74.31092608500002, 32.994389957000024], [74.15317162100003, 33.04067310700004], [74.09910009400006, 33.10519495600003], [74.00292868999999, 33.17795363700004], [73.99116580700009, 33.25306569800007], [74.095267053, 33.32896222], [74.15749109300002, 33.49448331500001], [74.14142848300007, 33.549983872], [73.97662605900001, 33.64882585400005], [73.96065568000004, 33.6929517380001], [73.96658256599999, 33.734920357000085], [74.0349519740001, 33.82925169300005], [74.14204106800004, 33.84454866599999], [74.239160149, 33.90142202800005], [74.27195505399999, 33.962609922000055], [74.25969248500003, 33.994576673], [73.51668583593008, 34.0], [73.4890138040824, 34.14476785648317], [73.49308288713347, 34.220159291303666], [73.47003634070877, 34.251765788263505], [73.47858418747255, 34.29063121485903], [73.45382159950154, 34.27830209163816], [73.42505516406023, 34.35346441697915], [73.3908432602574, 34.374668281123235], [73.4201842657689, 34.41776708192188], [73.44285929856761, 34.56534492975279], [73.45662478026817, 34.57828319165871], [73.53412692312399, 34.5771884740857], [73.55735932396868, 34.59344754014498], [73.65086471478658, 34.568270412663615], [73.6601937762104, 34.61043716614516], [73.69624222854321, 34.6540530295102], [73.6669434844001, 34.66613882701014], [73.66745351784596, 34.68465838634819], [73.75008340850746, 34.78715178776688], [73.82114714433818, 34.795964932308465], [73.84971074584757, 34.81770990998794], [73.91815315104134, 34.81448315641193], [73.9643851172323, 34.841708776883536], [73.97437364823286, 34.86534060625466], [74.03035151838108, 34.8776345654181], [74.0438897811419, 34.921856619047354], [74.0740219735998, 34.93998054297311], [74.06052318342778, 34.99363478517578], [74.10823488800943, 35.01950167647164], [74.06636023778417, 35.04853109092336], [74.09325484780035, 35.09654403901253], [74.13435385870707, 35.10800040687211], [74.10980829458214, 35.13221412690293], [74.11611116348813, 35.150400753530796], [74.03907612071396, 35.14746896376761], [73.99978961496657, 35.184396349471996], [73.95920771791911, 35.1744229785125], [73.91727302349373, 35.21221451879447], [73.86520535851395, 35.21079825173821], [73.79641130410397, 35.24553785514615], [73.73172441916007, 35.217300554934035], [73.71637950237036, 35.22599118233128], [73.72708169539726, 35.27825642745074], [73.69987270180997, 35.32321744222208], [73.70044836962107, 35.35837628319063], [73.73890815769168, 35.42793214476374], [73.79513966753922, 35.4601614622633], [73.78490966999108, 35.525662905362076], [73.63545837058288, 35.571841628177516], [73.57110479791922, 35.55482454843621], [73.48175397853205, 35.57728284999523], [73.40682763619161, 35.564011871369814], [73.3674357126838, 35.60548812351651], [73.27273466619317, 35.62975698635426], [73.1362542604486, 35.719182068762976], [73.1357369429345, 35.793811791401545], [73.15418715713548, 35.84167225980662], [73.10042637970422, 35.878231970434086], [73.07775494091946, 35.886223273530625], [73.03810914578528, 35.854762258921845], [72.99971500302985, 35.86352370003774], [72.92940957350335, 35.845540293964106], [72.90466580510042, 35.853627990369], [72.90162953618474, 35.88166942370283], [72.83022605981905, 35.88736139851102], [72.77729009454116, 35.84402415526775], [72.7375494332506, 35.858798497512794], [72.69114151679754, 35.83287699702043], [72.64564753853828, 35.866347870800695], [72.60158981674313, 35.87107659450316], [72.53003529027319, 35.92654378703113], [72.55611258395349, 35.99667416765436], [72.57324507817108, 35.996428716886136], [72.59602537678535, 36.02734706855504], [72.58620648383231, 36.05044846541479], [72.5349441687115, 36.06799444669522], [72.53400451378312, 36.10543999888137], [72.57380884961465, 36.150963177020024], [72.55154137351593, 36.18116138577301], [72.5970973162682, 36.264249370529306], [72.63670472453566, 36.27648317191895], [72.6939709622552, 36.250097894530334], [72.69238577716416, 36.275650954664556], [72.77855060937694, 36.30988106401637], [72.82972721879628, 36.361143877146304], [72.88329913839958, 36.387344964163], [72.87946567115436, 36.44333133737754], [72.92227478107876, 36.46295885104864], [72.99205247824257, 36.45810558315953], [73.00385548480551, 36.47608003481691], [72.99035775395922, 36.480458141637875], [72.99599587354604, 36.51490873415381], [73.06150484099174, 36.537742448667295], [73.11247233330604, 36.61009630375102], [73.09200924662257, 36.63476660431626], [73.08541952071157, 36.69972653019548], [73.12648105999473, 36.68662130701503], [73.18939821888081, 36.721840079463604], [73.2149556692812, 36.69998919928622], [73.3147358687193, 36.706420317313324], [73.36083626371574, 36.71545476038726], [73.37210418843657, 36.7349393229479], [73.44155038026507, 36.74512058765335], [73.5439220038779, 36.7093548746759], [73.60022734690295, 36.72032945878653], [73.60746198723824, 36.698514803316094], [73.63317389786435, 36.69007188107616], [73.70058044679116, 36.68486784409364], [73.7250777419846, 36.710003087998565], [73.78310391779134, 36.70235902715098], [73.80906085472297, 36.71671308780836], [73.89756162617547, 36.70286194490811], [73.9052722121287, 36.73598953815249], [73.86976864163874, 36.78220721306157], [73.72451350203814, 36.83399445042661], [73.71906642423697, 36.857200015270244], [73.68143033904815, 36.885567713781654], [73.69360797686844, 36.91355483565334], [73.81806709871788, 36.885650216191976], [73.87877128780333, 36.89440203833214], [74.05578896009307, 36.80641439599592], [74.09268321185434, 36.83858701427282], [74.14272805761476, 36.840101529271536], [74.16909912428433, 36.90254175365429], [74.26137478835936, 36.886566081116676], [74.4299098687144, 36.990033161534924], [74.53220938771979, 36.986846555073996], [74.55446210884725, 36.95362461300394], [74.57869093520448, 36.94859374759445], [74.58184019412238, 37.043439823498225], [74.69391502507158, 37.07784976220531], [74.71293243719415, 37.07431447434434], [74.72824336310725, 37.02598763302499], [74.75003272466415, 37.011729233073225], [74.7788624810902, 37.029786896716075], [74.84006411501107, 37.02229827781652], [74.84604631491564, 36.989938119808265], [74.92217078920933, 36.90608746889622], [74.94134030127924, 36.934723978758335], [75.01874122773125, 36.97637072226693], [75.0959607335554, 36.94278998567051], [75.15108451754315, 36.9670976347241], [75.2089626799405, 37.03680643280549], [75.3328899552329, 37.055277319588775], [75.34493034733916, 37.05137219528613], [75.3546600070618, 36.97780944278453], [75.3762779757666, 36.96045084399051], [75.41350169006775, 36.96750698475192], [75.4259198201121, 36.95575254041534], [75.41418994777146, 36.891891612916744], [75.44403915591242, 36.887237595292085], [75.47421085604631, 36.81075209248523], [75.61647857046003, 36.76159959860091], [75.76936460673662, 36.57333113243786], [75.92336175852977, 36.50244773292439], [76.07728845214113, 36.47427396688989], [76.17313488338344, 36.3903019528275], [76.25476112729723, 36.34779368093226], [76.35240797193914, 36.35987386355635], [76.43200397292794, 36.30816098136901], [76.45003657532465, 36.269405411465534], [76.4332462331881, 36.25116297418248], [76.56297323629316, 36.17306528864739], [76.60116467338791, 36.1655488668669], [76.64444939481147, 36.18402994389266], [76.70373604945054, 36.128860396440274], [76.71962765423177, 36.08320849216379], [76.80185287164821, 36.04785860068624], [76.80776329863635, 36.01866253550992], [76.76970192291488, 36.00943779011362], [76.72277072589054, 35.95343050755447], [76.81179214198399, 35.84480391456219], [76.93522436197559, 35.78405692019447], [77.02066374527952, 35.7746434461102], [77.1156679557306, 35.79777960669516], [77.16422570345063, 35.76674017753006], [77.16728194590064, 35.73457941089397], [77.22101771206731, 35.72823655193455], [77.22818653363335, 35.71248514222447], [77.27754629265208, 35.720404925277926], [77.31520373187841, 35.69912593983027], [77.32759901391155, 35.71909013606799], [77.35843770635617, 35.71772001281085], [77.40160531878246, 35.66253273540099], [77.43104467173883, 35.65458162645332], [77.4271368574766, 35.61054454865446], [77.45685049109927, 35.59360844959893], [77.46061315290842, 35.54770755386521], [77.48659671682391, 35.53200852675968], [77.43528955897237, 35.51738673064564], [77.38389261247478, 35.54921625339562], [77.34539457271688, 35.54682259166911], [77.32043807993703, 35.53397117303973], [77.34868899680218, 35.493694953126564], [77.4396284034544, 35.46154317393044], [77.51246350394764, 35.48861856035288], [77.61411379511549, 35.46963708648082], [77.64605204292404, 35.48909107488773], [77.67872293667347, 35.470529037034616], [77.72545789081356, 35.47709161505489], [77.73359064719516, 35.524548272882015], [77.7728058048073, 35.49535081538929], [77.81848241463469, 35.51293962923477], [77.90128117827648, 35.46805377845882], [77.92532134322586, 35.493540681984804], [77.95094841778818, 35.47502146916417], [77.91351569700002, 35.44091451500003], [77.95837094200002, 35.481784527999984]]]}, "properties": {"pc11_s_id": "01", "s_name": "Jammu and Kashmir"}}, {"type": "Feature", "geometry": {"type": "Polygon", "coordinates": [[[76.76987099700007, 33.250767516000025], [76.8415758310001, 33.24056228900003], [76.81362713600008, 33.159685194000126], [76.84830540400002, 33.11874243800002], [76.88404065200011, 33.1197997510001], [76.90858027799997, 33.09410803600013], [76.93255015500013, 33.03345027400011], [77.01442431500011, 32.99225819300007], [77.04773413100007, 33.00226322200011], [77.08766283600012, 32.97682881200011], [77.14974121300017, 32.98338300100008], [77.16607126600005, 32.955134350000016], [77.16463676100011, 32.91333149600007], [77.19372306200002, 32.92962329500007], [77.24509419900002, 32.8941321300001], [77.25588525299999, 32.862436252000094], [77.27517716800016, 32.871939480000094], [77.32043311300009, 32.8525133320001], [77.33853654800006, 32.81771215600003], [77.3710464590001, 32.82403525300006], [77.37474617400005, 32.85728645200006], [77.40671337800003, 32.88497405400006], [77.4722441570001, 32.86052900500003], [77.50507685500011, 32.888390655000045], [77.52664480400013, 32.883971026000026], [77.59238376500001, 32.92056652900006], [77.6047392730001, 32.93988355700009], [77.6717204460001, 32.956607204000115], [77.68412073800008, 32.98089377100009], [77.73570091100005, 32.96509462000008], [77.80863421500003, 32.90299822700005], [77.78570974800004, 32.88593822800008], [77.78429091900007, 32.86478653800005], [77.86866088100005, 32.83145449800003], [77.89399522100013, 32.78505356200004], [77.93584281800014, 32.767692864000054], [77.92079550200008, 32.70287070000009], [77.99802993100003, 32.63896952500003], [77.985232853, 32.62059756000004], [78.00287853700011, 32.59284469200006], [78.0580913660001, 32.595403849000064], [78.05278822699998, 32.633758960000115], [78.085745537, 32.62485918700005], [78.111065055, 32.65859889800005], [78.14155837300007, 32.64032798500008], [78.16836690800008, 32.67560397000009], [78.23288135299998, 32.666472114], [78.25951123900005, 32.693547953000106], [78.31561411600013, 32.70786218500008], [78.31049776900002, 32.735341974000036], [78.38465929400002, 32.754345210000025], [78.379019279, 32.66372924200007], [78.40232442500005, 32.621174617000094], [78.31478263900009, 32.57672957700002], [78.315245441, 32.529060447000084], [78.29565873100015, 32.50442338100006], [78.32814786599997, 32.47788931600011], [78.40109139900008, 32.52951107000006], [78.45356824600009, 32.50540123300006], [78.45785831100004, 32.45528063300005], [78.49356638100011, 32.42574439700004], [78.53108472100011, 32.41927541900001], [78.48085145700011, 32.35220456700006], [78.47832152799995, 32.28235330500009], [78.45205974800015, 32.24693554900007], [78.55481022100003, 32.24987435800004], [78.60865030300012, 32.22012671800003], [78.6118994840001, 32.17599875999999], [78.59780772499997, 32.155059565000045], [78.6168190250001, 32.11264537600005], [78.65934976699997, 32.10635542400009], [78.74859943700002, 32.005600614000045], [78.79061348000013, 31.995785824000023], [78.74169816100002, 31.88381732400003], [78.739635739, 31.83220845799999], [78.71243398100013, 31.813962141000008], [78.70925435599995, 31.791033853000062], [78.71552962700002, 31.770835347000027], [78.74316597400005, 31.758620163999996], [78.72519203600014, 31.73782278800006], [78.75207246700015, 31.684558068000058], [78.79730484900008, 31.683717770000076], [78.80084782800004, 31.651185342000044], [78.85044255799997, 31.612265769000004], [78.82201282800011, 31.570780180000014], [78.72769249599999, 31.51968058700001], [78.72623002900013, 31.479382166000015], [78.76395542600014, 31.481999712000054], [78.80523213300008, 31.44677456300007], [78.8088274910001, 31.417803339999995], [78.79120635200016, 31.39326082700007], [78.83842983400008, 31.374126265000047], [78.84077421400008, 31.323384410000067], [78.87607748400013, 31.293436407000087], [78.887383581, 31.260269222000115], [78.91985227050013, 31.248657541500148], [78.92883631800002, 31.215452078000073], [78.98531816100011, 31.176241032000075], [79.00875066349998, 31.113375383000164], [78.89501227500006, 31.095406835999984], [78.83462939400005, 31.13843067900015], [78.80903433299999, 31.19669064000019], [78.66359751150029, 31.187581070999993], [78.64917110200004, 31.21508710950003], [78.61585097600012, 31.229259665000054], [78.58311887600009, 31.227194227000133], [78.55498604600001, 31.199657060000142], [78.48924715200013, 31.19685913400001], [78.46277025100021, 31.2373025360001], [78.4378799200001, 31.2532271940001], [78.41617657800008, 31.241066716999978], [78.39973670200008, 31.274968234000045], [78.3746311910002, 31.284411375000133], [78.3172979770002, 31.281545181000038], [78.31251333300017, 31.258963180000055], [78.28795966400021, 31.264024536000147], [78.25202532900008, 31.227000789000027], [78.20675584900009, 31.21384892000012], [78.16721173600016, 31.223687226999953], [78.1066083040001, 31.183397463000052], [78.04863269000023, 31.179642545000053], [78.03283801299997, 31.148818646000077], [77.97230311200009, 31.175361026000093], [77.9041239370001, 31.15189270100014], [77.8562481390002, 31.078713356000055], [77.812642154, 31.061409072000036], [77.83182689700018, 31.002773792000117], [77.80403698900015, 30.96446542300011], [77.82155962700003, 30.94615581800022], [77.7746121600002, 30.972682505000005], [77.7488244310001, 30.959706355000073], [77.75676510500004, 30.91780260100021], [77.80166563700006, 30.91666039400003], [77.798409305, 30.851535165000122], [77.75511087700004, 30.876365348000046], [77.74307728000011, 30.846471270000087], [77.7553221860002, 30.82514706800008], [77.70356611500006, 30.766518353000084], [77.70660331100018, 30.74565385500001], [77.7555989680001, 30.706604589000076], [77.74847949799998, 30.682138686000005], [77.79426708300021, 30.65895205400009], [77.78393189188776, 30.64720330955717], [77.797838081, 30.614989823000172], [77.77243019000024, 30.61613802300005], [77.77033679900013, 30.59686610500021], [77.7450000719741, 30.594621892846853], [77.77829068600019, 30.559490041999982], [77.82034095100009, 30.559437264999968], [77.82881688155555, 30.52956021298179], [77.81860399300008, 30.508426099000086], [77.69865023600019, 30.448616280000152], [77.6580941460002, 30.4492103530001], [77.59440900900016, 30.421672136000023], [77.57462978300018, 30.398591133000053], [77.58870875287144, 30.366194439937978], [77.55065092400017, 30.386909325500234], [77.52482042037533, 30.443681427000314], [77.50338125825026, 30.403627822750213], [77.44908598100032, 30.392208162500168], [77.42151545600024, 30.404888840250234], [77.4666817300003, 30.436171506000132], [77.45681498562944, 30.46050416310695], [77.40582314500037, 30.408020367000145], [77.40483755600017, 30.42804592200017], [77.36535553825034, 30.435068117500276], [77.35132171600027, 30.457830473000126], [77.31215769200034, 30.450423301000097], [77.24527499100033, 30.484995822000172], [77.21765010200036, 30.471913131000218], [77.19989778750026, 30.518630001000325], [77.14873728950037, 30.53451105300018], [77.12922678350033, 30.556501274750204], [77.13677915675005, 30.586780257949165], [77.17105713650007, 30.60930521350016], [77.15535602350045, 30.696039826500044], [77.07751549900038, 30.746222623000175], [77.01329884700016, 30.742746468000327], [77.01522829500028, 30.764427043500287], [76.99628434400032, 30.771471915000138], [77.00962848950027, 30.80421046800026], [76.96440222500044, 30.810267364000122], [76.91243298350038, 30.90228832900024], [76.87045799200027, 30.870390405000126], [76.84251642900021, 30.8869439120002], [76.82434213733366, 30.927578335000195], [76.77691719584003, 30.90050447965458], [76.71180732700029, 30.970202841000095], [76.62212833613239, 30.995314324319413], [76.60727175005219, 31.071533514678396], [76.63167706650022, 31.109021596000176], [76.59798540297501, 31.127251980018645], [76.60447195709756, 31.17469381064637], [76.59386955687516, 31.178792669380307], [76.64463233297084, 31.20827937099271], [76.6462973020951, 31.223181972011083], [76.59614176617046, 31.21727550805511], [76.61312001599171, 31.24744790929206], [76.58621515915675, 31.27213903516981], [76.54493988884012, 31.249973362042716], [76.53932436916774, 31.27903992620158], [76.52241187545948, 31.252706617359195], [76.52164809991525, 31.272865650898108], [76.49498267800986, 31.261205092146472], [76.48297269797148, 31.294585075896265], [76.46182243859728, 31.28703671693509], [76.4364965368442, 31.306182622950796], [76.37670828596391, 31.434239202823445], [76.37254828868775, 31.404667681687904], [76.32845103448446, 31.38894442462179], [76.35682474950961, 31.347217948535967], [76.3045581551784, 31.34267823555106], [76.31576645762607, 31.321220050485344], [76.27760420093729, 31.30063797699776], [76.17909279819641, 31.300291696869987], [76.1739494569388, 31.33666654302807], [76.14139789483629, 31.359856058219894], [76.16356359382527, 31.394896383714844], [76.15895116200603, 31.42196955943486], [76.1331115819734, 31.44629696901713], [76.054067421965, 31.603427642941796], [76.01575762999872, 31.62868705109776], [75.97181721792138, 31.752106982095786], [75.93291467782265, 31.812423334975005], [75.97754506665083, 31.815309179860463], [75.90950394158268, 31.95026057458532], [75.78474707352386, 31.998922553851173], [75.74744587855177, 32.041373628119075], [75.71874677809389, 32.03593672407672], [75.6682326097517, 32.07495914602132], [75.59809934895888, 32.07158939893791], [75.63274662298859, 32.10950709424541], [75.62603791946353, 32.12204962538843], [75.67154790103018, 32.16034036333955], [75.66550800155113, 32.19491076502077], [75.62448599304842, 32.19556705520599], [75.63671797113493, 32.23045468611081], [75.61389527600427, 32.23899212879349], [75.7750248470407, 32.288153357430694], [75.81625777653208, 32.330116739984206], [75.81123098995354, 32.34530544280741], [75.84417296012184, 32.35415081916713], [75.8562379359104, 32.38392226296234], [75.93708450598932, 32.400225603053805], [75.9210571949889, 32.43715324948642], [75.83952147266174, 32.5204886957678], [75.87194837900014, 32.547777575666785], [75.87799496450018, 32.58656442550006], [75.91778132700013, 32.615336095000096], [75.91902789600006, 32.63434613800012], [75.93239892100016, 32.63238893400009], [75.93388474150004, 32.64720412950009], [75.88616564, 32.65129278700003], [75.92296240499999, 32.74478999300008], [75.8830172760001, 32.78450704000002], [75.88113904600013, 32.80927737900006], [75.79836404100013, 32.88301307000008], [75.842959163, 32.929086660000074], [75.90333760100009, 32.913832180000014], [75.95659763999997, 32.87479098100004], [76.09548956200015, 32.96885202500002], [76.10689011500001, 33.005928050000115], [76.2403254290001, 33.01971834300017], [76.27250736600017, 33.03660523400012], [76.29131230000027, 33.05893449800006], [76.28349851700008, 33.103613146000015], [76.40578141300004, 33.18609341700005], [76.48003232500015, 33.179750733999995], [76.559943658, 33.208125664000114], [76.59525451600005, 33.20525892000006], [76.6116573810001, 33.17386764300004], [76.64285472799997, 33.1613658680001], [76.73682476499998, 33.17903091900012], [76.77014471500016, 33.2214266940001], [76.76987099700007, 33.250767516000025]]]}, "properties": {"pc11_s_id": "02", "s_name": "Himachal Pradesh"}}, {"type": "Feature", "geometry": {"type": "Polygon", "coordinates": [[[75.8387550621851, 32.52155704674283], [75.9209971829314, 32.43724623897271], [75.93549739018124, 32.39591020331585], [75.85623793582081, 32.38392226292473], [75.84417296040263, 32.354150819027645], [75.81123098990703, 32.34530544261463], [75.81625093182376, 32.329988705736696], [75.77494108302679, 32.288098562435266], [75.61396695587257, 32.23907941801712], [75.6367568422167, 32.23033484931029], [75.62448599309641, 32.195567055411736], [75.66547798309243, 32.194958822164324], [75.67154790067734, 32.160340363553466], [75.62602433112032, 32.12203903980629], [75.63266462743294, 32.10932473768298], [75.59809934891761, 32.071589398875695], [75.66823260987617, 32.07495914586718], [75.71874677827032, 32.035936724119935], [75.74743454090027, 32.041381127156605], [75.78470945940302, 31.998935196821268], [75.90950394158271, 31.95026057458528], [75.97754506658062, 31.81530917979425], [75.93291467780466, 31.812423335160414], [75.97181721796458, 31.75210698200195], [76.01590135090157, 31.628348203039927], [76.05406742185659, 31.60342764301174], [76.13311158180929, 31.446296968959356], [76.15895116184193, 31.421969559377086], [76.16356359395995, 31.394896383790385], [76.14139789467237, 31.359856058439764], [76.1739494568772, 31.336666543055916], [76.17909279818471, 31.300291696817098], [76.27760420087435, 31.30063797699523], [76.31573316207907, 31.32110908714332], [76.3046312644233, 31.342800270987528], [76.35673537207096, 31.347149964185686], [76.32843255705949, 31.388877676167784], [76.37264356884772, 31.40472957907872], [76.37659957860963, 31.434299716030914], [76.43649653668783, 31.306182622901638], [76.46193370517851, 31.286986624405014], [76.48297269794283, 31.29458507579204], [76.49485246697887, 31.261254740265468], [76.52164810004558, 31.272865650840334], [76.52251000314523, 31.252668654586316], [76.53932436933529, 31.279039926403065], [76.5448018478194, 31.249971792907896], [76.58621515931328, 31.27213903533959], [76.61306839310312, 31.247798465978008], [76.59614176634066, 31.21727550810969], [76.64629730218982, 31.223181972021788], [76.64463233316353, 31.208279371073846], [76.59377781000012, 31.178617007000067], [76.6045012742932, 31.174625239990153], [76.59798540294511, 31.127251979976325], [76.63167126900008, 31.109060122000123], [76.60727175017692, 31.07153351491745], [76.62194460112416, 30.995449734937555], [76.71180732700014, 30.970202841000052], [76.77467172800013, 30.91076041900014], [76.78803952027982, 30.867816462054456], [76.8575746107519, 30.821794161765517], [76.86548956566311, 30.79913688855094], [76.84361667843918, 30.756566146704703], [76.81218916087323, 30.75980084622654], [76.81767995543785, 30.7821580012851], [76.78491105317471, 30.77247112383781], [76.79317881392328, 30.780256660910535], [76.77073521602951, 30.796319923220253], [76.70871825500008, 30.74252654600003], [76.78106073100011, 30.668490163999998], [76.829400273, 30.678661297000012], [76.83216910200004, 30.660641737000052], [76.85519236800012, 30.65461535100005], [76.87962848700012, 30.685801218000044], [76.87492502400006, 30.64042560799998], [76.92951887299999, 30.603916672], [76.91414626500011, 30.593035832999973], [76.91058828300007, 30.54378844800001], [76.88916506900013, 30.54769984299999], [76.92935866500007, 30.518967157000024], [76.93153191000002, 30.495521914000026], [76.90024222100006, 30.483660135000015], [76.91402837800013, 30.46280372199999], [76.90015719200012, 30.433078703999985], [76.91582960900013, 30.420910377000013], [76.91143266700011, 30.394831349000054], [76.94183708600002, 30.380862257000032], [76.89534753500007, 30.35105460800003], [76.84557455900014, 30.428955711999997], [76.82192782100009, 30.40442189199999], [76.78767546600012, 30.407298423999965], [76.77860714900005, 30.432082155999954], [76.74093393400001, 30.411272591999985], [76.71573218000007, 30.373633569000027], [76.73194423500014, 30.368749584000046], [76.72264672700011, 30.351110123000005], [76.74561795900006, 30.354450005000036], [76.74919449800014, 30.342066551000027], [76.68991753300014, 30.31317091799999], [76.68117741100014, 30.29044318900003], [76.63539510400008, 30.277019070000158], [76.62748100300013, 30.257617709000087], [76.55815082100011, 30.24840404199998], [76.54680754300018, 30.21659850000014], [76.60262929700019, 30.24320506499996], [76.62409213100021, 30.220949521000076], [76.61699473400014, 30.204908560999957], [76.65215487900026, 30.197741365999978], [76.6538877570001, 30.18037246599994], [76.63442464600026, 30.166001119000033], [76.63732754600011, 30.19212284600006], [76.6123967000002, 30.196445126000018], [76.64246441200022, 30.14651016200001], [76.54419736000014, 30.07480968500016], [76.51204528200013, 30.069527845999946], [76.50435777100009, 30.089815001000034], [76.46597074200015, 30.101687524000045], [76.46445568700011, 30.13073818300012], [76.4453579670002, 30.133621743999964], [76.44648654700015, 30.16754183899997], [76.42556220800019, 30.195359220000054], [76.39328370400021, 30.173776030000113], [76.41263343000018, 30.147577254999927], [76.40181794700014, 30.116276671000033], [76.36830513500017, 30.11957047500016], [76.35171334100013, 30.145728193000057], [76.33717357300006, 30.135544729], [76.3610800290001, 30.119357022000084], [76.32696379000022, 30.09601463400007], [76.20285235000013, 30.146872118000026], [76.21962294900014, 30.12570501800005], [76.19518953700018, 30.120023063000126], [76.26557662600015, 30.095473285999955], [76.21473883900015, 30.028093794000135], [76.23130209400004, 30.013782061000008], [76.20343884900008, 29.992503689999975], [76.21216453600013, 29.94687425799996], [76.18155858800007, 29.953172306000056], [76.17372261800008, 29.933287271000022], [76.19183779500014, 29.89663111500003], [76.24199453600012, 29.887015283999954], [76.2527910410001, 29.858932168], [76.22142579600009, 29.844338969999942], [76.2016646980001, 29.85460808999998], [76.18211668700015, 29.825616506], [76.14967179799999, 29.824574746000046], [76.13181332300003, 29.79980476499995], [76.10541526700005, 29.817344111000057], [76.05665584000015, 29.746988278], [76.04104023700005, 29.76234532800002], [75.99620988299998, 29.731789542000023], [75.92121175300014, 29.739688174999948], [75.92416348300011, 29.757786711000048], [75.8823643120001, 29.75569837500001], [75.84896830000012, 29.818249960000045], [75.81060753600013, 29.812048241000014], [75.79260752200001, 29.826982461000043], [75.7609761180001, 29.811220881000036], [75.7293703850001, 29.81611027900002], [75.71019141600013, 29.754343010000042], [75.6784502450001, 29.77887326000002], [75.64994754200008, 29.77816358400001], [75.62565514900015, 29.747426830000048], [75.57974154400007, 29.741571563999994], [75.56683451900008, 29.77212915200005], [75.54009289800001, 29.775301808000012], [75.52422078800001, 29.758314680000034], [75.52233197499996, 29.776179304999964], [75.45828763300014, 29.80866622200005], [75.45518366099999, 29.784349017000025], [75.40324163700019, 29.762934020999968], [75.38592821912553, 29.729653511345536], [75.39387417313053, 29.711826936273436], [75.37248919256923, 29.715834460902027], [75.34722622636599, 29.68976033689368], [75.36075405700016, 29.664352767000082], [75.33321000000014, 29.67384324500009], [75.31754203900023, 29.63280335900003], [75.29461131300026, 29.62374930300007], [75.29023167000018, 29.606545524000108], [75.31830412900023, 29.588773625000034], [75.3061382290001, 29.560148517], [75.23949441800022, 29.544954248000124], [75.22437963000017, 29.58437207600018], [75.23289419100026, 29.60545383300011], [75.1873597930002, 29.630575514000082], [75.17166310900015, 29.673665009000086], [75.20606838500007, 29.693035761000022], [75.20263421900013, 29.737769166000064], [75.22583804300014, 29.73507450700004], [75.2387695810002, 29.75757489699993], [75.20624876700006, 29.80152612800009], [75.20919828500021, 29.831908919999986], [75.18808649900011, 29.844895882000102], [75.16453595200011, 29.830044183999973], [75.160790586, 29.78267185999999], [75.13981459700013, 29.789170754000008], [75.13429686200011, 29.810370194999994], [75.10208513700015, 29.806220334000002], [75.1150615670001, 29.835628651000004], [75.09357919600015, 29.855238844000034], [75.1155498580001, 29.873458338000017], [75.11743224100015, 29.89746233099997], [75.09623276300006, 29.91424385299999], [75.07632033200017, 29.876660332000007], [75.00302803000005, 29.868349162000055], [74.95402567900003, 29.903220889000018], [74.92804325000007, 29.953259032000037], [74.9034079020001, 29.944684830999993], [74.91004438000013, 29.957286739999958], [74.89499571000005, 29.97060316199998], [74.861987635, 29.96351173000005], [74.82300267199997, 29.992026217999992], [74.74293021400003, 29.97148352999999], [74.70813323400021, 29.98707958999989], [74.66035576900028, 29.94103280299998], [74.66551697600019, 29.92586318100028], [74.60541318500019, 29.913685390000236], [74.5320782210001, 29.949477333000043], [73.89399596800031, 29.97472192200024], [73.88666635300021, 30.00935386899999], [73.90086753600025, 30.04670227900015], [73.97670434200022, 30.12743864000014], [73.95970978700015, 30.27270500499999], [73.93158824900013, 30.319673622999968], [73.88154584200011, 30.36031409600002], [73.9739184390001, 30.442400738], [73.92846885000013, 30.438029684000004], [73.93467823400009, 30.489014302999998], [73.96381908200007, 30.45589021899995], [73.96372690000008, 30.48435841700006], [73.98537997500013, 30.508075540999993], [74.02066545600013, 30.513649417000035], [74.01161655200015, 30.534689781000004], [74.03239599300002, 30.526659556000027], [74.04100458000008, 30.54198442600005], [74.05836820500012, 30.517848546000018], [74.07451559499998, 30.525297210000016], [74.09680692800008, 30.54919193299999], [74.07355715100009, 30.554431662000006], [74.10205273600015, 30.578619899000017], [74.09774035700012, 30.61287964299997], [74.11829724000015, 30.607569228999967], [74.12929690700005, 30.632643721000033], [74.14899341900012, 30.629935567000047], [74.19348215100008, 30.662732649000038], [74.23201907699999, 30.724311900000004], [74.283129536, 30.731926429000048], [74.26183197700007, 30.77605176599996], [74.3036508600001, 30.779800792000003], [74.29778688400013, 30.804493989999962], [74.32195567100004, 30.805979075000003], [74.31192562800007, 30.818341233000027], [74.33564040900008, 30.857811469999977], [74.36079438899996, 30.84644678600006], [74.38479642500012, 30.858619188000016], [74.36374280200012, 30.873093164000068], [74.3682725520001, 30.891569011000033], [74.424777964, 30.906570597999952], [74.41177285700016, 30.921226683999972], [74.42829753500015, 30.928244345000014], [74.418878312, 30.937464929999983], [74.54388758300013, 30.992742481999993], [74.54858193400014, 31.030842996000032], [74.5691531090001, 31.054463407000046], [74.59687571900007, 31.03657399900002], [74.6995527500001, 31.071766369999956], [74.6882987800001, 31.127832281000003], [74.65725100600017, 31.13413327299999], [74.63739959700015, 31.118228712000054], [74.63095358100007, 31.132397832000017], [74.60312120100008, 31.13268664400002], [74.60905376300013, 31.09887548699997], [74.57123056700013, 31.083404611000034], [74.55274832000008, 31.087562209000044], [74.54809134600005, 31.12186015999996], [74.50998184199997, 31.132056423000012], [74.52009611700008, 31.228502100000036], [74.53707893700006, 31.25147937499995], [74.5246188920001, 31.269076569999957], [74.54283761000012, 31.304866442000037], [74.52703866100003, 31.310176073999976], [74.55093678800012, 31.33465239300002], [74.55208697799998, 31.36388426999999], [74.58570515600015, 31.381097352000012], [74.60230613200005, 31.420042931999983], [74.62636068600011, 31.43059027900004], [74.64409191600011, 31.414821854], [74.6585909410001, 31.426623838000037], [74.63814344700006, 31.485763414000026], [74.61256018900009, 31.499074651999972], [74.59021909300006, 31.494972258], [74.57774235300015, 31.499260162000045], [74.58583647600008, 31.519710957999994], [74.61420668499998, 31.526302934999986], [74.61567508600007, 31.569552105000056], [74.55517580700011, 31.607638681000008], [74.53696076800006, 31.678190810999965], [74.50596636800009, 31.695243395999942], [74.49745689500007, 31.720654432000053], [74.5636644550001, 31.762626517999973], [74.56370774200012, 31.80395976300006], [74.60896924300008, 31.88815278200006], [74.63700874600006, 31.883066667999962], [74.66409052000012, 31.92077308799999], [74.7202930590001, 31.92277389299998], [74.71895467300003, 31.941034332000065], [74.75047938099999, 31.94060893900004], [74.75599113900005, 31.955944669000072], [74.81830425600008, 31.957854841000024], [74.84856853600002, 32.02079373300005], [74.88100342500006, 32.029549288999995], [74.86962489000015, 32.041769470999995], [74.87901097100014, 32.05390047699999], [74.93221443300014, 32.06517998200005], [75.00851266200009, 32.03378450800003], [75.06689521700005, 32.06703398999998], [75.1042518530001, 32.058257955000016], [75.1217115730001, 32.08127972599997], [75.17413824900012, 32.06744798600003], [75.19873449900005, 32.08480861500001], [75.20297546700013, 32.120460457000036], [75.23425080399997, 32.10263435000001], [75.23011493400007, 32.089557436999996], [75.25906376600007, 32.09606964400005], [75.28534355700012, 32.14986006800003], [75.32386243400005, 32.17656835300001], [75.3159037858932, 32.20804849427899], [75.36789622389398, 32.216977703694496], [75.37722357576973, 32.26272475837731], [75.32095072275985, 32.29711172626167], [75.33672329810395, 32.34525404067788], [75.42319788643555, 32.313455756014726], [75.48113433234585, 32.34460811430949], [75.47372591428177, 32.319572118994635], [75.50131469457975, 32.31119920231776], [75.4940921277118, 32.29175990663083], [75.51909413944527, 32.27984142897518], [75.52891585224708, 32.3358594581839], [75.5463563372375, 32.3540510488533], [75.58543476786247, 32.377949937775725], [75.72683345508862, 32.413662313287645], [75.73462263801305, 32.44395877689857], [75.74839854124845, 32.442430614703646], [75.73604499676792, 32.465243513799564], [75.8227333602452, 32.49700376433469], [75.8387550621851, 32.52155704674283]]]}, "properties": {"pc11_s_id": "03", "s_name": "Punjab"}}, {"type": "Feature", "geometry": {"type": "Polygon", "coordinates": [[[76.79191045757861, 30.771149778848493], [76.8236493010437, 30.778486810139214], [76.80703693498235, 30.76586673661928], [76.819411627995, 30.754036082822438], [76.83331723016387, 30.765289473857095], [76.834767551536, 30.7390043577838], [76.85204220765014, 30.731538578889698], [76.81004769773944, 30.664849655288922], [76.7548509335505, 30.682565853830226], [76.70871825526527, 30.74252654614437], [76.76978910809133, 30.79609420779094], [76.79191045757861, 30.771149778848493]]]}, "properties": {"pc11_s_id": "04", "s_name": "Chandigarh"}}, {"type": "Feature", "geometry": {"type": "Polygon", "coordinates": [[[79.14431024100003, 31.43389348900012], [79.26647889800013, 31.28472918900007], [79.24049106700008, 31.265342428000054], [79.23940331699997, 31.242898937000074], [79.26626855200004, 31.23887119300006], [79.28981242100012, 31.211043307000086], [79.302662284, 31.140057935000076], [79.39263991899998, 31.109005442000104], [79.39061712600012, 31.080189669000102], [79.41908815600003, 31.07652750000005], [79.42196759000007, 31.038862596000083], [79.5166433230001, 31.037597151000096], [79.53398177000001, 30.99266655100008], [79.55291757300002, 30.99011755300012], [79.54542754900015, 30.973526708000065], [79.60282914099996, 30.94178393400009], [79.66555326000007, 30.96778047400006], [79.670037515, 30.98268737400014], [79.72063808900002, 30.979712284000094], [79.75772476800002, 31.002422834000054], [79.82019872800004, 30.972887611000033], [79.86960686899997, 30.972921070000048], [79.889505881, 30.925079395000132], [79.92929951199999, 30.88719078700013], [80.05836151500004, 30.83816133900008], [80.09760085349674, 30.778834088422613], [80.14847033144076, 30.776426852417504], [80.15817168797318, 30.799206361484543], [80.20718672248941, 30.74107907673822], [80.23151074972145, 30.75404595076021], [80.24375324321775, 30.705464950647166], [80.1925911123902, 30.65857267139185], [80.23031554532626, 30.576457795790812], [80.25761643105366, 30.559981623253485], [80.28387169302432, 30.571934761680097], [80.31441536857461, 30.562280567394495], [80.38612812061642, 30.518891748255772], [80.41305584345257, 30.524465498084474], [80.54023461543528, 30.45032234709879], [80.59529786050807, 30.480478870803474], [80.75220175950368, 30.391877894849184], [80.81336362752951, 30.312829159738097], [81.03063612056063, 30.238301294069636], [81.03804246388867, 30.195801408008727], [81.0239296755143, 30.18866720672646], [80.95005444245868, 30.174014271141925], [80.91161741371279, 30.211279091157284], [80.86589897995411, 30.16793816181691], [80.88304573467303, 30.125251105254502], [80.84642481665207, 30.11727655766716], [80.76119427669465, 30.043876340221054], [80.74668397898256, 30.002434634251163], [80.71687115547961, 29.99771506769644], [80.67300833156936, 29.945089614894016], [80.61038269460583, 29.964982256126405], [80.56531685658787, 29.905054197693293], [80.54906585810302, 29.842132381604358], [80.51897184177724, 29.840148666028288], [80.49199499976962, 29.794307999115066], [80.44532086906312, 29.80706381933995], [80.41123392400651, 29.790787132620267], [80.36024110854042, 29.74304267467991], [80.39059968562722, 29.659025152888674], [80.41160545912481, 29.64117751333175], [80.41200388846883, 29.592831397251373], [80.35647196530921, 29.54964093707977], [80.32345044528203, 29.488953084617364], [80.28821929548432, 29.478937234266134], [80.30414829260974, 29.452683566793336], [80.2439457610881, 29.442189852679768], [80.24480197323258, 29.409104863898516], [80.27868104359538, 29.390418172161148], [80.28249825700013, 29.346843816000057], [80.31968115905845, 29.314704230216204], [80.29171243767902, 29.229604868969705], [80.29810976325506, 29.201249627968195], [80.28719051872757, 29.19177186268156], [80.253419954, 29.22043399100005], [80.24456286800007, 29.203385514000058], [80.27303041400013, 29.13808317500015], [80.23434533100021, 29.115039925000108], [80.190347336, 29.13465908500008], [80.14775092900013, 29.099852542000182], [80.13024287760692, 29.058048686397964], [80.12483587800011, 29.012299897999938], [80.13576831500023, 29.007497828000073], [80.11794628700001, 28.982876570000027], [80.10222486300005, 28.98578398100007], [80.05885038300009, 28.904169635000088], [80.05899300500016, 28.828455191000124], [80.04623070600016, 28.812267509000122], [80.05855115900002, 28.77650328900021], [80.03604671200006, 28.7491956220002], [79.95752523962484, 28.72290393794188], [79.92426037200013, 28.773925662000188], [79.9357105630001, 28.789978043000097], [79.90279980800013, 28.78525787700017], [79.87338991077945, 28.80055470100995], [79.8760664672235, 28.81670330657844], [79.91102191000007, 28.806873744666817], [79.8818929968412, 28.837222017945763], [79.85875802809959, 28.840816015765114], [79.84880587997212, 28.799613904014976], [79.80948599104651, 28.799059227600665], [79.84469716478857, 28.835952434688927], [79.83057983604806, 28.84816829088379], [79.84198390895789, 28.861652915012748], [79.81074670060023, 28.889554023900033], [79.70380909200433, 28.839707445585816], [79.65750880207254, 28.867092671797412], [79.57318138870836, 28.844804096639276], [79.57102940117157, 28.876931204778167], [79.53951863104513, 28.8949469831544], [79.50672723089453, 28.859750386918037], [79.42163552289051, 28.854842554785254], [79.41238692382943, 28.91726689501306], [79.38298588184833, 28.93044241802105], [79.36856172898536, 28.970731594072152], [79.35926249431728, 28.953270308219636], [79.30238158901, 28.960568570221223], [79.2107027351358, 29.02522867906523], [79.16423186230543, 29.019519645509906], [79.17325127675034, 29.047749181250282], [79.14229853996166, 29.071413113706246], [79.15353520002257, 29.114995684201173], [79.12993494998479, 29.13134435401492], [79.1126723220177, 29.12749937342456], [79.03666795867711, 29.168920910989105], [79.03653741076828, 29.14439984297008], [79.01990804483032, 29.155529887873843], [79.01295569281285, 29.13312133387098], [79.03993873212191, 29.128580432135465], [79.03038527761461, 29.118499502212813], [79.00292794081804, 29.124246349672767], [78.97747110100288, 29.159048875801474], [78.95984294197473, 29.134193149998744], [78.91858803987685, 29.130649435081057], [78.91376087801586, 29.171257839594666], [78.87803937905369, 29.21527968110329], [78.87695203622724, 29.239362246992773], [78.8588881222475, 29.251133858035505], [78.81247502910004, 29.242522383425484], [78.72602301158832, 29.29417613360563], [78.76257448710608, 29.33390019318516], [78.80701608530633, 29.32417076276801], [78.81912382190188, 29.38825184201246], [78.83452958299999, 29.37818364000009], [78.8425024710001, 29.415614847000082], [78.90058638900005, 29.44182984500001], [78.79557251000013, 29.465170834000087], [78.75087523399996, 29.49563401700006], [78.70174951100003, 29.49669555000005], [78.60125756600007, 29.561857598000074], [78.52913640100004, 29.629135262000084], [78.5183389243757, 29.710611279971832], [78.50107667993639, 29.73274189495596], [78.35823119700433, 29.78567876082261], [78.32937677298017, 29.7596468029397], [78.30562584159001, 29.771673298971102], [78.25133027199384, 29.73314178904074], [78.19210319840157, 29.734821817057888], [78.20015999404723, 29.71556661607675], [78.16850989700367, 29.669247493944262], [78.12215120000478, 29.65591327954389], [78.09675619606062, 29.62500124815257], [78.03378914601323, 29.610443713001988], [78.01461350743614, 29.577946402551714], [77.97469782206183, 29.57709374994444], [77.94493425077904, 29.599352777027388], [77.99198146999237, 29.607188338018098], [77.9989249104142, 29.63941645392678], [77.97517682051375, 29.652104015097258], [77.98726997974198, 29.671479694977876], [77.9517348550201, 29.685343818965748], [77.96204395900018, 29.716486229750227], [77.82116003340255, 29.6733233103307], [77.8098593669293, 29.708134159841215], [77.77291356110322, 29.720305713109685], [77.78489910477757, 29.738732147417934], [77.77161899510536, 29.749307786106538], [77.77748934289012, 29.78711330595889], [77.74748817790955, 29.84801079396595], [77.72125752732816, 29.864224533159422], [77.74911407998795, 29.906175693663517], [77.74073539890513, 29.927948958119632], [77.76597439407593, 29.951102529964935], [77.75209518303653, 29.972876537555404], [77.78950488181128, 30.009509512913723], [77.77641176962217, 30.041739637593867], [77.80505133056398, 30.08188712899713], [77.83041923783959, 30.077760729768688], [77.8655835399373, 30.111048511120142], [77.94140566900009, 30.221573985000116], [77.71837773700001, 30.317847584000113], [77.65455785600001, 30.383797308000116], [77.581814129, 30.386893294000128], [77.57574234700006, 30.406655151000095], [77.65809414600004, 30.449210353000122], [77.69865023600003, 30.448616280000085], [77.82151188606485, 30.512419716896666], [77.82142759620673, 30.558326710609407], [77.77829068526711, 30.559490042131987], [77.74500007189589, 30.59462189238662], [77.77033679870448, 30.596866104687148], [77.77243019020125, 30.616138023051498], [77.79783808126265, 30.614989822622363], [77.78393650766381, 30.647212398433687], [77.79426708295964, 30.65895205399425], [77.7484794976308, 30.68213868615164], [77.75559812985013, 30.706599498917964], [77.706603311194, 30.74565385514152], [77.70356611538405, 30.766518353239558], [77.7553221854706, 30.82514706848256], [77.74307727999259, 30.846471270333087], [77.75511087716535, 30.87636534848226], [77.79840930544528, 30.8515351648162], [77.8016656372596, 30.916660393662454], [77.7567651054255, 30.91780260100938], [77.74882443080296, 30.959706355264238], [77.77461216042309, 30.97268250489389], [77.82155962657559, 30.946155817637067], [77.80403698941566, 30.964465423640597], [77.83182689679397, 31.002773791777294], [77.81264215421221, 31.0614090720712], [77.85624813894071, 31.07871335653636], [77.90412393700004, 31.151892701000072], [77.97230311199922, 31.17536102639047], [78.03283801316387, 31.14881864596395], [78.04863268999999, 31.179642545000075], [78.10660830343055, 31.183397462622953], [78.167211736, 31.223687227000063], [78.20675584900003, 31.213848920000054], [78.25202532900002, 31.227000789000048], [78.28795966400006, 31.26402453600008], [78.31251333300001, 31.258963180000077], [78.31729797700004, 31.28154518100006], [78.37463119100005, 31.284411375000065], [78.39973670200001, 31.274968234000067], [78.41617657800002, 31.241066717000088], [78.43787992000004, 31.253227194000033], [78.46277025100005, 31.237302536000122], [78.48924715200008, 31.19685913400012], [78.55498604600012, 31.199657060000074], [78.58311887600001, 31.227194227000066], [78.61080590100006, 31.22987374400008], [78.64917110200015, 31.215087109000006], [78.663597511, 31.187581071000103], [78.8090343330001, 31.196690640000035], [78.83462939399999, 31.138430679000084], [78.87845678500011, 31.10364909000003], [78.95480178500003, 31.099741474000098], [79.00881396099996, 31.115040877000055], [78.98531816100005, 31.176241032000096], [78.92309956000003, 31.22427794700009], [78.93706606800001, 31.308794595000045], [78.9559523640001, 31.33161732700005], [79.00950319100006, 31.348927660000125], [79.06866074100003, 31.46824441300007], [79.14431024100003, 31.43389348900012]]]}, "properties": {"pc11_s_id": "05", "s_name": "Uttarakhand"}}, {"type": "Feature", "geometry": {"type": "Polygon", "coordinates": [[[76.84307174400044, 30.886334975000523], [76.87088380200055, 30.87039330300047], [76.91249195400064, 30.902280506000466], [76.96440222500058, 30.810267364000424], [77.00960300300056, 30.80425455800048], [76.99628434400051, 30.771471915000404], [77.01526428600044, 30.764372356000536], [77.01329884700044, 30.74274646800052], [77.07751549900053, 30.74622262300045], [77.15666047700046, 30.694755717000533], [77.1710571365004, 30.60930521350042], [77.13676258600054, 30.586780364000504], [77.1291945700005, 30.556581169000367], [77.14867852400056, 30.534528611000383], [77.19998626000046, 30.51857063200049], [77.21765010200056, 30.47191313100052], [77.24527499100054, 30.48499582200037], [77.31215769200065, 30.4504233010004], [77.35132171600048, 30.4578304730004], [77.36544692900048, 30.434927468000353], [77.40483755600047, 30.428045922000422], [77.40582314500057, 30.408020367000404], [77.45685794388811, 30.46050763782074], [77.46652294900059, 30.435858165000354], [77.42151610600058, 30.404992348500457], [77.44904393500053, 30.39220723200043], [77.5034935120006, 30.40367738100042], [77.52482042050059, 30.443681427000513], [77.55065092400048, 30.386909325500426], [77.5995106960005, 30.355333083000573], [77.58231228400058, 30.302497872000515], [77.53693744200058, 30.264010737000433], [77.47508228500061, 30.171493314000486], [77.43166141400053, 30.145100793000495], [77.40667971300059, 30.099746932000585], [77.41826274800053, 30.093112056000507], [77.2835461040005, 30.02742310100041], [77.2739612150005, 29.975355750000574], [77.20756050200032, 29.901961502000574], [77.18046884000046, 29.81524934800052], [77.13500372100054, 29.7786596210006], [77.12895310400057, 29.703822190000437], [77.14319273100062, 29.68582155700045], [77.09977149400055, 29.578444502000593], [77.12177664900054, 29.530748132000554], [77.09840277100051, 29.515197393000562], [77.13513916400046, 29.472349786000507], [77.13353368300062, 29.441749921000564], [77.15484400000054, 29.428744933000644], [77.14084709200046, 29.38922295200058], [77.16546633600046, 29.38093624100054], [77.13162646000063, 29.345432506000577], [77.13238312200053, 29.322494238000388], [77.1636244980005, 29.300516748000575], [77.14561258500049, 29.253412053000375], [77.15678076800054, 29.223071914000457], [77.13889470200053, 29.206947824000565], [77.1534420260005, 29.16438282600035], [77.13673234700059, 29.088638011000626], [77.16404076600065, 29.07140927600051], [77.1692360940005, 29.031455576000553], [77.20200742400056, 28.996491737000497], [77.20029715200064, 28.946401979000484], [77.21704752900052, 28.931851283000412], [77.21173872700058, 28.908188424000514], [77.23153275700054, 28.896692871000482], [77.19183961700048, 28.876223030000517], [77.20052415363023, 28.85542424134826], [77.17518872900052, 28.856837738000593], [77.15772390000063, 28.8382380000005], [77.14201232400058, 28.840826899000547], [77.13888102200065, 28.862289893000593], [77.07507249100053, 28.88195356500063], [77.03499844900051, 28.834979965000343], [76.98430545500054, 28.84042843700064], [76.94502019500044, 28.81913053100044], [76.95389704800044, 28.738934409000535], [76.94127158100042, 28.716335223000442], [76.95887350900051, 28.70206191000051], [76.94641980700055, 28.67026533425053], [76.92117361200059, 28.659237954000503], [76.93460416900064, 28.626536456000565], [76.88491361700062, 28.63643444900049], [76.8618044490006, 28.592998580000426], [76.83560641800057, 28.581480684000496], [76.88239436400062, 28.5047185680005], [76.9033275010006, 28.517211806000546], [77.0116580340005, 28.51428719900042], [77.01130884500066, 28.539697918500565], [77.0441741330007, 28.515694526000573], [77.09381664700066, 28.51308566500063], [77.11618456400055, 28.493149607000646], [77.10377232100052, 28.47612773600048], [77.11293150700055, 28.44844379200049], [77.15730413500063, 28.429192597000622], [77.1685421100006, 28.403609624000637], [77.25090734500066, 28.42420069900055], [77.2496334075006, 28.45190147700049], [77.23519777600069, 28.458514840000475], [77.24312079100065, 28.478688932000637], [77.29062950600053, 28.498910486000625], [77.3158294117506, 28.483062295000536], [77.34322976100054, 28.5159538300004], [77.37391323900056, 28.501028292000512], [77.38813638200065, 28.47144619900064], [77.43681823800051, 28.45357506200054], [77.44360403300055, 28.427419787000645], [77.48368430400063, 28.413375971000562], [77.48009829000057, 28.39116377900052], [77.51089839600064, 28.358274802000608], [77.47304040700055, 28.327787199000568], [77.50747446800045, 28.30365625200045], [77.50871571400035, 28.280317392000484], [77.47474152500064, 28.268919960000517], [77.55861629100059, 28.243262452000522], [77.52536087600049, 28.225621273000627], [77.53150981600038, 28.197035317000427], [77.49967238000062, 28.205427941000494], [77.50359465600064, 28.182013012000482], [77.5496349300006, 28.19319375800046], [77.55511255300058, 28.180566347000422], [77.54040353200048, 28.164178106000634], [77.51014161000052, 28.16555005500055], [77.49165267900048, 28.142530955000552], [77.51525400300034, 28.128691701000378], [77.5036909910005, 28.09952526600057], [77.48742701900056, 28.112328598000488], [77.47729673400056, 28.0979317820005], [77.49255210900043, 28.06699895000048], [77.48033662600056, 28.044457465000505], [77.54182369400053, 28.000111750000315], [77.5451779390005, 27.985275402000525], [77.52132086900065, 27.969373220000534], [77.5529302270005, 27.956866824000485], [77.53317388100044, 27.93334010300049], [77.48144897500049, 27.937752798000645], [77.46827929000057, 27.88553465300049], [77.42266051800061, 27.892994778000514], [77.42110206900054, 27.85561945100062], [77.34977596500056, 27.850069704000532], [77.33600865800054, 27.82721638300046], [77.30141261500057, 27.82052297500053], [77.28774123900041, 27.800428775000455], [77.27051064500046, 27.81292285200044], [77.24260861200048, 27.783578229000454], [77.20047070300035, 27.824371741000334], [77.18674828500053, 27.787865423000483], [77.17006940300041, 27.792126983000458], [77.18626127700043, 27.810290835000387], [77.15680911400057, 27.814336798000397], [77.16074684600045, 27.78917832900055], [77.1343041880005, 27.77383800800061], [77.04169064900037, 27.815987144000474], [77.02329525900035, 27.777082241000528], [77.07659977100059, 27.762317211000436], [77.08439518300042, 27.732685050000498], [77.05580071900044, 27.724075959000572], [77.03606390200048, 27.74510358600054], [77.01623761900044, 27.742975280000508], [76.99025709100039, 27.722850115000426], [76.97217709800037, 27.654614636000474], [76.93688239300053, 27.66996391100031], [76.90899009800046, 27.650415073000374], [76.88075138600055, 27.698597742000572], [76.9136323250006, 27.69525818100044], [76.88460739300035, 27.730226013000504], [76.90735310300045, 27.830377201000545], [76.93209849100043, 27.83652473800055], [76.9305225000005, 27.893220139000448], [76.94334556000052, 27.898297756000545], [76.94185376200033, 27.918350280000595], [76.92313027100056, 27.924105963000443], [76.92545369700065, 27.99240438900057], [76.96544134700042, 28.134208979000505], [76.88749482100047, 28.187615707000532], [76.90226476500044, 28.199816096000575], [76.86158968200056, 28.224805581000453], [76.80667944700053, 28.20981756100059], [76.81611254800043, 28.19287847200053], [76.79324515700046, 28.18684773400048], [76.79919725907689, 28.154366413851562], [76.74218937700044, 28.12232681600051], [76.7157005370006, 28.128958884000497], [76.68841905900052, 28.089490045000446], [76.65609784700052, 28.086916361000647], [76.66691621600046, 28.012509070000533], [76.59677250700037, 27.999411902000475], [76.54998495300038, 27.96538670500047], [76.53591949035638, 27.976664238802016], [76.54298073400054, 28.035180538000418], [76.45458510600048, 28.041382252000517], [76.46283355400044, 28.058604295000407], [76.4965230200005, 28.05607659200058], [76.4508659870005, 28.089334258000576], [76.46562892700041, 28.107354935000444], [76.49995422500064, 28.10534788300049], [76.47525214700045, 28.150155470000527], [76.43866695600053, 28.149772721000602], [76.44386636100046, 28.1159174870005], [76.42900157900044, 28.11044437000055], [76.42557658200047, 28.142924529000425], [76.38391313900053, 28.133483565000518], [76.36461244700052, 28.13916909300042], [76.35196630800056, 28.16781923600047], [76.28787657900045, 28.178047617000573], [76.28332281000036, 28.166592432000584], [76.30483911900058, 28.16203388600053], [76.2972169510004, 28.152313661000505], [76.35713128100059, 28.127591414000506], [76.34045581500055, 28.103849315000332], [76.30571865800044, 28.09794497200039], [76.3555325040004, 28.070402136000553], [76.34247427900044, 28.031049075000567], [76.29941929200044, 28.022674305000464], [76.28282915600033, 28.05963106100046], [76.26348291400046, 28.066203685000517], [76.23194828000061, 28.050206522000565], [76.20532566000048, 28.057729913000514], [76.17993499200054, 28.046373532000473], [76.21588928600056, 28.02907767400046], [76.18122134900051, 28.02087325900044], [76.15807263200054, 27.994095204000416], [76.18636171900039, 27.968433020000532], [76.16959954500044, 27.910720365000486], [76.2004552580006, 27.89444286400044], [76.19333522400035, 27.86339793600058], [76.2168061210005, 27.82911862000043], [76.17258513900055, 27.804969692000384], [76.10670014200042, 27.863687599000457], [76.0478662430005, 27.846065237000573], [75.96857957500038, 27.863720594000426], [75.98361281100063, 27.909793485000534], [75.93473224600052, 27.92020357800044], [75.92551970400052, 27.93777201600045], [75.97401844300043, 27.94461132400056], [75.99531468500055, 27.977779731000567], [75.96051126400044, 27.98537898200061], [75.96507647300058, 27.99948179700033], [75.99256387600059, 28.002876801000525], [75.96991206900049, 28.01382278800054], [75.97102001320872, 28.027871495924444], [76.01091749500046, 28.03031753500045], [76.00763063400052, 28.052368343000467], [76.03783321500043, 28.071437905000494], [76.02261298000047, 28.090624290000562], [75.98113102696152, 28.045228719723866], [75.97863987000045, 28.07884371200055], [75.93593886400038, 28.09135231100049], [75.94649974000038, 28.10871283100056], [75.9984315900004, 28.125544939000577], [76.00474708700045, 28.152995223000573], [76.03200480400056, 28.172844159000476], [76.0669114910005, 28.16896597000033], [76.07157913000043, 28.13867258700037], [76.09556674000044, 28.15029802700053], [76.07065157300036, 28.195638128000553], [76.0479067160004, 28.20285140900046], [76.05260626800055, 28.224210194000477], [76.01400895900065, 28.244086516000493], [76.02148540900055, 28.280414623000468], [75.95695090100048, 28.32198294300042], [75.95390502500032, 28.34063299500059], [75.93238777300058, 28.34334697300045], [75.92390143600039, 28.367836953000506], [75.89348305200048, 28.390523004000386], [75.77346599100048, 28.407885145000478], [75.76552624400051, 28.418302743000538], [75.78748907700043, 28.447037740000496], [75.63775769600039, 28.547178770000585], [75.62342116600058, 28.598841739000477], [75.56142730800042, 28.611818307000533], [75.5340520630005, 28.74706667600043], [75.50120070200046, 28.787189950000425], [75.52079951100035, 28.83578416400036], [75.49481003300059, 28.855841766000424], [75.49280080800054, 28.90329189200054], [75.47129670800047, 28.92255636400057], [75.47681694700043, 28.93749322600047], [75.51563494600055, 28.948147407000477], [75.5269851770006, 28.970557890000464], [75.5186302880004, 29.0044898000005], [75.43807043900051, 29.01349787100054], [75.43520991700046, 29.05762828300044], [75.38111146800048, 29.063406720000444], [75.39477256300057, 29.124107966000565], [75.3646121180006, 29.140321058000552], [75.37892700700047, 29.168774040000415], [75.40927300900046, 29.18438654800059], [75.39788747100056, 29.217481978000478], [75.40888803900054, 29.253221716000496], [75.36857999700055, 29.256584897000494], [75.33794983300038, 29.224688775000516], [75.32004851900035, 29.23780800300051], [75.3365088750005, 29.281325072000527], [75.32356774500039, 29.289682259000585], [75.27344543100048, 29.25195137000054], [75.24431513500042, 29.25341356200056], [75.23541256700065, 29.232517767000502], [75.21027675000039, 29.23434446300047], [75.18524237500054, 29.267888928000446], [75.15483586900052, 29.24223605200035], [75.12138925200043, 29.24085100600047], [75.11175288700059, 29.222858652000525], [75.07833551700054, 29.229843076000577], [75.05248785800057, 29.284801185000447], [74.99919104400038, 29.272059964000448], [74.95718922500049, 29.282775964000507], [74.94600963000033, 29.304692863000525], [74.95948789100044, 29.322966711000447], [74.93598383500046, 29.36273766200054], [74.84886422800054, 29.399714418000542], [74.74865704578605, 29.35025394801528], [74.6587447030006, 29.37353983200063], [74.64966196200055, 29.329560741000535], [74.59804577600033, 29.32359207100052], [74.60359624400058, 29.36291086900053], [74.57141670000044, 29.420116255000437], [74.53802069200054, 29.423543131000486], [74.5370228110005, 29.445755267000493], [74.54817224000044, 29.46810155300045], [74.59153276300049, 29.462133169000424], [74.6233352690005, 29.52121250600044], [74.57465094900044, 29.564500734000433], [74.58649476000045, 29.670913819000475], [74.61574759200056, 29.750937450000606], [74.5872324140006, 29.766061930000546], [74.57833245100056, 29.748089701000424], [74.55100737400039, 29.755216552000434], [74.50623131800052, 29.740159899000332], [74.47807255500044, 29.74452870300047], [74.47215574700044, 29.770502246000433], [74.48299650500053, 29.81321023200053], [74.55774323700035, 29.866388219000555], [74.53979572700041, 29.904177625000386], [74.51107183100038, 29.90860588200036], [74.53207822100029, 29.949477333000345], [74.6076073310004, 29.913744404000624], [74.66551697600056, 29.925863181000523], [74.66035576900049, 29.941032803000326], [74.70813323400057, 29.987079590000576], [74.74293021400058, 29.971483530000512], [74.81420593100052, 29.99231554700043], [74.86198763500056, 29.96351173000062], [74.89499571000061, 29.970603162000486], [74.9100443800005, 29.95728674000054], [74.90340790200065, 29.944684831000473], [74.9280432500006, 29.953259032000517], [74.95402567900055, 29.90322088900058], [75.00302803000062, 29.868349162000527], [75.07632033200053, 29.876660332000597], [75.09813463300043, 29.91322725800046], [75.11743224100053, 29.897462331000554], [75.11554985800063, 29.87345833800049], [75.09357919600052, 29.85523884400061], [75.11506156700045, 29.83562865100049], [75.10122816600045, 29.807235303000482], [75.13557856200032, 29.809752974000503], [75.15028595400054, 29.779406884000537], [75.1663150560006, 29.78805305500049], [75.16453595200045, 29.830044184000542], [75.18742635800032, 29.84481284700064], [75.20466410100056, 29.837882667000486], [75.2062487670006, 29.80152612800049], [75.23861617500046, 29.754802092000602], [75.22454605600063, 29.734371646000568], [75.20263421900034, 29.737769166000646], [75.2060683850006, 29.693035761000544], [75.17206476600046, 29.664553372000455], [75.18873387600047, 29.629144475000544], [75.23289419100047, 29.60545383300058], [75.22437963000039, 29.58437207600059], [75.23843983900065, 29.544966001000375], [75.30613822900045, 29.56014851700047], [75.31830412900058, 29.588773625000556], [75.29023167000054, 29.60654552400058], [75.29461131300047, 29.62374930300058], [75.31754203900044, 29.632803359000604], [75.33321000000052, 29.67384324500057], [75.36075405700052, 29.66435276700048], [75.34722622636616, 29.689760336893983], [75.37248919256939, 29.71583446090233], [75.39387417313071, 29.71182693627378], [75.38592821912573, 29.729653511345873], [75.40324163700058, 29.76293402100049], [75.45518366100055, 29.784349017000636], [75.45828763300051, 29.808666222000625], [75.5223319750005, 29.77617930500054], [75.52422078800055, 29.758314680000467], [75.54009289800058, 29.775301808000506], [75.56683451900062, 29.77212915200056], [75.57974154400051, 29.74157156400048], [75.62565514900058, 29.747426830000393], [75.64994754200052, 29.77816358400048], [75.67845024500065, 29.77887326000058], [75.7101914160005, 29.75434301000064], [75.72937038500044, 29.81611027900061], [75.76097611800031, 29.81122088100051], [75.79260752200054, 29.826982461000625], [75.81060753600059, 29.812048241000582], [75.84896830000042, 29.818249960000628], [75.88236431200045, 29.755698375000577], [75.92416348300048, 29.757786711000392], [75.92121175300048, 29.739688175000538], [75.99620988300052, 29.731789542000456], [76.04104023700057, 29.762345328000492], [76.05665584000059, 29.746988278000345], [76.10541526700058, 29.81734411100058], [76.13181332300059, 29.79980476500043], [76.14967179800055, 29.82457474600062], [76.18211668700036, 29.825616506000472], [76.20166469800063, 29.854608090000454], [76.22142579600052, 29.844338970000422], [76.25279104100053, 29.85893216800048], [76.2419945360005, 29.887015284000427], [76.19183779500048, 29.896631115000503], [76.17372261800062, 29.933287271000495], [76.1815585880006, 29.953172306000624], [76.21216453600056, 29.94687425800055], [76.20343884900046, 29.99250369000032], [76.23130209400057, 30.013782061000597], [76.21473883900052, 30.02809379400054], [76.2655766260005, 30.09547328600064], [76.19518953700054, 30.12002306300053], [76.2196229490005, 30.12570501800053], [76.20285235000034, 30.1468721170005], [76.3269637900006, 30.096014634000483], [76.36108002900045, 30.11935702200043], [76.3371735730006, 30.135544729000344], [76.3517133410005, 30.145728193000537], [76.36830513500053, 30.119570475000558], [76.4018179470005, 30.116276671000378], [76.41263343000054, 30.147577255000613], [76.39328370400057, 30.17377603000051], [76.42556220800054, 30.195359220000398], [76.44648654700052, 30.167541839000478], [76.44535796700058, 30.133621744000436], [76.46445568700045, 30.130738183000517], [76.46597074200054, 30.101687524000567], [76.50435777100063, 30.089815001000602], [76.51204528200049, 30.069527846000426], [76.54419736000051, 30.07480968500056], [76.64246441200044, 30.14651016200048], [76.61239670000055, 30.196445126000526], [76.63732754600045, 30.192122846000643], [76.63442464600047, 30.166001119000555], [76.65388775700046, 30.18037246600062], [76.65215487900065, 30.197741366000457], [76.61699473400051, 30.20490856100048], [76.62409213100057, 30.22094952100042], [76.60262929700053, 30.24320506500044], [76.5468075430004, 30.216598500000543], [76.55815082100065, 30.24840404200046], [76.62748100300047, 30.2576177090005], [76.63539510400062, 30.277019070000563], [76.68117741100048, 30.290443189000598], [76.68991753300048, 30.313170918000424], [76.74919449800052, 30.342066551000528], [76.74561795900058, 30.354450005000558], [76.72264672700032, 30.35111012300058], [76.73194423500058, 30.368749584000568], [76.71573218000043, 30.373633569000617], [76.74093393400057, 30.41127259200033], [76.77860714900044, 30.432082156000433], [76.78767546600051, 30.407298424000487], [76.82192782100043, 30.40442189200047], [76.84557455900051, 30.428955712000572], [76.89534753500061, 30.35105460800054], [76.94183708600059, 30.380862257000615], [76.91143266700033, 30.394831349000526], [76.91582960900047, 30.42091037700061], [76.90015719200056, 30.43307870400048], [76.91402837800058, 30.462803722000558], [76.90024222100044, 30.483660135000605], [76.93153191000056, 30.495521914000506], [76.92935866500045, 30.51896715700053], [76.88916506900051, 30.5476998430006], [76.9105882830006, 30.543788448000498], [76.91414626500045, 30.593035833000556], [76.92951887300052, 30.60391667200048], [76.87492502400062, 30.640425608000555], [76.87962848700033, 30.68580121800062], [76.85519236800042, 30.65461535100053], [76.83094437500057, 30.662626155000453], [76.82942634800065, 30.69381311400059], [76.85326465800057, 30.718766830000618], [76.83484716000032, 30.739424726000323], [76.86548956600063, 30.79913688900058], [76.77415331700047, 30.895765931000483], [76.82219923600059, 30.928419751000433], [76.84307174400044, 30.886334975000523]]]}, "properties": {"pc11_s_id": "06", "s_name": "Haryana"}}, {"type": "Feature", "geometry": {"type": "Polygon", "coordinates": [[[77.07688323400008, 28.88184310300002], [77.13888102200012, 28.862289892999996], [77.14391109500002, 28.839594380000037], [77.2106174380001, 28.855955573000095], [77.23748431700005, 28.818611611000037], [77.22562355000004, 28.79932466900002], [77.20629577000001, 28.804298898000006], [77.20489083500003, 28.785728428000027], [77.23893883199996, 28.751720079000002], [77.268226389, 28.751943356], [77.29143198100007, 28.707543182], [77.33029534900008, 28.713514807], [77.33279523099998, 28.682378678000035], [77.30547147000006, 28.637417820000003], [77.33377141400001, 28.630923070000062], [77.34191742300007, 28.605985582000052], [77.3009978310001, 28.582138245000003], [77.34322976100012, 28.515953830000033], [77.31582941200007, 28.483062295000042], [77.29062950600012, 28.49891048600002], [77.24314233000004, 28.47871013300001], [77.23520417900014, 28.458479881000013], [77.25264712699999, 28.42687180199999], [77.23016379000009, 28.414145462000032], [77.16854211000008, 28.40360962400004], [77.15730413500008, 28.42919259699999], [77.11293150700004, 28.44844379199998], [77.1037723210001, 28.476127736000038], [77.11617196700001, 28.493192166000018], [77.0927426400001, 28.51360091100004], [77.04417413300017, 28.515694526000072], [77.01130884500013, 28.539697918000066], [77.01165803399998, 28.51428719899998], [76.90332750100008, 28.517211806000024], [76.882394364, 28.50471856799999], [76.83977596300008, 28.55712202100005], [76.83596677900003, 28.58671097399999], [76.861804449, 28.59299858000002], [76.8848277840001, 28.63638630700001], [76.93483955700006, 28.62705934000003], [76.92117361200008, 28.65923795400001], [76.94641980700014, 28.67026533400008], [76.9588735090001, 28.70206191000007], [76.94127158100005, 28.716335223000037], [76.9538970480001, 28.73893440900002], [76.94502019499997, 28.819130530999985], [76.98430545500007, 28.840428437000035], [77.0349984490001, 28.834979965000066], [77.07688323400008, 28.88184310300002]]]}, "properties": {"pc11_s_id": "07", "s_name": "NCT Of Delhi"}}, {"type": "Feature", "geometry": {"type": "Polygon", "coordinates": [[[73.97613903199996, 30.12554412900003], [73.88666635300011, 30.009353869000048], [73.89607923600009, 29.973827440000004], [74.53080665800022, 29.947889950000032], [74.511071831, 29.90860588200021], [74.53979572700013, 29.90417762500001], [74.55774323700025, 29.866388219000044], [74.48299650500024, 29.813210232000202], [74.47219573200009, 29.769820135000018], [74.47807255500015, 29.74452870300012], [74.50623131800015, 29.740159899000133], [74.55100737400008, 29.75521655200008], [74.57833245100011, 29.748089701000062], [74.58723241400028, 29.766061930000014], [74.61573846525808, 29.750976596293015], [74.58649476000018, 29.67091381900015], [74.57465094900014, 29.56450073400009], [74.62333526900024, 29.521212506000076], [74.5915327630002, 29.462133169000097], [74.54817224000016, 29.468101553000096], [74.5370228110002, 29.445755267000166], [74.53802069200007, 29.423543131000145], [74.57141670000006, 29.42011625500011], [74.60359624400012, 29.362910869000196], [74.59804577600023, 29.323592071000164], [74.64966196200008, 29.32956074100001], [74.65874470300001, 29.373539832000077], [74.74865704599992, 29.35025394800012], [74.84886422800004, 29.399714418000038], [74.93598383500016, 29.362737662000075], [74.95948789100014, 29.322966711000024], [74.94600962999996, 29.304692863000074], [74.95718922500019, 29.282775964000056], [74.99919104400036, 29.272059964000256], [75.05248785800026, 29.284801185000113], [75.07833551700017, 29.229843076000243], [75.11175288700024, 29.2228586520002], [75.12138925200033, 29.240851006000305], [75.15483586900032, 29.242236052000152], [75.18524237500023, 29.26788892800011], [75.21027675000026, 29.234344463000276], [75.23541256700034, 29.232517767000125], [75.24431513500019, 29.25341356200039], [75.27344543100028, 29.2519513700002], [75.32356774500016, 29.28968225900021], [75.33650887500022, 29.28132507200018], [75.32004851900012, 29.237808003000147], [75.33794983300025, 29.22468877500019], [75.36857999700018, 29.256584897000153], [75.40888803900017, 29.253221716000148], [75.39788747100019, 29.21748197800013], [75.40927300900023, 29.184386548000234], [75.37892700700027, 29.168774040000216], [75.36461211800024, 29.14032105800021], [75.3947725630003, 29.12410796600024], [75.38111146800019, 29.063406720000266], [75.43520991700034, 29.057628283000263], [75.43807043900023, 29.013497871000197], [75.51863028800027, 29.004489800000137], [75.52698517700028, 28.97055789000013], [75.51563494600023, 28.948147407000306], [75.47681694700016, 28.937493226000292], [75.47129670800011, 28.922556364000044], [75.49280080800017, 28.90329189200002], [75.49481003300015, 28.855841765999994], [75.52079951099998, 28.83578416400007], [75.50120070200009, 28.787189949999973], [75.53405206300013, 28.747066675999992], [75.56142730800005, 28.611818307000096], [75.62342116600013, 28.59884173900004], [75.637757696, 28.547178770000052], [75.78748907699998, 28.447037740000074], [75.76552624400007, 28.418302743000005], [75.77346599100011, 28.407885145000026], [75.893483052, 28.390523004000016], [75.923901436, 28.36783695300004], [75.93238777300014, 28.34334697300002], [75.95390502499995, 28.340632995000085], [75.95695090100017, 28.321982942999917], [76.02148540900005, 28.280414623000187], [76.01400895900015, 28.24408651600007], [76.05260626800018, 28.224210194000225], [76.04790671600009, 28.2028514090002], [76.07065157300013, 28.19563812800005], [76.0955667399999, 28.15029802700008], [76.07157913000023, 28.138672587000084], [76.0669114910003, 28.16896597000004], [76.0320048040002, 28.172844159000203], [76.00474708700014, 28.152995223000314], [75.99843159000002, 28.125544939000317], [75.94649974000035, 28.10871283100011], [75.93593886400015, 28.091352311000232], [75.97863987000052, 28.07884371200035], [75.98113102697056, 28.045228719788533], [76.02261298000045, 28.09062429000057], [76.03783321500025, 28.071437905000344], [76.00763063400044, 28.052368343000282], [76.01091749500043, 28.030317535000464], [75.97102001315662, 28.027871495943472], [75.96991206900056, 28.013822788000546], [75.99256387600036, 28.00287680100037], [75.9650764730005, 27.999481797000307], [75.96051126400042, 27.985378982000412], [75.99531468500032, 27.977779731000567], [75.9740184430005, 27.944611324000405], [75.92551970400031, 27.937772016000466], [75.93473224600032, 27.920203578000173], [75.98361281100013, 27.909793485000282], [75.96857957500035, 27.863720594000167], [76.0478662430002, 27.84606523700032], [76.10670014200039, 27.86368759900019], [76.17258513900019, 27.804969692000096], [76.21680612100002, 27.82911862000014], [76.19333522400012, 27.863397936000116], [76.2004552580001, 27.894442864000172], [76.1695995449999, 27.910720365000234], [76.18636171900036, 27.96843302000011], [76.15807263200006, 27.99409520400013], [76.18122134900021, 28.020873259000016], [76.21588928600019, 28.029077674000195], [76.17993499200018, 28.04637353200005], [76.20532565999994, 28.057729913000255], [76.23194828000011, 28.050206522000114], [76.26348291399992, 28.06620368500025], [76.28282915599996, 28.05963106100017], [76.29941929200022, 28.022674305000177], [76.34247427900021, 28.031049075000062], [76.35553250400037, 28.070402136000087], [76.30571865800007, 28.097944972000104], [76.34045581500018, 28.103849315000044], [76.35713128100022, 28.127591414], [76.29721695100017, 28.152313661000054], [76.30483911900022, 28.162033886000064], [76.28332281000013, 28.16659243200012], [76.28945001500021, 28.17867855799995], [76.35196630800017, 28.167819236000195], [76.36461244700016, 28.13916909300013], [76.38391313900016, 28.133483565000088], [76.42557658200012, 28.142924529000172], [76.42900157900009, 28.110444370000113], [76.44386636100023, 28.11591748700008], [76.43866695600018, 28.149772721000136], [76.47525214700025, 28.150155470000097], [76.49995422500014, 28.105347883000046], [76.46562892700018, 28.10735493500002], [76.45086598700011, 28.089334258000147], [76.49652302000001, 28.05607659200015], [76.46283355400008, 28.058604295000126], [76.45458510600017, 28.041382252000073], [76.542980734, 28.03518053800004], [76.53591949000017, 27.97666423900002], [76.54998495299999, 27.965386705000032], [76.596772507, 27.99941190200003], [76.66691621600009, 28.01250907000003], [76.65609784700008, 28.086916361000107], [76.68841905900004, 28.08949004500007], [76.71570053700002, 28.128958883999992], [76.74218937700005, 28.122326816000058], [76.79919725900005, 28.15436641399999], [76.79324515699997, 28.186847734000057], [76.81569543599998, 28.192215055000062], [76.80939466900001, 28.21199387300001], [76.86036567700013, 28.225010930000042], [76.90188077300007, 28.200272928000018], [76.88749482100002, 28.187615707000095], [76.96544134700011, 28.134208979000068], [76.92545369700007, 27.99240438900003], [76.92313027100012, 27.924105963000027], [76.94185376199997, 27.91835028000004], [76.94334556000003, 27.898297756000005], [76.93052250000007, 27.89322013900008], [76.93209849100008, 27.836524737999994], [76.90735310300006, 27.830377201000005], [76.88460739300012, 27.730226013000074], [76.91385055000005, 27.698125833000013], [76.88075138600011, 27.698597742000068], [76.90346519500017, 27.65452978200002], [76.93688239300003, 27.66996391100002], [76.972177098, 27.654614636000023], [76.99025709099999, 27.722850115000057], [77.01623761899997, 27.742975280000064], [77.03606390200002, 27.745103586000035], [77.05580071899996, 27.724075959000054], [77.08439518300004, 27.732685050000054], [77.07659977100013, 27.762317211000013], [77.02329525900012, 27.777082241000077], [77.041690649, 27.815987144000058], [77.13430418800003, 27.773838008000055], [77.16074684599997, 27.789178329000023], [77.15680911400013, 27.81433679800002], [77.18626127700011, 27.81029083500001], [77.17006940300003, 27.792126983000013], [77.186748285, 27.787865423000017], [77.20047070300012, 27.824371741000046], [77.23811155900015, 27.783583501000024], [77.27051064499997, 27.812922852000003], [77.30843374700008, 27.79106066100007], [77.32441595800005, 27.73065081500005], [77.30769578500004, 27.710602376999997], [77.3407728170001, 27.69830436000004], [77.34925051300016, 27.648065736000042], [77.31818097400001, 27.60347093600001], [77.35719515400007, 27.585424612000057], [77.33720056100012, 27.56645159699999], [77.34307809900015, 27.524849301000025], [77.39001167100007, 27.507459035000085], [77.40187709500012, 27.474128540000013], [77.43599023400002, 27.454908974000062], [77.42509913400012, 27.42155413200002], [77.4467364050001, 27.388754879000025], [77.50188687699998, 27.381825745000025], [77.58690212300016, 27.323142377000035], [77.62863736100002, 27.33507280200004], [77.61225167800006, 27.293638523000034], [77.62590330900011, 27.257711155000035], [77.65257014700012, 27.243064497999995], [77.65046428599996, 27.20842878700002], [77.68152152300006, 27.192649915000093], [77.64366213000008, 27.16431931400009], [77.62158842100014, 27.172634121000076], [77.59883113700013, 27.14214454800005], [77.60190273699999, 27.12078735700007], [77.5185289170001, 27.10295830300006], [77.50709219199999, 27.086733929000044], [77.52499679400003, 27.083879963000072], [77.52537706400005, 27.063233334000085], [77.57551475999996, 27.068932647000025], [77.56439092900008, 27.03049227700002], [77.5930994570001, 27.034396022000077], [77.63294728900001, 27.011088972000056], [77.643078336, 27.025892320000004], [77.66793747700001, 27.01829258400003], [77.68227308800007, 27.045714672000003], [77.71423403400007, 26.99600666200003], [77.73171055800005, 26.993488876000075], [77.74031432100004, 27.03030190499999], [77.76410786900009, 27.005575831000066], [77.74483265300006, 26.98229507600009], [77.72500223300001, 26.98718013600007], [77.67511063100004, 26.95999935200008], [77.66278833300012, 26.971300986000106], [77.42641738500012, 26.85988228700004], [77.42411945200006, 26.83631059400006], [77.44626337400013, 26.81425258100009], [77.43426674699997, 26.767280482000004], [77.46937306199997, 26.770514935000016], [77.45978420500009, 26.738694395], [77.50490192799995, 26.76767406400006], [77.48939859700009, 26.785710000000044], [77.50116771999998, 26.8434924630001], [77.52069969600002, 26.84172293100006], [77.52606367600002, 26.819359483000042], [77.57533564000006, 26.82125540000006], [77.60808327199996, 26.839742942000015], [77.61140125400004, 26.82830321600002], [77.69001793500016, 26.875183730000078], [77.72402748600001, 26.875042706000045], [77.72002657400009, 26.89960933000001], [77.76123236000011, 26.93285985400004], [77.85389327900006, 26.910993826000055], [77.90015760500012, 26.883130586999997], [77.90689908900005, 26.91560031400008], [77.95258389900012, 26.895198465000096], [77.97258759400002, 26.90752255399999], [77.98756789700013, 26.891340827000036], [78.01283499999997, 26.905006453000084], [78.03538923999996, 26.869777748999983], [78.02917216900008, 26.850359931000238], [78.05430597200017, 26.87118827200016], [78.04874562600027, 26.90897140900014], [78.11158330500035, 26.89458725900015], [78.10297801300031, 26.919700492000135], [78.12207517200008, 26.919694057000136], [78.12200924700022, 26.948067292000292], [78.20915957600022, 26.92877432300013], [78.22395814100021, 26.943173578000216], [78.272159017, 26.914741793000278], [78.232576491, 26.871643437000163], [78.2108479340002, 26.86564305700018], [78.19751502100033, 26.878634446000042], [78.22279042720682, 26.83099235162584], [78.17147204000015, 26.824943643000047], [78.17956898400014, 26.77967021900009], [78.11384259900024, 26.795489740000182], [78.10474942500024, 26.765729508000195], [78.12139952100013, 26.74507121200013], [78.08765655900012, 26.72341346400015], [78.08732759700035, 26.672397994000267], [77.99349444700013, 26.69230746000019], [77.96445685400008, 26.659420474000044], [77.90406962500006, 26.653737384000024], [77.89376256600008, 26.608129488000014], [77.83208794800004, 26.595378476000057], [77.82373539700004, 26.546076338000006], [77.74684704000002, 26.535009756000065], [77.72485792200015, 26.500034288000045], [77.66866752100002, 26.497441056000063], [77.536358977, 26.415507541000053], [77.44322553200013, 26.40108661000004], [77.44923345500011, 26.368424177000087], [77.35130337700001, 26.358272876000026], [77.29774149900003, 26.294986570000038], [77.21013884400008, 26.235703786000013], [77.137747341, 26.234067688], [77.10560771299996, 26.182961424000066], [77.0389642110001, 26.172044440000068], [76.99503047199997, 26.129659130000064], [76.90445511900009, 26.09769988700003], [76.81080421500012, 26.005393995000052], [76.77980008299997, 25.938437810999996], [76.74144361700016, 25.935567540000097], [76.74599818799997, 25.919178965000082], [76.70468631199996, 25.89658767100004], [76.65518308100006, 25.907639023000055], [76.62057697300014, 25.868174764000067], [76.59344007099996, 25.86746392000005], [76.51007477700006, 25.78168209800004], [76.51448547400014, 25.727883330999994], [76.46098257400006, 25.702242656000067], [76.49200888700008, 25.66499542700002], [76.5039769740001, 25.524173333000093], [76.58869356500007, 25.389206649000055], [76.61378738700014, 25.373601015000073], [76.6243528000001, 25.383149139000054], [76.65920928000013, 25.34599583200005], [76.72298256700009, 25.350941259000052], [76.74544847099996, 25.336331764000068], [76.74003487700013, 25.314738665000018], [76.85321015300005, 25.334020431000052], [76.89702889899999, 25.32318118000009], [76.92886893700012, 25.279288788000002], [76.96075084000014, 25.296846077000083], [77.028515158, 25.295986047000067], [77.04192749999997, 25.323650572000027], [77.06564996200008, 25.320222863000012], [77.083280464, 25.338085835000072], [77.19947015500011, 25.31215546699998], [77.20017643700011, 25.331001930000056], [77.21632870800002, 25.324311214000065], [77.22626444500001, 25.337884225], [77.229991297, 25.37805674300006], [77.28679277100007, 25.421193359000053], [77.31824715899998, 25.431339726999973], [77.36828407099999, 25.41064964500003], [77.34625348199998, 25.396963995000103], [77.36163016300011, 25.363847531999976], [77.33160513199998, 25.328093367000097], [77.36977188499999, 25.323237074000097], [77.37132667600002, 25.291719913000048], [77.35022906600003, 25.269760855000094], [77.40757842900004, 25.225227395000076], [77.41993385300005, 25.191060361000066], [77.39640627999998, 25.186036962000006], [77.38961325999996, 25.12277857800002], [77.362275053, 25.09962622800001], [77.31713339000002, 25.087480767000063], [77.27644982900004, 25.11960129200003], [77.17551419200005, 25.11327063599999], [77.16159782000013, 25.092139950000007], [77.08105864100011, 25.05684046400009], [76.99959045999996, 25.06720726700004], [76.87911662400012, 25.03322760900008], [76.87062695300014, 25.00195675400007], [76.85105648000011, 24.99518923100003], [76.86521412200001, 24.946803516000042], [76.91852155100008, 24.90329622300002], [76.91433382500016, 24.880880451000024], [76.94273967699999, 24.857345988000105], [76.89803656300015, 24.831179516000105], [76.82829889399999, 24.83223462700001], [76.80607318100009, 24.81504320400009], [76.85748862500012, 24.73837338600004], [76.90988203699996, 24.726046562000096], [76.96141296200004, 24.750969581000064], [77.03473640800006, 24.707901047000018], [77.06632868400001, 24.627281902000046], [77.065671557, 24.553708043000004], [77.03143060000009, 24.52464070400006], [77.0316668760001, 24.50615384600007], [76.97761579399996, 24.470838953000033], [76.9251471280001, 24.484520485000065], [76.916381196, 24.54408738100006], [76.88647956500013, 24.523881936000073], [76.86034986499998, 24.54758478600007], [76.81984825500004, 24.53295756300004], [76.85564725600008, 24.465256670000006], [76.84005596600004, 24.419660363000066], [76.85158591599995, 24.39485531200009], [76.83596446000008, 24.36908040800007], [76.84302249200009, 24.336157557000064], [76.88739958500014, 24.257324504999993], [76.94596767900009, 24.213794529000047], [76.93513284199996, 24.19235164800008], [76.91646162700009, 24.19370250900003], [76.90024064900008, 24.127299403999995], [76.87215632300003, 24.14316342000004], [76.8006986400001, 24.124500592000057], [76.763824321, 24.170743206000004], [76.69591831600015, 24.178876701], [76.674597822, 24.202495376000048], [76.69847291000004, 24.251097773000023], [76.69108181600009, 24.294003408000002], [76.66302696700008, 24.27244789400004], [76.61282370300007, 24.268377901000086], [76.60544959700012, 24.248558500000065], [76.58425139799996, 24.253089575000068], [76.59088466, 24.23158861000009], [76.56170842200011, 24.20742411300009], [76.57446046900006, 24.184348353000022], [76.52002047399998, 24.163765530999985], [76.50544693600004, 24.20672112000001], [76.46673649400007, 24.231693512000067], [76.45192481300015, 24.213133368000054], [76.41661865700003, 24.226983028000053], [76.41069531800012, 24.206645563000066], [76.39754693700006, 24.22401179900006], [76.32057570900002, 24.24960385500005], [76.28100396200011, 24.21384583700003], [76.206138891, 24.21950817600002], [76.20149073400007, 24.304299044000015], [76.1810932130001, 24.329252555000018], [76.136440724, 24.278680173000026], [76.1474116100001, 24.236548611000057], [76.11347977400001, 24.175642674000024], [76.1233543760001, 24.09460224600001], [76.03783231400008, 24.073816526000062], [76.00094836300016, 24.030451548000002], [75.95607784300014, 24.027430823], [75.973243794, 23.940649791000006], [75.92351920100008, 23.896562777000067], [75.87386365, 23.879947249000015], [75.852932432, 23.88903731800011], [75.77085984800013, 23.845616940000085], [75.7525914340001, 23.88143666700006], [75.70097377600013, 23.894506376000006], [75.699773223, 23.86770496200005], [75.73054172900001, 23.849761626000003], [75.71359000000002, 23.80929925700003], [75.68894342400002, 23.812576698000047], [75.69823264000007, 23.784052675000027], [75.68702363999998, 23.752989366000048], [75.65439061299998, 23.79634599900004], [75.56867936900012, 23.80636262100006], [75.55984138500001, 23.82633290900004], [75.57910633200008, 23.83301583500001], [75.561986114, 23.857380266000032], [75.4643459190001, 23.90901617], [75.46535309300012, 23.934351726999996], [75.47322896400011, 23.973614107000067], [75.51723556900006, 24.02271443200003], [75.58077599900002, 23.984139284999976], [75.66805296500002, 24.009916887000042], [75.70320312000001, 23.957671287999986], [75.75647806500015, 23.99217174500005], [75.77310215800011, 24.043332748000072], [75.8273093500002, 24.065695794000057], [75.82710693899998, 24.097032496000097], [75.80753236100014, 24.086992384], [75.79718891400026, 24.102838878000014], [75.7816649690001, 24.098022199000184], [75.74047200700008, 24.147429179000028], [75.76669281800014, 24.207289526000146], [75.82014646800005, 24.234412897000006], [75.8038660800001, 24.242628057000097], [75.80218041100017, 24.296710964000027], [75.75779446200009, 24.297237301000145], [75.72411561700015, 24.374143118000184], [75.78725953200026, 24.46024322600006], [75.84605468132516, 24.421156544750914], [75.90222248600013, 24.44766368700008], [75.90506985000017, 24.48024473800014], [75.88433649900011, 24.50321137500015], [75.91611606700012, 24.520279827000017], [75.89788458700012, 24.540494197000033], [75.90594570500016, 24.565604514000043], [75.87562605000008, 24.57533652700005], [75.86294989700001, 24.600571069000036], [75.84186509600009, 24.60530445600008], [75.83069850499996, 24.589947579000075], [75.81997403300008, 24.60725942400001], [75.84265768100003, 24.641660229], [75.8227040140001, 24.663516599000072], [75.82682156600008, 24.726506597000057], [75.79554366300002, 24.751469129000007], [75.75091624500013, 24.75737767999994], [75.67807262500011, 24.722261196000066], [75.65231794300026, 24.686108961000112], [75.60943975600006, 24.675037494000033], [75.56795423899999, 24.708630479000153], [75.51922269400016, 24.71191770700018], [75.44991650100017, 24.681457984000136], [75.258626233, 24.725810855000223], [75.22142322300014, 24.729985906000078], [75.20965753500009, 24.715016137000216], [75.17696160000021, 24.7622831390001], [75.2051512690001, 24.81180350900009], [75.23739621000006, 24.81415699500013], [75.24561785800024, 24.83240842800009], [75.20283328900015, 24.86557169700018], [75.20600980799999, 24.898960257999995], [75.21736238700015, 24.882044538000063], [75.24445000000007, 24.88725053300013], [75.22371631300025, 24.853602929000022], [75.26732274900013, 24.848618466000165], [75.29859563800004, 24.811603889000093], [75.39065336700027, 24.851698695000028], [75.4149478980002, 24.877546537000132], [75.40629351699991, 24.89111410900006], [75.36365173100009, 24.875487186000182], [75.3126091, 24.881968574000172], [75.30772117000014, 24.86546540200018], [75.28726519800003, 24.86291952600003], [75.25668987200001, 24.88299761700014], [75.26167660700006, 24.907157021000163], [75.2876503760001, 24.913640971000188], [75.26433440400014, 24.952024168000168], [75.27454321800016, 24.972913634000175], [75.30497958699996, 24.890330822000177], [75.33267194800018, 24.9567069300002], [75.31100372600022, 24.9997427390002], [75.34916864100026, 25.017699830999966], [75.334385245, 25.03876856100006], [75.1945239, 25.032592217999998], [75.17030184400012, 25.045453021000068], [75.15049159599997, 25.02910710800003], [75.16872508900013, 25.007527716000048], [75.11422807399995, 24.972474448000074], [75.11447228000009, 24.887742068000033], [75.07446519200003, 24.889153926000056], [75.03301883, 24.85607255000008], [74.94635985300008, 24.874479379000018], [74.94845043500013, 24.890034957000033], [74.91529026500011, 24.898183905000064], [74.90397169200001, 24.93604656600005], [74.87075251100009, 24.93326535900006], [74.85948937100005, 24.970433556000053], [74.84302823699998, 24.974203284000033], [74.8242871210001, 24.941310108999996], [74.82500050999997, 24.902734512999995], [74.84149701100003, 24.896562391000014], [74.86007274400009, 24.841050945000013], [74.8588459160001, 24.819866369000014], [74.83687901800003, 24.81216409000008], [74.84457345800003, 24.794761758000032], [74.86917108500008, 24.813275730000043], [74.91103868900005, 24.786464688000002], [75.00256402100001, 24.788085728000013], [75.01066258600005, 24.752715158000075], [74.99346032199995, 24.744263463000042], [74.99757214399999, 24.702263849000065], [74.95971126700006, 24.693247777000053], [74.94033465800008, 24.655005683000024], [74.88421813900011, 24.652687737000083], [74.79796893299998, 24.796778098000065], [74.80216575400013, 24.75688605300003], [74.78052694500002, 24.748560180000016], [74.77472859800015, 24.680827705000034], [74.81234644199995, 24.685102462000057], [74.81297096200002, 24.671416508000014], [74.78061590200001, 24.635398710000082], [74.78586012400014, 24.606224688000015], [74.74724534700009, 24.592346978000005], [74.7410784210001, 24.538408070000088], [74.70431720800002, 24.512224832000033], [74.76290728000002, 24.480083422000025], [74.80586897000002, 24.48258558900002], [74.81747263700008, 24.448998601000042], [74.84402386500003, 24.45282068500009], [74.84640840900006, 24.43641832800009], [74.77771176200015, 24.365001441000082], [74.77200230599999, 24.311389821999978], [74.74159213100015, 24.28883724100003], [74.7658076110001, 24.271107546000074], [74.86653799800008, 24.269304482000013], [74.89432810500013, 24.253815292000073], [74.91088772399999, 24.229728838000046], [74.87776504300015, 24.198927786000095], [74.90552995700007, 24.165531588000093], [74.927940643, 24.092660221000088], [74.98758654199996, 24.033547070000065], [74.9659848800001, 23.97359444400004], [74.917069814, 23.933920001000068], [74.901334133, 23.872271621999978], [74.90681853000011, 23.797769705000064], [74.92300758800013, 23.79641505899998], [74.93529675900007, 23.764258089000016], [74.91922641000009, 23.695996285000025], [74.89989773399999, 23.684066719], [74.93481494500017, 23.630988134000035], [74.88073969399998, 23.60671328000005], [74.8429544950001, 23.551313408000045], [74.798132437, 23.536077928000047], [74.77642817000009, 23.545573681000047], [74.75727062800011, 23.519468520000057], [74.73071476700014, 23.51850505400001], [74.72270206900001, 23.496232517000053], [74.69642512400002, 23.504083297000015], [74.6528074720001, 23.463554235000032], [74.59929348499999, 23.459377497000037], [74.59361584599998, 23.424924283000063], [74.56499624800004, 23.42386154100006], [74.56190937000017, 23.373351001000035], [74.53643421100017, 23.366333335999993], [74.53372783700006, 23.33605421500006], [74.50975940000012, 23.32917061800001], [74.53846558001503, 23.281150919013964], [74.56391131200016, 23.29684566100018], [74.57739488600006, 23.281614958000045], [74.61038160500011, 23.28447495900016], [74.62000852300022, 23.26419957200007], [74.693812199, 23.27195812400004], [74.7113375870002, 23.24034830200014], [74.6891040220001, 23.223920122000045], [74.74007970700015, 23.233286131000146], [74.73670871300003, 23.21471891200017], [74.7107148780001, 23.198362760000084], [74.66352714000011, 23.202685445000075], [74.59980108300016, 23.145239634000074], [74.5373586640001, 23.133784948000173], [74.53394691900016, 23.105195478000066], [74.45332364900011, 23.09029481600015], [74.39363351400013, 23.115737603000046], [74.32924406300017, 23.066472605000047], [74.28818484000011, 23.091244469999943], [74.26673532000004, 23.154675300000076], [74.24103528000009, 23.17471155000001], [74.19917591999999, 23.182828380000046], [74.17542347999998, 23.152782780000074], [74.12213844000007, 23.177132370000024], [74.13155496000009, 23.27111415000002], [74.03782788000002, 23.298864840000093], [74.0177906400001, 23.329974329999985], [73.98695087999997, 23.33925000000007], [73.97553132000013, 23.375169450000037], [73.94246316, 23.370129540000033], [73.93605227999998, 23.340427470000062], [73.89587700000006, 23.334701220000024], [73.83073032000006, 23.45241537000006], [73.7786426400001, 23.44189194000003], [73.7533692000001, 23.456027070000022], [73.72565856000014, 23.41345022999998], [73.69232760000003, 23.453196750000053], [73.64556180000014, 23.440835340000003], [73.62521712000009, 23.454606780000013], [73.61599248000005, 23.480010180000026], [73.63622916000004, 23.524557390000027], [73.63744056000009, 23.62541544], [73.58870015999997, 23.654508300000014], [73.5469401600001, 23.625751950000044], [73.52516448000004, 23.62872060000009], [73.52075664000012, 23.715737190000034], [73.45993932000013, 23.748646500000074], [73.43269596000012, 23.802217289999998], [73.39901436000012, 23.796604980000062], [73.38034944000006, 23.811179489999994], [73.41206796000007, 23.92268481000003], [73.46352456000012, 23.942480130000014], [73.44044964000012, 24.05705157000008], [73.40970600000004, 24.07677615000007], [73.37718648, 24.133275450000006], [73.3530294, 24.121085310000094], [73.34144748000014, 24.07196574000005], [73.25481024000005, 24.014534219999987], [73.2121174800001, 24.065095860000067], [73.21299660000001, 24.100974900000065], [73.16996832000001, 24.10557804000008], [73.06432776000001, 24.205586760000035], [73.06813332000011, 24.236921790000025], [73.10468268000007, 24.260026770000024], [73.14984611999998, 24.33640284000002], [73.18359504000013, 24.316374240000098], [73.22628995999999, 24.336284220000064], [73.22279220000013, 24.376089420000017], [73.16327484000006, 24.35899617000005], [73.12209156000003, 24.394259340000072], [73.14773471999999, 24.474102030000015], [73.13111028000009, 24.50015442000008], [73.09942452000003, 24.49703007000003], [73.09545012000008, 24.47637210000008], [73.02252780000003, 24.497269019999994], [72.97285535999998, 24.46989309000002], [72.97751412000017, 24.441459300000094], [72.94330692000003, 24.43032693000004], [72.94827888, 24.382724490000022], [72.92112156000009, 24.359827590000098], [72.88346231999996, 24.354191430000053], [72.86450688000002, 24.37296633000007], [72.79373268000008, 24.380939160000008], [72.72899928000008, 24.36650271000004], [72.68836752000013, 24.408810990000067], [72.6814476, 24.464259090000066], [72.57574404000003, 24.478172460000007], [72.53927280000006, 24.51490244999998], [72.49367016000014, 24.45746049000003], [72.49951908000001, 24.415648290000018], [72.45752688000003, 24.412968540000072], [72.43365996000014, 24.47723385000006], [72.44590752, 24.511419269999994], [72.39261240000006, 24.50453040000004], [72.3601580400001, 24.557777279999986], [72.33744420000014, 24.562604610000076], [72.33503940000011, 24.54778791000009], [72.30036636000007, 24.54210279000008], [72.25458803999999, 24.579997020000015], [72.2824218000001, 24.602126940000073], [72.34635996000002, 24.594591330000075], [72.35730072000003, 24.623737470000055], [72.31469724, 24.61283100000004], [72.24011388000001, 24.63628103999999], [72.20636676000011, 24.61133547000002], [72.17458776000015, 24.617256300000083], [72.16058124000014, 24.639245910000078], [72.13401108000014, 24.634742940000002], [72.10044324000015, 24.654336570000083], [72.09674028000009, 24.70218102000005], [72.07182252000003, 24.709380120000006], [72.00099648000005, 24.688926810000027], [71.99850815999996, 24.653604600000005], [71.94984876000007, 24.62932449000003], [71.92543932000014, 24.64546122000008], [71.92976760000006, 24.668272169999998], [71.88255252000012, 24.678195750000047], [71.85958056000011, 24.60398589000005], [71.81388828000004, 24.619958820000047], [71.81842032000004, 24.650800740000005], [71.7996956400001, 24.672458250000055], [71.6613782400001, 24.633120510000055], [71.61483528, 24.67217457000003], [71.49059172000008, 24.67662461999999], [71.38204452000011, 24.62452506000003], [71.36456400000007, 24.63087384000006], [71.35978068000007, 24.670933560000023], [71.34170579999997, 24.683325479000022], [71.27561340000007, 24.65766432], [71.24470127999999, 24.661495890000033], [71.24848452000002, 24.72671835000008], [71.10703370699994, 24.67911275600007], [71.07219815700013, 24.708111152000082], [71.02277051800009, 24.815808042000047], [70.9441756040001, 24.931790125000035], [70.88896823700011, 25.151106851000097], [70.75473453900015, 25.276839287000012], [70.73860003200011, 25.332763844000088], [70.66647729500005, 25.397317270000023], [70.68171841700007, 25.52092539600003], [70.66851805999997, 25.532012776000006], [70.676140036, 25.662307608000027], [70.66382281400016, 25.700027180000077], [70.62241627000004, 25.717908857000086], [70.529429001, 25.683709005000026], [70.38932445000002, 25.67449407300008], [70.30054126200001, 25.69659082900006], [70.264852038, 25.720874086000027], [70.23223225300002, 25.783666249000074], [70.17387299900003, 25.827918946000043], [70.10358886400013, 25.931398096000084], [70.08640198300006, 26.08597184600007], [70.13407835899997, 26.146499928000015], [70.17478243800014, 26.240533902000067], [70.16495856900008, 26.295213295000057], [70.187220985, 26.374546506000033], [70.18734801900003, 26.476798345000045], [70.17459031400014, 26.553203200000024], [70.06969108900002, 26.60217714500001], [69.91711282200002, 26.58467644500008], [69.79894073100012, 26.600775989000073], [69.71505686300011, 26.657901], [69.51170327700012, 26.744495286000085], [69.48588674800013, 26.805040182], [69.51281527900002, 26.99269873300007], [69.590674588, 27.17555719400008], [69.87915671500012, 27.404622531000015], [69.94308899000009, 27.495049577000056], [70.02461154200012, 27.55296367500008], [70.13402559200004, 27.81171447300003], [70.235509181, 27.91133179700002], [70.29938482900008, 27.942931664000074], [70.37294104700008, 28.010832332000028], [70.50662295400004, 28.035494367000073], [70.58890978300006, 28.00805853800003], [70.67498881000006, 27.920674824999995], [70.68417194400013, 27.826624874000043], [70.74089289000001, 27.73777902400009], [70.76004822499998, 27.719180709000028], [70.8718507670001, 27.703501347000074], [70.97451398100004, 27.72878146200001], [71.2244937390001, 27.84228470900007], [71.38853494500005, 27.871139652000025], [71.66358216000012, 27.87590967199999], [71.8993850520001, 27.96098874100003], [71.93165669600013, 28.12427434400008], [72.00130904900007, 28.213721429000042], [72.12390839000001, 28.304058317000084], [72.20616669300007, 28.389478183000076], [72.29477689599997, 28.657996781000065], [72.40087275000008, 28.77872599099999], [72.479153308, 28.80649382300006], [72.73287548799999, 28.945698805000035], [72.94673652400002, 29.027272571000033], [73.013050956, 29.163231986000053], [73.09176012900004, 29.24432780300003], [73.28364453399999, 29.57610342400007], [73.3982540090001, 29.94527104600006], [73.66681550999999, 30.039167572000018], [73.80485853900011, 30.066376232000007], [73.97417461700014, 30.198789781000094], [73.97613903199996, 30.12554412900003]]]}, "properties": {"pc11_s_id": "08", "s_name": "Rajasthan"}}, {"type": "Feature", "geometry": {"type": "MultiPolygon", "coordinates": [[[[79.35040647300005, 25.162429814000017], [79.41254431700006, 25.071337576000094], [79.41248604000003, 25.050484914000023], [79.39428064400006, 25.041519217000005], [79.35359249500006, 25.068942337000063], [79.34075078100005, 25.05138765500002], [79.33923019900001, 25.082313405999987], [79.36774793100004, 25.08012146099999], [79.36304187500004, 25.118703202000056], [79.34244006700003, 25.13501041400009], [79.35040647300005, 25.162429814000017]]], [[[79.32133593200003, 25.190631306999997], [79.30478243700004, 25.17987429900009], [79.31832191600004, 25.199011113000033], [79.32133593200003, 25.190631306999997]]], [[[79.36361246050004, 25.196576206000096], [79.34796542100005, 25.18837543000004], [79.35417202700005, 25.20239175800006], [79.36361246050004, 25.196576206000096]]], [[[77.58185092999997, 30.387297893000106], [77.67196872600009, 30.373788160000167], [77.71837773700013, 30.3178475840001], [77.94140566900013, 30.22157398500019], [77.86558353993735, 30.111048511120128], [77.83041923783954, 30.077760729768674], [77.80505133056393, 30.081887128997117], [77.77641176962211, 30.041739637593853], [77.78950488181133, 30.00950951291371], [77.75209518303657, 29.97287653755539], [77.76597439407597, 29.95110252996492], [77.74073539890517, 29.927948958119618], [77.74911407998798, 29.906175693663503], [77.72128250479602, 29.86451044792496], [77.74780581512177, 29.847574038028032], [77.77748934289006, 29.787113305958876], [77.7716189951053, 29.749307786106524], [77.78489910477761, 29.73873214741792], [77.77291356110317, 29.72030571310967], [77.80985936692933, 29.7081341598412], [77.82116003340259, 29.673323310330687], [77.96170629502762, 29.716724345013276], [77.95173485502015, 29.685343818965734], [77.98726997974202, 29.67147969497786], [77.9751768205138, 29.652104015097244], [77.99890576912159, 29.638988775703265], [77.99227892118408, 29.60742047394412], [77.95750558505388, 29.609806712102746], [77.94659725716474, 29.591134714424058], [78.01458269962414, 29.577918263367827], [78.03378914601328, 29.610443713001974], [78.09675619606065, 29.625001248152557], [78.12215120000472, 29.655913279543874], [78.17179916082591, 29.67183822886311], [78.20052200562176, 29.71658644397753], [78.19152271999964, 29.734335072626447], [78.20588129959587, 29.740462431623968], [78.25014851601058, 29.732782897153406], [78.28876309701008, 29.765671914057087], [78.32937677298011, 29.759646802939685], [78.35823119700427, 29.785678760822595], [78.50107667993643, 29.732741894955947], [78.51833892437573, 29.71061127997182], [78.52913640100009, 29.62913526199998], [78.60125756600002, 29.56185759800006], [78.70174951100007, 29.496695550000037], [78.750875234, 29.495634017000047], [78.79557250999999, 29.465170834000073], [78.900586389, 29.441829844999997], [78.84250247100005, 29.41561484699998], [78.8345295830001, 29.378183640000074], [78.81912382190191, 29.388251842012444], [78.80701608530627, 29.324170762767995], [78.76257448710602, 29.333900193185144], [78.7276361321256, 29.289365583813773], [78.81247502909999, 29.24252238342547], [78.85888812224754, 29.25113385803549], [78.87695203622718, 29.23936224699276], [78.9192725848908, 29.13021272196009], [78.95984294197477, 29.13419314999864], [78.97747110100292, 29.15904887580146], [79.00292794081808, 29.124246349672752], [79.03121909202211, 29.118773804992045], [79.03993873212185, 29.12858043213545], [79.0129556928128, 29.133121333870967], [79.01990804483026, 29.15552988787383], [79.03653741076832, 29.144399842970067], [79.03664568101787, 29.168923025121693], [79.14262365004055, 29.123750121193023], [79.15417539625028, 29.101918125000278], [79.14265740630385, 29.069352505578635], [79.17325127675038, 29.047749181250268], [79.16423186187808, 29.019519645829103], [79.21070273513583, 29.025228679065215], [79.30238158901003, 28.96056857022121], [79.35926249431722, 28.953270308219622], [79.3685617289854, 28.970731594072138], [79.38265486483262, 28.930897616058257], [79.40518486857196, 28.929377279009735], [79.42052262330536, 28.897942711896793], [79.41561671800949, 28.85708472112086], [79.50672723089457, 28.859750386918023], [79.53951863104517, 28.894946983154387], [79.57102940117161, 28.876931204778153], [79.57321311647175, 28.84479492241548], [79.65750880207257, 28.867092671797398], [79.70380909200428, 28.839707445585802], [79.80885478498028, 28.89008839899033], [79.84198390895783, 28.861652915012733], [79.83057983604792, 28.848168290883777], [79.84469716478851, 28.835952434688913], [79.80948599104654, 28.799059227600562], [79.84880587997206, 28.799613904014873], [79.85875802809961, 28.84081601576501], [79.88189299684115, 28.83722201794566], [79.91102191000012, 28.80687374450009], [79.87606646722352, 28.816703306578425], [79.87338991077931, 28.800554701009847], [79.90279980800007, 28.785257877000067], [79.93571056200005, 28.789978043000083], [79.92426037199999, 28.773925662000085], [79.95688334494783, 28.722878381933178], [80.04187709500005, 28.75478248600006], [80.06230780600002, 28.78949425500011], [80.04630209700007, 28.811789050000133], [80.05469926500011, 28.830291355000067], [80.1079433340001, 28.82222925500003], [80.19662613600006, 28.756244119000026], [80.24914171799998, 28.748912537000034], [80.257068277, 28.71940031100005], [80.315247404, 28.693416625000076], [80.37663773605593, 28.63044333710912], [80.425929899, 28.636271475999994], [80.46340800399997, 28.620439230000002], [80.47274391100007, 28.584449633000094], [80.51690202800002, 28.551205520000064], [80.53105304500009, 28.57086382600008], [80.50001658200001, 28.664833820000077], [80.56639650300009, 28.6883641690001], [80.59199203350006, 28.678768184500022], [80.579940228, 28.657489971000047], [80.59673438166666, 28.65293917500001], [80.590710255, 28.643921047000006], [80.66926058900005, 28.636506465999986], [80.692158937, 28.5783610930001], [80.71637314866669, 28.559673977000063], [80.76848396000004, 28.557323372999996], [80.78895123700002, 28.515055208000003], [80.84858510200004, 28.483073747999995], [80.866152683, 28.483254794000054], [80.87236439499998, 28.50421866], [80.89518333500001, 28.50221534999998], [80.91587325649999, 28.45427165000006], [80.94435283900002, 28.466931032000073], [80.93810813499998, 28.455466082000033], [80.95539923400007, 28.445220019000036], [80.97922897599999, 28.45588410300007], [80.96755661900002, 28.443365175000043], [80.98056830000006, 28.431661801000082], [81.01417018100003, 28.450362558000005], [81.01499346800001, 28.435558134000058], [81.03259833800004, 28.43369153500007], [81.019244098, 28.41339648400004], [81.03603962600002, 28.39931746200007], [81.047882804, 28.41099291500003], [81.08778540200002, 28.37908096500009], [81.21307433500002, 28.358046581999993], [81.23502722500008, 28.32295124000009], [81.23595540600004, 28.283594250000096], [81.31865290950007, 28.19549664200006], [81.323471128, 28.16705564200007], [81.30603063299998, 28.161912561000054], [81.33280294100001, 28.146029384000023], [81.32432364600001, 28.12937832500005], [81.37355763600002, 28.13830933300004], [81.374488157, 28.175240910000085], [81.44553686600001, 28.162121642000034], [81.48371553700004, 28.118940492999997], [81.48812953600003, 28.075714227000045], [81.65667388999998, 27.984953014999977], [81.71628805799999, 27.97882303200002], [81.88339736600004, 27.857191671000056], [81.92565835800006, 27.859527012000015], [81.97216906099999, 27.927549279000083], [82.07410935500006, 27.922950738000004], [82.12663034550003, 27.8642447960001], [82.21719613124999, 27.841042119250034], [82.45021804700006, 27.6792170520001], [82.54273344950002, 27.684825851000014], [82.71121071300006, 27.723670769000005], [82.70808788400005, 27.664017470000054], [82.72551659000005, 27.66162911200006], [82.72825174700006, 27.60863754300001], [82.74661484800002, 27.593784715000055], [82.730126443, 27.502999741000064], [82.93037297700005, 27.496938426000014], [82.95283529699998, 27.467611283000068], [83.03312641000008, 27.448882734000065], [83.18416311800006, 27.45034971400003], [83.26855268000007, 27.387864825000094], [83.27727997900008, 27.348022255000068], [83.31879370050005, 27.329027977000017], [83.35873955000005, 27.34347954599999], [83.40479703900004, 27.404634332000008], [83.38626195100007, 27.440034118000053], [83.40293305900009, 27.465289003000034], [83.39253290250001, 27.48108762250004], [83.60812471400001, 27.470858711000087], [83.85672170500006, 27.34765658500001], [83.85693823800003, 27.33121069000005], [83.83555719350008, 27.321437700000114], [83.85605140700002, 27.30839388700009], [83.92291360000003, 27.31886051000004], [83.92987382900002, 27.29869847700009], [83.90759927800008, 27.275445360000003], [83.90975942166668, 27.250203946666737], [83.95246463000002, 27.235109568000023], [83.98923013900009, 27.176679090999997], [83.95906773100005, 27.139213642000012], [83.95258810800003, 27.089176572999992], [84.02504739400004, 27.097864025999993], [83.99594803487506, 27.067952136500114], [84.04375672300004, 27.040617302000033], [84.03406837033334, 27.012065053666742], [84.04936771500006, 26.962064720000075], [84.03806830550008, 26.94516165650008], [84.062235506, 26.890741669000104], [84.08199035, 26.877216307000026], [84.10728255400005, 26.892613917000027], [84.13984091900001, 26.885356622000053], [84.13634733600004, 26.85700873900004], [84.16246991600006, 26.834968782000054], [84.18732360650002, 26.860925920000053], [84.23915942000005, 26.8646964320001], [84.25683316599999, 26.841621553000014], [84.25475973400003, 26.80125194599999], [84.231380709, 26.75190417300007], [84.25197103100005, 26.729297432000084], [84.30330261100006, 26.75272724900005], [84.33107346900003, 26.688732721000083], [84.40301210600003, 26.67297284400004], [84.41469523366668, 26.62943587433338], [84.27586100000008, 26.60200512600007], [84.09156089766664, 26.640452987666738], [84.0938564460001, 26.60648166], [84.05984349933338, 26.546486348333417], [84.01009303300003, 26.52269967600008], [83.97980609600008, 26.531083461], [83.96985928100005, 26.505434794000035], [83.94094222000003, 26.521859571000025], [83.90815044000003, 26.515163854999976], [83.91396812300007, 26.448190200000074], [83.98544101100002, 26.432903804000038], [84.01680167500008, 26.447119501000035], [84.06886400899998, 26.387154770000073], [84.17800949000008, 26.36946614100005], [84.18498010800005, 26.313837887999977], [84.16594854100002, 26.24501856500004], [84.12116828300002, 26.260601232000077], [84.07914189800005, 26.219680859000047], [84.01929304100007, 26.238977003000027], [84.02823238800005, 26.21108231100003], [84.00011105200004, 26.185055567000045], [84.02113616999999, 26.16271314400008], [84.0140016465, 26.147801181000027], [84.0456792825, 26.094747116000047], [84.10634778100007, 26.088768933000036], [84.16355757999999, 26.025717637000042], [84.16945785966671, 25.984295760333417], [84.19971672100007, 25.99679238000004], [84.29650991699998, 25.944600908000023], [84.340015009, 25.95885978700004], [84.39114800800002, 25.934740458000046], [84.42139370400002, 25.89443520800002], [84.52673327399998, 25.883332449000104], [84.53768403600003, 25.867596277000068], [84.515817595, 25.86632020100009], [84.52931001100002, 25.837580575000082], [84.56232715600001, 25.840866678000015], [84.62375353950007, 25.799919989000028], [84.60084250525003, 25.765775168750057], [84.63295721200002, 25.734933668000068], [84.55991495400009, 25.744405538000045], [84.556741912, 25.687933617000066], [84.532920834, 25.697869942000015], [84.53713115600002, 25.733003883000002], [84.526679754, 25.687616690000045], [84.492096276, 25.680811619000007], [84.49081540325008, 25.69650949175005], [84.464086878, 25.70011079700006], [84.46361561900001, 25.724744768000093], [84.44012966075009, 25.705590827750044], [84.39497277800002, 25.741791487500073], [84.40031374799997, 25.753892354000104], [84.35123376000001, 25.753004457000003], [84.33244520900001, 25.74166195900006], [84.33227821983334, 25.679906155500007], [84.2944020340001, 25.684679021000075], [84.30683756299997, 25.67526559000005], [84.29631729700003, 25.668477404999987], [84.20975259300009, 25.67434750050007], [84.18284268700003, 25.726994652], [84.163553456, 25.734766158000063], [84.15471365, 25.72256168000003], [84.13914780700003, 25.72390289800007], [84.1474784900001, 25.735919090999978], [84.09895436800002, 25.722586562000046], [84.07588491000003, 25.699837185999982], [84.07877887300002, 25.640130985000006], [84.01880332500005, 25.61560300700004], [83.88082305699999, 25.51931686200007], [83.8564506100001, 25.46943555900006], [83.81396707699996, 25.454884351000015], [83.84339530300001, 25.437432545000046], [83.80283576599999, 25.43042784000001], [83.80473509500003, 25.41283527100003], [83.76528958350004, 25.38696292300003], [83.74053186675009, 25.410514260250036], [83.69823457300002, 25.393818750000005], [83.68076075583338, 25.37870626600006], [83.68996719500005, 25.36712669200004], [83.65503690500003, 25.36478771250009], [83.645136108, 25.338462285000038], [83.51901496900008, 25.30202610500004], [83.49843979900005, 25.280899254000108], [83.48527876100002, 25.288490548000006], [83.45906378900008, 25.252433985000064], [83.41900951900004, 25.253592581000092], [83.39135111899996, 25.20484898399998], [83.35473522000002, 25.19611000700007], [83.34670818800004, 25.157368958000056], [83.35971827600002, 25.128714800000015], [83.32318483000006, 25.020237717000068], [83.34416678200009, 25.008015544999992], [83.36034962400004, 24.86999698500004], [83.40166012650006, 24.821306005000018], [83.39392800700001, 24.780971511000057], [83.42483718883341, 24.77379564883336], [83.46761957000002, 24.728504456000064], [83.48819398966674, 24.73020848766668], [83.48462640600003, 24.705067673000055], [83.5219220700001, 24.681806995000052], [83.50448900100008, 24.652522313000066], [83.55241473666669, 24.622787300000034], [83.52794819299999, 24.601676344000087], [83.52183330100003, 24.54812194700001], [83.4063376325001, 24.50920152025001], [83.38891515300003, 24.44630045499999], [83.45282542300004, 24.36528356900006], [83.43306292800003, 24.33458392200006], [83.40982931200004, 24.336680432000065], [83.39102058499998, 24.31551510000006], [83.40544554200005, 24.268733146000073], [83.38042784999998, 24.23541002899999], [83.35189728800005, 24.120178708000036], [83.29839882500006, 24.075041892000012], [83.27193762000002, 24.012860860999993], [83.23710113400003, 24.006880614000078], [83.19930196200006, 23.920431309999998], [83.08019664500003, 23.866241287999998], [83.02596146800002, 23.878479098000035], [82.9430140525, 23.871147650000054], [82.848044105, 23.948968438000037], [82.81128663099997, 23.960343359], [82.80363955500009, 24.000147793000068], [82.767807765, 24.012419547999983], [82.75854984000004, 24.028025215000056], [82.77765395600004, 24.07315864599998], [82.72133422600004, 24.077908971000003], [82.67332711800003, 24.12517925200007], [82.6828602130001, 24.15363299300005], [82.72917148100004, 24.134989389000058], [82.75148292700001, 24.160818675000048], [82.74247705200005, 24.21471018400004], [82.76705252700003, 24.237757158000036], [82.77988004200002, 24.299584500000012], [82.77336231600005, 24.36887129899999], [82.72186978300003, 24.38049036500008], [82.74245461400005, 24.428892857000037], [82.74693758900008, 24.501018092000034], [82.72033840300007, 24.51327982300001], [82.72776634000004, 24.553758612000006], [82.75904978900003, 24.538131774000046], [82.81076968400002, 24.550589733000002], [82.80713820600002, 24.597494140999995], [82.77584908600001, 24.60069704400006], [82.77673910200002, 24.64312382000003], [82.70774941900002, 24.639068605000055], [82.70421405600007, 24.673896180000007], [82.67202113300006, 24.695080569333413], [82.54105012700005, 24.646428788000016], [82.52883090100003, 24.673168261999997], [82.46212865800003, 24.67394202999998], [82.43786560700005, 24.70324847199999], [82.417957982, 24.68726739400003], [82.42473613900005, 24.591928645000024], [82.37362059200005, 24.597033270000054], [82.34585071100008, 24.622954306999997], [82.31473114500007, 24.609489586000052], [82.31410458800009, 24.660770444000043], [82.27664563500002, 24.681308841000046], [82.27166063849998, 24.658324119500005], [82.25706899800001, 24.66995688300003], [82.24734344500001, 24.660284217000047], [82.23677665400002, 24.679369132000048], [82.25592426399997, 24.694650801000048], [82.256364712, 24.771032049000027], [82.25204777200004, 24.744840022000044], [82.23354104900001, 24.761783418000046], [82.23706920900008, 24.74302311200008], [82.21921489500002, 24.751079650000015], [82.230322645, 24.71838654000001], [82.21323509600006, 24.73454722100009], [82.18662961899997, 24.728972484000064], [82.20998792300006, 24.759359082000007], [82.20086124300005, 24.777298834000025], [82.22251616800006, 24.77516321500007], [82.22378742400008, 24.792782284000022], [82.19282722100002, 24.795917043000046], [82.21199120900008, 24.821678186999993], [82.17239438700004, 24.802141416999998], [82.18499945000009, 24.791093187000065], [82.14525688600008, 24.796438751000046], [82.13592317199999, 24.78283873500001], [82.10823613000004, 24.81102902000004], [82.03562580600004, 24.839473313000035], [81.97229550700006, 24.830590602000044], [81.91316659100006, 24.891785374000083], [81.92726158625004, 24.92195214550009], [81.91614004299997, 25.004102120000024], [81.905816009, 25.00931499600004], [81.89879970700008, 24.988287761000002], [81.83996986600005, 25.01615741500006], [81.79741363800002, 25.004654021000036], [81.74332244100003, 25.044121272000005], [81.70152888800006, 25.036360148], [81.66969345075002, 25.071330173250125], [81.62621946800003, 25.053171422999995], [81.61040797900006, 25.073236963000042], [81.64908362400008, 25.096479053000017], [81.64087759100003, 25.115239778000017], [81.62115915700002, 25.099769835500027], [81.60777057799999, 25.120991814000057], [81.63530874100006, 25.15437989300001], [81.59929460500007, 25.16443052500009], [81.60383699000003, 25.180895640000042], [81.58971684000004, 25.189388108000074], [81.52417044575007, 25.178680048000132], [81.54416326299999, 25.155227072000027], [81.53535628700004, 25.13827811600001], [81.48794166600003, 25.13223245500001], [81.52148829900004, 25.100642851000007], [81.49705521450007, 25.074734926000083], [81.41750664250003, 25.102901618000026], [81.45294314200005, 25.11156692200006], [81.43442132000001, 25.130308998000025], [81.406117377, 25.11843907200005], [81.35974127100002, 25.161208011], [81.32659773200005, 25.15985811700004], [81.32993001300007, 25.112650605000017], [81.31802481942857, 25.159763990571435], [81.28357019900002, 25.163469474000063], [81.26490041, 25.108279639000028], [81.27220554900002, 25.05532318700004], [81.23122134600004, 25.002486868000048], [81.20579648700003, 24.996374356000025], [81.22764611500007, 24.981643924500027], [81.21621468950009, 24.967428770750097], [81.229532465, 24.938545449000035], [81.20446065700007, 24.926678079000006], [81.21586752900002, 24.935099694000037], [81.18136163400004, 24.961196369000035], [81.15009610500002, 24.89667288300009], [81.09154700900004, 24.95374501700008], [81.02555146700007, 24.95602267650002], [81.03110078300003, 24.93413492200006], [81.01039702400003, 24.942797371000033], [80.96869863, 24.925051173000043], [80.95770312250005, 24.970134875000024], [80.91213270600007, 24.955910836000047], [80.91437412200007, 24.94328314500008], [80.82240250300005, 24.92520165800006], [80.80264613000008, 24.97068372200005], [80.83318642700004, 24.974465416000044], [80.86537717900005, 25.002652342999973], [80.84218750399997, 25.03741490200005], [80.89096546799999, 25.071036975000002], [80.88091407000003, 25.121038038000062], [80.91488777500003, 25.158280404999974], [80.88991843466671, 25.192997097000077], [80.84794269700001, 25.187177954999992], [80.847001154, 25.111148612000086], [80.81605627400005, 25.142429692000054], [80.75313485300005, 25.134603424999987], [80.73950105300005, 25.14619638200005], [80.716739985, 25.13255518199998], [80.73883477, 25.12451395100007], [80.73169014700002, 25.098125717000105], [80.76142729800006, 25.09982862600005], [80.79148568900001, 25.064467222000072], [80.72959337600008, 25.071875369000004], [80.68956175400005, 25.057044673000014], [80.68768363000008, 25.08601091800003], [80.668027692, 25.07652374700003], [80.66407829299999, 25.090825971000083], [80.61645333899997, 25.10002842200006], [80.64591617900004, 25.12306242800005], [80.60709077200006, 25.153402935], [80.59970484800002, 25.09675745900005], [80.61386501900004, 25.073189260000003], [80.57280109600003, 25.08603954900009], [80.55990935300007, 25.068178612000022], [80.50175232400002, 25.079234533000058], [80.51321242800002, 25.068385974000037], [80.50488460600002, 25.04326913100002], [80.54544642700004, 25.03073227700002], [80.54643889, 25.00246829100002], [80.49403856800002, 25.00086704700005], [80.45982709600007, 24.973052520000024], [80.43703664300007, 25.029076236000044], [80.45406754500003, 25.042582752999984], [80.49274413300003, 25.02853970600006], [80.50225521099998, 25.03854296600004], [80.47326689883337, 25.044978828166705], [80.45418558500002, 25.08441561600002], [80.38038955500008, 25.064201126999993], [80.40155739600002, 25.012769913999996], [80.37116779, 25.027509125000055], [80.33168989500004, 25.001909470000058], [80.28772118100004, 25.037031131000006], [80.29300018100001, 25.061100888000073], [80.36586767799997, 25.06762350400001], [80.36356141900002, 25.100716639000073], [80.38446796000001, 25.121067539000016], [80.361307005, 25.14391399900003], [80.43738483900002, 25.18273884900005], [80.40239460700002, 25.245706545000054], [80.38273930800007, 25.24018071000008], [80.35426760700003, 25.278920471999985], [80.31230126900005, 25.287913490000044], [80.31895638800003, 25.37041216700001], [80.27786842199998, 25.41945190800002], [80.25898021, 25.42031770700007], [80.24988944100004, 25.400371482000036], [80.19829879899999, 25.41205617000005], [80.19292155500005, 25.37745273200008], [80.16664316900003, 25.375506153000046], [80.13465341800004, 25.337020268000007], [80.09225095700005, 25.357850532], [80.07709806000004, 25.340747977999975], [80.03289899900007, 25.342695977000037], [80.00665533500008, 25.268944414000035], [79.94955093399999, 25.27041186800004], [79.91934860700002, 25.236493006000046], [79.90915208000003, 25.259772680000022], [79.87829608066673, 25.263954611000003], [79.85041043400001, 25.24810444700004], [79.86547030600005, 25.165012366000003], [79.88006299000007, 25.154196444000018], [79.851201437, 25.144037019000084], [79.85627863700007, 25.098808175999995], [79.75085312200002, 25.155267583000093], [79.67437446600006, 25.150490655000088], [79.66261857900002, 25.13789181100002], [79.61449050700003, 25.155658229999997], [79.60110272499998, 25.14405544700001], [79.60093561600009, 25.16275092300003], [79.57944773300004, 25.16217912800006], [79.56053458200005, 25.185087652000057], [79.50625444400005, 25.146314188000026], [79.51378496500007, 25.112755220000057], [79.47864202900004, 25.098237569000034], [79.45077546400006, 25.107212681000032], [79.46429759500005, 25.144415970000086], [79.42789488699998, 25.120595892000072], [79.42822262000001, 25.147084086000046], [79.40468474800008, 25.152477567000084], [79.41492865800006, 25.14054204400001], [79.39303393600002, 25.12625700900005], [79.37286333399999, 25.16539100299998], [79.38146254999997, 25.189915212000077], [79.40258719399998, 25.215529044000004], [79.43427732300005, 25.218302377000054], [79.43746983500004, 25.230889199000014], [79.42102051400008, 25.236388122000072], [79.45460248699999, 25.27536406999998], [79.48616551700002, 25.277443189000056], [79.45088142800005, 25.296757683000045], [79.43974220900004, 25.271989106000067], [79.39859438800002, 25.267927167000067], [79.39977033100006, 25.285470655000072], [79.36322884300006, 25.29822191700005], [79.36668885199998, 25.273413700000077], [79.35420534400005, 25.27189586399999], [79.32887168400003, 25.299214481000018], [79.342002828, 25.336688076000055], [79.29534019200003, 25.34527766500004], [79.27018797800001, 25.31592601700002], [79.26063442700003, 25.27148855400004], [79.27181589300007, 25.25870526799999], [79.29168674999998, 25.28239816200005], [79.31672163100006, 25.258958331000056], [79.34821312100003, 25.269802377000058], [79.32859297800006, 25.23157256900007], [79.34355158099999, 25.221211861], [79.33161237800005, 25.206584907999993], [79.27535705200005, 25.24899449500005], [79.27679953300003, 25.20394027000002], [79.29714291599997, 25.203602750000073], [79.30453642100002, 25.174484068000055], [79.268623732, 25.136705000000056], [79.25259540800003, 25.139608177000103], [79.250182833, 25.166767589000102], [79.230003158, 25.17138615800006], [79.21443237199998, 25.15793196100001], [79.23774615300002, 25.151657359000076], [79.23207020700006, 25.126672787500034], [79.20448021300005, 25.12586641900006], [79.18163818900004, 25.157521246000044], [79.16636769399999, 25.150502697000018], [79.176611887, 25.13562986633334], [79.16471060500002, 25.121811679000036], [79.11963477299997, 25.121104748999986], [79.11782280099997, 25.171064308999988], [79.08209481600005, 25.198635031000002], [79.05746323000004, 25.152704997500027], [79.02680863900004, 25.14893810800006], [79.02716094800004, 25.191400920999993], [79.04479269299999, 25.212953965000015], [79.05214921299999, 25.198674775000004], [79.05522210300005, 25.226953115000036], [79.01551526800007, 25.249768722000073], [79.00604149100002, 25.278996234000036], [78.97243171600002, 25.25262955099999], [78.99439865400001, 25.238518218000014], [78.99818123100007, 25.20405345700006], [78.96482252300007, 25.22319034500001], [78.935609983, 25.21842149800005], [78.88258022600009, 25.151632507000063], [78.86697120600009, 25.183796966000024], [78.88245633200005, 25.21830911799999], [78.86699294600002, 25.23654852500002], [78.87708599500006, 25.255758811000092], [78.89557251200002, 25.246960198000043], [78.91188186500005, 25.27727756500003], [78.93730863100005, 25.264138829000057], [78.95010452200007, 25.2677257660001], [78.94606330500001, 25.283625639000004], [78.97337096700002, 25.28329734400002], [78.95421039600006, 25.307762441000023], [78.9546337070001, 25.34831911099998], [78.92526456000004, 25.328853403000004], [78.9254228120001, 25.345384607000007], [78.90454150900004, 25.3350258400001], [78.87733824600006, 25.34616458700006], [78.85784594100001, 25.316816417000062], [78.87450969200006, 25.286548686000007], [78.84318423700006, 25.23170556500006], [78.80596402000003, 25.271611007000047], [78.82214155600008, 25.304586627000067], [78.78379246499999, 25.299036948999984], [78.84339858300004, 25.331765958000027], [78.83827967500007, 25.349716942999997], [78.8733369000001, 25.38900659950006], [78.94750497000001, 25.40318852700006], [78.93098496699996, 25.379610526000093], [78.89083970000003, 25.37643031700004], [78.92937731500008, 25.35176107700002], [78.95363306000009, 25.376921571000008], [78.97883426700007, 25.379124058000077], [78.961274086, 25.438661517000035], [78.94407175499998, 25.44358345700005], [78.92984279800005, 25.427643605000036], [78.90215814000003, 25.445766558000024], [78.93303185800004, 25.476287728333332], [78.91268121100002, 25.519271109000016], [78.94266200800006, 25.53768087400002], [78.93351252700002, 25.55971001400009], [78.91456932200002, 25.54016065600003], [78.88664289700006, 25.558246364000045], [78.86805852799999, 25.54356792100004], [78.87554212200004, 25.521153234000046], [78.82735706300005, 25.507336602000027], [78.85928298999998, 25.463092664999984], [78.83531925900007, 25.429419764000002], [78.81515279100003, 25.439444537999986], [78.84577146499998, 25.449884362000027], [78.83192118900003, 25.46303957300003], [78.81516240200003, 25.469671490000042], [78.80216514500003, 25.45570093599999], [78.80799554200007, 25.474581141000016], [78.78709893700001, 25.485976216000047], [78.75912131099999, 25.471557935000074], [78.73337403800004, 25.498454103000054], [78.7268095030001, 25.461105610000065], [78.75542434400008, 25.430666414000033], [78.79052322800001, 25.43951424900007], [78.81484876100001, 25.425240375000055], [78.74376535800006, 25.411669177000093], [78.74289861300002, 25.39449843600002], [78.76469678199999, 25.399770968], [78.75362811800005, 25.388223540000062], [78.77014000900006, 25.355818190000065], [78.72294172599999, 25.344581499000082], [78.71079329800007, 25.37286502100001], [78.65475640200002, 25.380533855000017], [78.65570904300006, 25.408999045000055], [78.672847059, 25.398259884000026], [78.70642116599998, 25.425125499000053], [78.69155721599999, 25.442302804000047], [78.65469933600001, 25.440401192000003], [78.636446245, 25.431157945000024], [78.63145005200006, 25.398838221000094], [78.60480795500006, 25.412841175999986], [78.58630491300006, 25.382050771000028], [78.561270106, 25.38857819800001], [78.55850665300005, 25.37568318800004], [78.5838407190001, 25.367224111000017], [78.57728766100004, 25.34244625200007], [78.52593767200001, 25.351012497000077], [78.549580477, 25.316693718000035], [78.50841194900005, 25.294318950000058], [78.49685465600001, 25.318645818999993], [78.47648162500002, 25.28951979900008], [78.44874853100006, 25.301630827000018], [78.43735589200006, 25.286085294000035], [78.45594798600006, 25.266934807000027], [78.50606623800003, 25.28866582200003], [78.51147418400002, 25.27389833000003], [78.53088231600003, 25.279618724000027], [78.53415752900004, 25.26554101900008], [78.57574400600004, 25.251622931000014], [78.55731656000007, 25.210655936000034], [78.568740484, 25.219323464000073], [78.599325202, 25.159173524999975], [78.60449207700003, 25.092967640000005], [78.63330242000002, 25.08326081600004], [78.65056148000004, 25.04906588600003], [78.631980748, 24.960542035000074], [78.66362639600003, 24.939197428000067], [78.68249646900001, 24.89607245700006], [78.77135016900009, 24.858243669000032], [78.789566756, 24.81201197700001], [78.771767744, 24.78818023400001], [78.77921173200005, 24.706087343000046], [78.74645619600004, 24.656555051000048], [78.75812886700002, 24.609081626000048], [78.79167028299997, 24.596940498000016], [78.88916907700009, 24.64361244700005], [78.95304575599998, 24.562462860999975], [78.95226859299999, 24.512199666000075], [78.97357832000003, 24.50290837900003], [78.94189619800001, 24.489785257000015], [78.92669652200004, 24.50953491300004], [78.919541484, 24.472800405000047], [78.95000084750006, 24.45206247050001], [78.99391959899998, 24.449046389999992], [78.97801680500001, 24.360645580000003], [78.92079980700002, 24.30736879700007], [78.92557823300007, 24.289298255000066], [78.89466340400003, 24.257441535000076], [78.89111775800002, 24.225469924999995], [78.83637337400008, 24.20509755700005], [78.82288487300004, 24.21329443600005], [78.82160526900003, 24.187623005999978], [78.80548137300006, 24.18092423800003], [78.77541838700007, 24.23996301100003], [78.77490604700004, 24.27659434300001], [78.75754964499998, 24.25018541100002], [78.74252309100004, 24.268210060000047], [78.7145904530001, 24.243818244000067], [78.677019502, 24.257659283000063], [78.67051177608371, 24.2816057482205], [78.63418333599999, 24.299111472000043], [78.636550414, 24.318734222000046], [78.59068668300006, 24.36133278400002], [78.52523548300009, 24.396713518000087], [78.49904415800007, 24.39448507200009], [78.48224133899998, 24.34893929599998], [78.40387947033332, 24.28206232066666], [78.33744987500008, 24.33054008800005], [78.37897095699998, 24.396507710000023], [78.27489105500005, 24.45271219600008], [78.28191121500004, 24.477505226000037], [78.25590894100004, 24.48470428899999], [78.25502853400002, 24.507464187000036], [78.23418096600003, 24.517820941000043], [78.271737574, 24.554500038000068], [78.27843563000006, 24.67049408300007], [78.22933106200001, 24.75397838400005], [78.22878315899997, 24.79948825100003], [78.17664338100006, 24.87170471800003], [78.34937771000004, 25.0130674430001], [78.34711681900002, 25.09215927600009], [78.38811028100007, 25.10393097600002], [78.41409367900002, 25.13023939700004], [78.44906595700004, 25.12456213600006], [78.43293509200004, 25.155987671000076], [78.46195399400005, 25.16653354900001], [78.40056333400005, 25.194300437000003], [78.39802334100004, 25.212263286000066], [78.41708833350003, 25.219716554500046], [78.36964028800006, 25.247876591000104], [78.37844226100002, 25.264061117000022], [78.36138776400007, 25.296261955999974], [78.31670256300002, 25.312631986000053], [78.34573458800006, 25.33221589500004], [78.33236865100002, 25.353871068999986], [78.30045527400006, 25.36367078500009], [78.34194123600008, 25.395247438000087], [78.35781731400006, 25.450911476000012], [78.38132727700008, 25.43819340600003], [78.42740060700005, 25.471632393000018], [78.41405570150003, 25.524667427500066], [78.43648921300003, 25.553572427000034], [78.45847121400001, 25.537166134000064], [78.47513679200003, 25.566132156999974], [78.57481363800007, 25.55497918499999], [78.61280610500005, 25.578276541000008], [78.61774362400001, 25.56141658200007], [78.64545178700003, 25.55614435900003], [78.71062116650008, 25.602949955500062], [78.80924281300007, 25.621167291000088], [78.81319092799997, 25.678471492000007], [78.75414135900006, 25.750392805000008], [78.80213759700007, 25.79949470200001], [78.82120713100004, 25.79704020700005], [78.82531405100002, 25.808832450000082], [78.80064168700001, 25.812694301000047], [78.81507472599996, 25.82682968900006], [78.83765254900004, 25.818771962000028], [78.84349197500003, 25.796267024000027], [78.86415143200001, 25.80277241100005], [78.86570266700002, 25.83116703600002], [78.84457506000003, 25.839150851000067], [78.84673942400005, 25.85742519900006], [78.88197620900003, 25.874757023000047], [78.88788220700002, 25.894459495999985], [78.87280711600005, 25.908206930000052], [78.92687133900003, 25.947058773999995], [78.92547173800006, 25.981167360000054], [78.94652818700001, 26.00054130899999], [78.94129750500004, 26.030378517000038], [79.0040876, 26.089282600999994], [78.94768134900004, 26.127374349000018], [78.96518436100007, 26.145567572000047], [78.99832797600004, 26.147380487000035], [78.980830015, 26.181101469000087], [79.02778639400002, 26.201205513000033], [78.99454855800006, 26.231543583000047], [79.02505564900002, 26.23987133000004], [79.03822794400003, 26.22072347199998], [79.0650384020002, 26.226450902000206], [79.07267830400004, 26.243605818000123], [79.04784743333339, 26.25512878800008], [79.0819386340001, 26.28059574100011], [79.09453501800004, 26.27239793000012], [79.10660640399999, 26.313253551000034], [79.13723011200001, 26.31517963000006], [79.13171160700001, 26.346491914000033], [79.09028387600002, 26.359063284000047], [79.10073089600003, 26.40321298400002], [79.13263696000011, 26.4108639135001], [79.14199917399999, 26.441846492000018], [79.07750678800004, 26.441654262500055], [79.06641926700006, 26.454156534999992], [79.07645301700006, 26.495105833000018], [79.03648403400007, 26.54178253], [79.01589586500003, 26.54108325100005], [78.99723049800001, 26.57885480500005], [78.97991750600008, 26.5716551135], [79.02261600700005, 26.594583668000013], [79.00308516800001, 26.636622325000022], [79.012822241, 26.670476333000067], [78.95393919700001, 26.654730703000048], [78.96717540300006, 26.690733883000014], [78.93153385, 26.71070256700004], [78.86993270699999, 26.705372788000034], [78.82521252999997, 26.76890658200007], [78.77676974700006, 26.766985727000034], [78.758847753, 26.79105057700005], [78.73288108100002, 26.78308951600002], [78.72878897800001, 26.800717697000017], [78.58177941799998, 26.753013077999984], [78.52324723599997, 26.78481215], [78.46114222400003, 26.788187964000073], [78.43419248599997, 26.828059081000063], [78.39425732800001, 26.823568712000053], [78.36775980400007, 26.867463615000084], [78.29641768000003, 26.85405698700006], [78.26982829300003, 26.840572548000083], [78.27026059100001, 26.821134378000075], [78.25137742200009, 26.820055805000006], [78.222790427, 26.830992352000024], [78.19724781000002, 26.87790717799999], [78.23257649100005, 26.871643437000067], [78.27212438200003, 26.91519462100008], [78.22334930900007, 26.943294103000056], [78.20915957599999, 26.928774323000034], [78.122009247, 26.948067292000108], [78.12199385500006, 26.91961079100008], [78.102978013, 26.91970049200004], [78.11158330500004, 26.894587259000055], [78.04868407916673, 26.90892285150007], [78.05430597200004, 26.871188272000065], [78.02917216900003, 26.850359931000053], [78.03538924, 26.869777749000065], [78.01283500000001, 26.905006453000077], [77.98756789700009, 26.89134082700003], [77.97270920100009, 26.90745194200009], [77.95258389899998, 26.89519846500009], [77.90682652450008, 26.915584168500025], [77.90015760599998, 26.883130586000078], [77.85389327900002, 26.91099382600005], [77.76123236000007, 26.932859852000032], [77.72002657500005, 26.899609330000004], [77.72402748600005, 26.875042706000038], [77.69001793500001, 26.87518373000007], [77.611401253, 26.828303216000013], [77.608083271, 26.839742942000008], [77.57525951400002, 26.82124340133337], [77.52606367599998, 26.819359483000035], [77.52069969600007, 26.841722931000053], [77.50116772000003, 26.843492463000093], [77.4894098960001, 26.78560132250006], [77.504901928, 26.767674064000055], [77.489342308, 26.747122715000046], [77.46026480700002, 26.73844964500008], [77.46919870200007, 26.770980799000007], [77.43426674900002, 26.767280481000086], [77.44626337400008, 26.814252581000083], [77.42411945200001, 26.836310594000054], [77.42641738399999, 26.859882287000033], [77.66278833299998, 26.9713009860001], [77.675110631, 26.95999935200007], [77.72500223300005, 26.987180136000063], [77.74483265300002, 26.98229507600008], [77.76416821900006, 27.005233386000057], [77.74031432200009, 27.030301905000073], [77.731710557, 26.99348887700007], [77.71423403400003, 26.996006662000024], [77.68227308900003, 27.045714671999995], [77.66793747700005, 27.018292583000022], [77.64307833600004, 27.025892319999997], [77.63185300300003, 27.011176378000087], [77.59309945700005, 27.03439602200007], [77.56432374250002, 27.03057445850002], [77.57296348300004, 27.07035381200001], [77.520032302, 27.06633076100003], [77.52588530800006, 27.082609669000032], [77.50593846800005, 27.09147052399999], [77.51852891700005, 27.102958303000054], [77.59888389900001, 27.119044494000008], [77.62158842100001, 27.17263412100007], [77.64372373866674, 27.164346295333427], [77.68144423800001, 27.191804469000033], [77.650464286, 27.208428787000013], [77.65268981800003, 27.2431092015], [77.62590330900007, 27.257711154000027], [77.61222323900006, 27.293769491500072], [77.62904787200002, 27.33441900700003], [77.58690212300002, 27.32314237700003], [77.50188687700002, 27.381825745000018], [77.446055388, 27.389231087000073], [77.42509913399998, 27.42155413200001], [77.43626127100002, 27.45449382099999], [77.40187709499997, 27.474128540000006], [77.39001167100002, 27.50745903500008], [77.34406389700004, 27.523561148000017], [77.33720056099999, 27.566451596999983], [77.35719515400002, 27.58542461300005], [77.31814990400007, 27.60273950900006], [77.34925051300002, 27.648065736000035], [77.34077281700006, 27.698304360000034], [77.30769819200002, 27.710592647000073], [77.324415958, 27.730650815000043], [77.313605184, 27.784309764000067], [77.28774123900007, 27.80042877500007], [77.34977596500006, 27.850069704000088], [77.42195691600006, 27.856203050000058], [77.41273580300005, 27.878187399000062], [77.42404681800005, 27.893975900000076], [77.45130162200003, 27.878469898999988], [77.47339970000003, 27.888171005000014], [77.48243636700006, 27.93838393700002], [77.53317388100004, 27.933340103000045], [77.54923192000005, 27.946902332999976], [77.55168693800006, 27.963641719000062], [77.52115993000005, 27.970642577000046], [77.54636199600002, 27.994050240000043], [77.48150414900002, 28.04166519300003], [77.49255261950002, 28.066873886000096], [77.476325566, 28.093176565000086], [77.48683030299999, 28.11219831200001], [77.50407363200003, 28.100176322000067], [77.51509871100001, 28.131072877000015], [77.49132786600006, 28.141537387000056], [77.50649613700001, 28.16265078600003], [77.54040353200003, 28.164178106000012], [77.55511255300009, 28.180566347], [77.5496349300001, 28.19319375800003], [77.50359465500001, 28.18201301200006], [77.50007728900005, 28.206367228000037], [77.53150981600002, 28.197035317000005], [77.52536087600001, 28.225621273000087], [77.55861628999999, 28.243262452000092], [77.47508435600007, 28.268393634000052], [77.50871571400008, 28.28031739200004], [77.50747446800004, 28.303656252000028], [77.47308303550008, 28.327670071000085], [77.51089839600002, 28.358274801000046], [77.47854818700004, 28.3944465160001], [77.486288286, 28.410744416000075], [77.44360403300004, 28.427419787000105], [77.436818238, 28.453575061999977], [77.41490140299999, 28.45479575000008], [77.41139005000007, 28.469404658000016], [77.37912575600002, 28.479293311000017], [77.37391323900003, 28.501028292000083], [77.35001495900012, 28.505130237000106], [77.30099783100012, 28.582138245000074], [77.34191742300008, 28.605985582000123], [77.33377141400003, 28.630923070000044], [77.30547146999999, 28.637417820000074], [77.33279523099999, 28.682378678000106], [77.33027867175002, 28.71339306375001], [77.29143198100009, 28.70754318200007], [77.26822638900002, 28.751943355999984], [77.23836535300005, 28.752034171000037], [77.2039767620001, 28.788358593000027], [77.20629577000003, 28.804298898000077], [77.22562355000005, 28.799324669], [77.23748431700007, 28.81861161100002], [77.19085184300002, 28.874065846000082], [77.23338472199997, 28.902304380000018], [77.21147567650003, 28.908694856000036], [77.20302022899999, 28.994397254000045], [77.16923609400004, 29.031455576000006], [77.16404076600006, 29.07140927600008], [77.13672507850005, 29.08874626000005], [77.15344202600002, 29.164382826000054], [77.13889470200003, 29.206947823000093], [77.15678076800005, 29.223071914000073], [77.14561258500004, 29.25341205299999], [77.16362449799999, 29.300516750000035], [77.13238312200002, 29.322494239000005], [77.13162645900003, 29.345432507000066], [77.16546633600007, 29.380936241000096], [77.14084709200019, 29.389222952000157], [77.15484400000003, 29.428744933000036], [77.13353368300001, 29.441749921000046], [77.13374443700003, 29.475097517000023], [77.09896967800002, 29.508694133], [77.12207470900002, 29.535761707000038], [77.09977149400001, 29.578444502000053], [77.14319273200002, 29.685821557000022], [77.12899961033335, 29.70371084133346], [77.13500372100005, 29.778659621000067], [77.18046884000006, 29.815249348000158], [77.20756050200005, 29.90196150200005], [77.27396121499997, 29.975355750000062], [77.28354610399998, 30.027423101000025], [77.41833206700007, 30.09320956900002], [77.40672033800006, 30.09984349400002], [77.431661414, 30.145100793000065], [77.47508228499998, 30.171493314000028], [77.53693744200004, 30.26401073700001], [77.58314512200003, 30.30357045500008], [77.5995106970001, 30.355333083000055], [77.58185092999997, 30.387297893000106]], [[84.31479989500002, 25.737206410000088], [84.32004889500001, 25.73256841000003], [84.32031389500008, 25.73755041000004], [84.31479989500002, 25.737206410000088]], [[78.51750213700006, 25.1778005140001], [78.50389505200008, 25.15876864800005], [78.53477038900004, 25.179857848333395], [78.51750213700006, 25.1778005140001]], [[80.45627089099999, 25.135238317000027], [80.44533485700002, 25.12509174100009], [80.45998555300004, 25.130106151000028], [80.45627089099999, 25.135238317000027]], [[80.52171033515557, 25.102658997206703], [80.48493408100006, 25.104773920000042], [80.52564530500003, 25.088894832999994], [80.52171033515557, 25.102658997206703]], [[80.486398529, 25.071576014000104], [80.48662482499998, 25.057477672000047], [80.49491799800005, 25.055586791000003], [80.486398529, 25.071576014000104]], [[83.33732235470139, 25.18079913202794], [83.34237915300005, 25.180758365000052], [83.34347965299999, 25.18200186500009], [83.33732235470139, 25.18079913202794]]]]}, "properties": {"pc11_s_id": "09", "s_name": "Uttar Pradesh"}}, {"type": "Feature", "geometry": {"type": "MultiPolygon", "coordinates": [[[[84.52420322327025, 24.26671209912213], [84.50404390969935, 24.26569062250524], [84.51109958640109, 24.283066215702295], [84.52420322327025, 24.26671209912213]]], [[[83.34237915251465, 25.180758365251407], [83.34009565251463, 25.182530865251426], [83.34352365251458, 25.181893865251478], [83.34237915251465, 25.180758365251407]]], [[[84.32004889506199, 25.732568409967257], [84.31479989506192, 25.737206409967225], [84.31988989506198, 25.737895409967212], [84.32004889506199, 25.732568409967257]]], [[[84.10425469100122, 27.519887870328915], [84.15512454666052, 27.51675489402315], [84.15371728842213, 27.483778335601702], [84.21091764283499, 27.46562509921898], [84.21195242166695, 27.43976198302914], [84.25822350141354, 27.44557451095487], [84.29310583206852, 27.38224446021363], [84.62304946583616, 27.337025560423797], [84.69350721784892, 27.214954725335335], [84.67788362183973, 27.09490081498299], [84.64903818198124, 27.076244132683843], [84.64632191383998, 27.039840722847405], [84.7554250606934, 27.00399589130312], [84.77539086817734, 27.01741214963239], [84.79002247704335, 26.997408834612443], [84.83355449371777, 27.01918306120968], [84.85700977056432, 27.00750997804898], [84.85482160711362, 26.987847513353177], [84.96166859260192, 26.960725631779322], [84.98106354653308, 26.939391663735165], [84.96773066498618, 26.915943921768356], [85.00343626707777, 26.909632691057602], [85.00686938672368, 26.89261828630832], [85.06605968529017, 26.884519704662843], [85.02505184050789, 26.85488360802138], [85.19306652183766, 26.86668636925454], [85.19644353299557, 26.836760813902746], [85.17940496488272, 26.809032296237753], [85.21133959701021, 26.758696379975863], [85.33923688336581, 26.74250695982375], [85.41017333680729, 26.788087354500853], [85.45361772460538, 26.77875583581669], [85.56658414730762, 26.838272455578934], [85.57578355696815, 26.856819464237955], [85.58713326847868, 26.844705417541167], [85.63445616955549, 26.86881825490993], [85.64178472942912, 26.85084475075222], [85.71660139609438, 26.82126650799813], [85.73431963575473, 26.79556232071175], [85.73211788603273, 26.654054081847963], [85.81929315323782, 26.60259114646609], [85.85226246240278, 26.60754150976644], [85.85085305433341, 26.569793399830285], [85.92971211541949, 26.615687544695884], [85.94806516972415, 26.612484939209033], [85.96544612450012, 26.653671764605388], [86.02813993889838, 26.666753115245875], [86.13485070308072, 26.627334759236895], [86.14062987032094, 26.604414032938436], [86.16762751182323, 26.615888038966315], [86.18906853316082, 26.612023723771458], [86.19406453428313, 26.591410411748825], [86.23363161336846, 26.59094881424949], [86.24885751196291, 26.61402473019859], [86.32972090269027, 26.616573206335023], [86.49382550970302, 26.541404855510095], [86.53622386279301, 26.536647367853824], [86.56505796951616, 26.49649578352776], [86.6169073430668, 26.48521830531426], [86.6273221277897, 26.465908258190204], [86.69439177108265, 26.44830510791357], [86.72986321624956, 26.421926093595513], [86.76620305630145, 26.457575268603225], [86.83889731496652, 26.43800544164366], [86.89276621028759, 26.459361839262105], [86.890327758592, 26.48417000721571], [86.92806758030143, 26.487978118239383], [86.93309869735621, 26.515143383328862], [87.01351100518657, 26.532262857434116], [87.04401313843535, 26.585840751159648], [87.06993658752155, 26.583076585824003], [87.08875029737584, 26.44995440393972], [87.16485383359016, 26.403485539175694], [87.25743130682524, 26.4117357969864], [87.26599476490726, 26.37375243171139], [87.31177431795558, 26.370787469207254], [87.34157955050783, 26.347458656509367], [87.36833132082839, 26.40612150410647], [87.46551122479546, 26.439047520753686], [87.54641803000726, 26.415920531665], [87.60480775375585, 26.37840334868756], [87.65133325044401, 26.391387462356505], [87.67810034324856, 26.413089071754644], [87.6787477331705, 26.431965337898585], [87.76192762802673, 26.406928502995605], [87.791532294076, 26.465505037994483], [87.84805265293886, 26.432901704503372], [87.89348496221336, 26.486302622417032], [87.91073193356684, 26.460518212086356], [87.9011059516193, 26.44664148647847], [87.92529751513447, 26.44395301657932], [87.92859702921677, 26.4144565373252], [87.99520061052081, 26.389200751733974], [87.99760868910083, 26.365092215557237], [88.01838339580846, 26.359064232546356], [88.09865768447516, 26.449275972698935], [88.09191721914686, 26.46291416066767], [88.11209705603761, 26.490499008929177], [88.10292016980785, 26.5412875295281], [88.14524082222839, 26.509200910760086], [88.16829749635468, 26.53866335724649], [88.21719152601206, 26.535255283012823], [88.21443286199325, 26.55732419830946], [88.23214276152696, 26.552489590038228], [88.23377126520757, 26.532777132433324], [88.18102555652052, 26.489171157181953], [88.19673913328687, 26.470503608583837], [88.22615410337909, 26.476603014378938], [88.21100560250494, 26.46422275827954], [88.26999677838758, 26.420729291598185], [88.2288009395892, 26.390747370890185], [88.23465639655134, 26.379819618137986], [88.27753425126738, 26.379270816416586], [88.29474230834258, 26.352185984520013], [88.27447695801895, 26.329337469145283], [88.2492735465143, 26.335309430318418], [88.21236765893383, 26.27798923762422], [88.14206818340055, 26.2505905260454], [88.14009158784648, 26.227379749293153], [88.11353521710173, 26.22300104750382], [88.06830894735648, 26.1720393762605], [88.03086474636403, 26.179400433769104], [88.00535277143746, 26.163872234765137], [88.00698617178462, 26.148076358561653], [87.97182472369727, 26.147242033919568], [87.96552099323466, 26.124025475625498], [87.98334377066288, 26.110849139595413], [87.96009251304433, 26.099815613119567], [87.97992575355016, 26.07713333736584], [87.95087674098232, 26.08127133125809], [87.94756565776885, 26.066528541457487], [87.92330339753738, 26.09146003007597], [87.87708611151146, 26.044901500722236], [87.85388004857886, 26.04173258854788], [87.83975557696184, 25.935435371563806], [87.80933535792039, 25.935815341363252], [87.82996289429184, 25.87129595564582], [87.9154673873841, 25.85090839053413], [87.89034091738968, 25.827388202689136], [87.91594979428056, 25.812044866943825], [87.90086609671492, 25.804494960604693], [87.9049084003264, 25.76474466783639], [87.93934221179578, 25.770491989387597], [87.96537348600451, 25.718534423897474], [87.9901008309357, 25.721716227272736], [88.02001593964803, 25.708232077607803], [88.01908485406437, 25.694597313640507], [88.05097872283332, 25.692147210489566], [88.05083466260805, 25.6478502815053], [88.03716296101057, 25.642372122178067], [88.05541452349397, 25.636552824661848], [88.03455403862523, 25.62267973596891], [88.04022458014815, 25.601855254277147], [88.01910752097015, 25.591658070010656], [88.03865622941692, 25.570318277074463], [88.02573756666163, 25.55665353867401], [88.04378048191018, 25.560137162553772], [88.03577796206534, 25.538387870801834], [88.07704182968115, 25.507716016436696], [88.06303057952407, 25.491178374754483], [88.03007595427017, 25.490613855700403], [88.01353427908766, 25.508514867037654], [87.99409380807566, 25.501619649725956], [87.99088909807028, 25.526186571667772], [87.93094695021138, 25.53522560818101], [87.90515401815577, 25.50412164735832], [87.88586898624241, 25.515322769102053], [87.86484802432213, 25.488016338230132], [87.8694450705411, 25.46964355909472], [87.83974780075985, 25.46790648189708], [87.82730208457616, 25.437698162964914], [87.78673356052886, 25.44783542293095], [87.77587921100691, 25.409190441393545], [87.76328783948672, 25.412734656788402], [87.76661640871887, 25.382629360940165], [87.79298855474282, 25.372434803458063], [87.79527095876274, 25.326183483572414], [87.85062240752683, 25.302221971785762], [87.85840651871703, 25.28408015373492], [87.85481155719657, 25.25616105135756], [87.82754604472478, 25.23396826995475], [87.84083823665752, 25.20031017489169], [87.74525073561898, 25.23319591468097], [87.70788931656348, 25.260965467580018], [87.68785124500135, 25.313060434003173], [87.5986905389758, 25.318245946180248], [87.58460358705298, 25.347116887131524], [87.55099151293165, 25.33502201887455], [87.5415075282965, 25.282239001950465], [87.4926218558282, 25.31031883420612], [87.49803178322777, 25.26421493120415], [87.47321613216359, 25.240314979227016], [87.47764661550308, 25.196685884020717], [87.39970571180775, 25.22744664315296], [87.37084654304725, 25.20445296657091], [87.32752337601531, 25.22234183465802], [87.29500982783334, 25.09234034157862], [87.25048911677797, 25.107928772041962], [87.23793635108343, 25.087703423467453], [87.21482945611862, 25.09224541885134], [87.14843464919805, 25.023317096993022], [87.1429745094364, 24.91830553226418], [87.16469423459276, 24.886754106655737], [87.15255003805913, 24.865737082238923], [87.10864116106328, 24.858351753080296], [87.09908342241519, 24.830444656093572], [87.07737087704909, 24.824803418877902], [87.1033232071885, 24.80757696886656], [87.07656137170821, 24.749837101439173], [87.08657683757596, 24.72872133066034], [87.05442416566864, 24.65161786344224], [87.05370186310617, 24.609557060212225], [87.01766774553228, 24.630020660594173], [86.99660691034126, 24.618538483051097], [86.97658669250679, 24.636411452330073], [86.95101664961831, 24.630254294613948], [86.95492575668328, 24.64605121561617], [86.93693371646845, 24.649094676041535], [86.94211832693676, 24.633601416829162], [86.90697007174641, 24.5890428763312], [86.91503093606289, 24.542082009234342], [86.88163296252532, 24.57139124471642], [86.85959412105291, 24.554657592038684], [86.8446376753929, 24.557500828797515], [86.84367576170074, 24.575001895296808], [86.8063392194533, 24.567748234743178], [86.81066119243823, 24.5973334205506], [86.7897649209234, 24.61819608473562], [86.75390507719811, 24.6208159055297], [86.73725900544102, 24.57886126805978], [86.67538574683834, 24.56700408064457], [86.60876564132352, 24.607805149079617], [86.5810497695569, 24.567489819365193], [86.55885567371718, 24.561444346173364], [86.55405054192045, 24.538859955446743], [86.52484221046146, 24.536650456964345], [86.50646333756109, 24.51560723122544], [86.48997468405462, 24.462981433394745], [86.50056943803195, 24.43266425280449], [86.47289303807612, 24.425494100192754], [86.47568754938888, 24.383928512705285], [86.45509246444271, 24.3692984671079], [86.40761334580489, 24.382348147486862], [86.35490669184635, 24.449145865723118], [86.32662990322162, 24.443500173957386], [86.2838222477288, 24.46775241645421], [86.31300679957583, 24.511228795206893], [86.30170034077142, 24.534732884996732], [86.31889166129749, 24.587622888256785], [86.25947269717109, 24.5799653936367], [86.21935307532328, 24.614293117332927], [86.21740949093252, 24.59451769073516], [86.17774445859183, 24.584465528298324], [86.13248392499555, 24.61029208536319], [86.11998489882487, 24.6427858031068], [86.13285142860639, 24.695939130282415], [86.09073805429466, 24.746986050931138], [86.03880420163348, 24.743958945855823], [86.05523019426124, 24.780561854215918], [85.95091212600998, 24.72957525528557], [85.9069006811601, 24.755045910959325], [85.86593744919924, 24.807049532396327], [85.82210552729998, 24.811285682055647], [85.79461742766136, 24.7968833896916], [85.73689356598848, 24.81973979509425], [85.7072092005283, 24.77863904805105], [85.6983422458466, 24.706558230815187], [85.65176648471073, 24.683598570395112], [85.67511381327017, 24.614280464350177], [85.66571177639055, 24.57613423913337], [85.5783985634507, 24.595525852661634], [85.56381162487038, 24.584478611443114], [85.56871688007091, 24.558110784301043], [85.53963666360191, 24.55895264729485], [85.53989432929718, 24.534162800008094], [85.52115302762368, 24.519930260688735], [85.50021458832502, 24.54298782918983], [85.43017664647357, 24.533532069971095], [85.37482279090698, 24.556889961720948], [85.39304193369874, 24.540308480325187], [85.37999492628244, 24.527233868311512], [85.28321447660838, 24.52187585728279], [85.2829644130499, 24.48977945418623], [85.24592511796847, 24.486859479262687], [85.22711950218502, 24.464966151957398], [85.15989902425574, 24.460836023723406], [85.17435160506616, 24.419478061271324], [85.12172773275353, 24.403330032610867], [85.09317621059695, 24.376600700242776], [85.07300944210661, 24.384399713000246], [85.07916765918466, 24.432853151900144], [85.06140597680769, 24.40788260255838], [85.02876616203352, 24.417403997911688], [84.9756832443858, 24.376902202044523], [84.90358323400295, 24.36729984290514], [84.88745244898519, 24.46132344260484], [84.83839318330801, 24.45224966318394], [84.83967833096715, 24.51300736604852], [84.80324022113707, 24.531514347070157], [84.78622273128042, 24.502781988937524], [84.74685223556983, 24.49668364869478], [84.72643625600016, 24.467426123], [84.68731021692388, 24.457160828101262], [84.66338686606365, 24.392227768415683], [84.56853459842168, 24.40900556926405], [84.57432432643195, 24.385088630407722], [84.52989484483106, 24.37642651680648], [84.53167686445848, 24.338321027422424], [84.50019521891319, 24.28665177443142], [84.47583504625253, 24.297774613624043], [84.5054906621308, 24.330695840829883], [84.48127561981487, 24.312565714973275], [84.4594560762589, 24.335933246712823], [84.42332357674988, 24.331871696889426], [84.42818604008959, 24.357172019429537], [84.38630443333919, 24.38815149675005], [84.34462765603693, 24.39238402651805], [84.32202100777673, 24.41963171718776], [84.3380202290505, 24.43011059270209], [84.29857458588303, 24.450756457733632], [84.29756877732233, 24.474640098372088], [84.32923859127905, 24.488173646384922], [84.298469814963, 24.56196755242653], [84.2738427728512, 24.560636215756645], [84.28308117392795, 24.546821938720406], [84.26105162695174, 24.528819824720646], [84.23845744113194, 24.553127490801238], [84.21978024335743, 24.534236218391378], [84.19585223553563, 24.556401103595412], [84.17707977252506, 24.546592591591118], [84.18446117973204, 24.508836794223118], [84.16171931719072, 24.512817819625518], [84.17074536906703, 24.531634271564403], [84.15064902284675, 24.540773122507428], [84.14802904385094, 24.503751533613713], [84.11240579373525, 24.482815162251445], [84.09121222873902, 24.510483452694118], [84.09795693204947, 24.537206725250357], [84.05023672573186, 24.612459159739938], [84.00596561348088, 24.645425788122818], [83.91819705110564, 24.542748705152015], [83.79103235908465, 24.530479249358702], [83.72409728969127, 24.507493344503914], [83.50775785205427, 24.52741591897086], [83.50175861166784, 24.5410310501973], [83.53300860681144, 24.565440515549483], [83.52794819321518, 24.601676342326314], [83.55237375191446, 24.623649317737048], [83.50448900134806, 24.652522312679523], [83.52192206986899, 24.681806994423624], [83.48462640552859, 24.705067673362343], [83.48819405331236, 24.730208458897515], [83.46761956959013, 24.72850445632256], [83.4249328668247, 24.773720971821763], [83.39391998313017, 24.781080873745495], [83.40191754183523, 24.820575583554913], [83.36034962423086, 24.8699969850218], [83.34415878784166, 25.008047585512635], [83.32318482883237, 25.020237715673574], [83.3597182766355, 25.128714798145943], [83.34670818813387, 25.157368958433132], [83.35689991231456, 25.198614409676598], [83.3913511189837, 25.204848984052294], [83.41096973300415, 25.248303955563486], [83.45906378945011, 25.252433984539987], [83.48527876083844, 25.288490548237416], [83.49843979866431, 25.280899254110242], [83.51901496893115, 25.302026104600447], [83.64513610770521, 25.338462285314897], [83.65503690499452, 25.364787712232836], [83.68996719455612, 25.367126691874805], [83.68076075575858, 25.378706266249548], [83.69823457338343, 25.39381874964509], [83.74056975139057, 25.410508583537958], [83.76528958324565, 25.38696292286414], [83.80473509518689, 25.41283527142245], [83.80283576626111, 25.430427839989175], [83.84339530264961, 25.437432544983793], [83.81396707748819, 25.45488435147217], [83.85645061011316, 25.469435559136308], [83.88082305695876, 25.5193168616289], [84.01880332647407, 25.61560300477826], [84.07877887237669, 25.64013098532277], [84.07588491012872, 25.699837186298055], [84.09895436824675, 25.722586561831292], [84.14747848981312, 25.7359190916114], [84.1391144063052, 25.723965549843605], [84.15464522969982, 25.722554740207556], [84.16355345613988, 25.73476615821305], [84.18284268742732, 25.72699465228537], [84.20975259284731, 25.674347501348635], [84.29631729651143, 25.668477403891274], [84.30683756271344, 25.675265587984683], [84.29440203378986, 25.684679021243525], [84.3322627800382, 25.67989237025293], [84.33244520922658, 25.741661959041004], [84.35123380184714, 25.753004456113246], [84.40091777134846, 25.753571499086355], [84.39494573077333, 25.74180542527643], [84.4401296608721, 25.705590827717003], [84.46361561941922, 25.72474476812124], [84.4640868782724, 25.700110796953965], [84.49117785451384, 25.696252319881538], [84.49209627606962, 25.68081161892842], [84.52667975372509, 25.6876166902387], [84.53713115631966, 25.733003883426505], [84.53292083386943, 25.697869942136705], [84.55674191160564, 25.687933616662026], [84.55991495370512, 25.744405538244028], [84.63295721248052, 25.734933668028845], [84.60084250483098, 25.765775168716484], [84.62375353938612, 25.799919988935457], [84.56232715587034, 25.84086667842785], [84.52931001138717, 25.837580575238558], [84.51581759506537, 25.86632020122329], [84.53768403554437, 25.867596277400548], [84.52673327445979, 25.883332449277393], [84.4213937035132, 25.89443520760611], [84.39114800846896, 25.934740458363223], [84.3400150085106, 25.95885978663953], [84.29650991670607, 25.9446009081257], [84.19971672077295, 25.996792379760944], [84.16943930726725, 25.98430069871974], [84.16355758004865, 26.025717636719467], [84.10634778137238, 26.088768933181846], [84.04223372641661, 26.09775039382923], [84.00019871511101, 26.184401682473965], [84.02823238830833, 26.211082311346154], [84.01691711922385, 26.236471230375788], [84.07914189816896, 26.21968085919669], [84.12116828331273, 26.26060123190602], [84.16423075658903, 26.24319238535858], [84.18498010823478, 26.313837887776245], [84.1780094896749, 26.36946614087384], [84.06886400873405, 26.38715476971559], [84.01680167453796, 26.447119501333546], [83.98544101094912, 26.432903803697435], [83.91266410778346, 26.44939089479424], [83.90961821593858, 26.516922307341847], [83.94094222000099, 26.521859570780734], [83.96985928120122, 26.505434794398205], [83.97980609560926, 26.531083461056667], [84.01009303295508, 26.52269967585202], [84.05984349927866, 26.546486348562034], [84.09382083610932, 26.606161696183936], [84.09117018515167, 26.64032446571499], [84.27586100031962, 26.602005125889757], [84.41464195429882, 26.629154948900332], [84.40301210554458, 26.67297284390687], [84.33107346902871, 26.688732721398253], [84.30330261119848, 26.752727248514837], [84.25197103055106, 26.729297432328977], [84.23138070895382, 26.751904173468674], [84.25475973444341, 26.801251945993684], [84.25683316595416, 26.841621553370473], [84.2391594196271, 26.86469643186483], [84.18732360643908, 26.86092592028578], [84.16246991615361, 26.834968781985843], [84.1363473362648, 26.85700873947273], [84.13984091872564, 26.885356622141007], [84.10728255434935, 26.89261391715448], [84.08199034999342, 26.877216306627346], [84.06223550575662, 26.8907416693377], [84.03806830580169, 26.945161656577085], [84.04936771474772, 26.96206472011385], [84.0340684118405, 27.012045821465577], [84.0437567228311, 27.040617301864053], [83.99594848826189, 27.067952120671887], [84.0250473944102, 27.0978640262978], [83.95258810775586, 27.08917657324522], [83.95906773114845, 27.139213641820955], [83.98908310838155, 27.177973738855673], [83.95246463021033, 27.235109568035995], [83.90975284551132, 27.250215816255782], [83.92505337156884, 27.315671687112783], [83.90377292700002, 27.325020489431026], [83.86367813692867, 27.306217155394638], [83.8351359267758, 27.318356803399965], [83.8573343893195, 27.331727857747964], [83.85357188997541, 27.35127852787967], [83.87494368214003, 27.375381461970147], [83.82833790596517, 27.429038969462102], [83.84405745188523, 27.44580906245798], [83.87093198064619, 27.435403969346414], [83.9333986635249, 27.448153106072922], [84.05442502809261, 27.442795301861697], [84.10425469100122, 27.519887870328915]]]]}, "properties": {"pc11_s_id": "10", "s_name": "Bihar"}}, {"type": "Feature", "geometry": {"type": "Polygon", "coordinates": [[[88.61181640614937, 28.129610061621943], [88.67257305144925, 28.069566942234378], [88.75302060798178, 28.070736537074733], [88.83290100094017, 28.01153945916742], [88.83524766700315, 27.93363696511014], [88.88208465168262, 27.89494169705947], [88.88072968854901, 27.834701254351288], [88.8542633105138, 27.81652259923842], [88.86011759195706, 27.744293398205485], [88.83565588720248, 27.707027692641958], [88.84568113485709, 27.66943887288303], [88.81270021255953, 27.645623571672648], [88.80412161297737, 27.601930769047808], [88.76410628832916, 27.565623099826627], [88.78875269185833, 27.52739567862122], [88.76982488758117, 27.459681257954735], [88.7778365794987, 27.437336277376176], [88.802861429565, 27.427254047549873], [88.83637475655728, 27.37981298429107], [88.86243172567497, 27.386129699876157], [88.89387934679725, 27.334596816536546], [88.91660015306194, 27.329966417376802], [88.90532798334199, 27.280280862846936], [88.87317657470255, 27.259061813363935], [88.79985534564916, 27.246730360935153], [88.78855263340834, 27.189094423960988], [88.76423867061855, 27.181763861947225], [88.73609927159627, 27.136237374527624], [88.68872199100018, 27.177771170000206], [88.65309998100012, 27.162669461000085], [88.58508533200016, 27.192540701000286], [88.52040497624454, 27.171000674823883], [88.52854329009652, 27.148090415930678], [88.47319219986642, 27.12263767138435], [88.46062782100003, 27.091989816000325], [88.43187125750089, 27.07963791874127], [88.32523566406898, 27.10456208746271], [88.30318278900016, 27.1306917640003], [88.23106078800006, 27.119572061000227], [88.18728745300015, 27.133728931000153], [88.15346920100005, 27.10819445100022], [88.13917616400013, 27.11412561100016], [88.0912804330001, 27.142905360000288], [88.06200691607431, 27.217399880486045], [88.0158459141027, 27.21897127846827], [88.03451064469508, 27.286905666694746], [88.06825861872684, 27.335457039540664], [88.04555812146029, 27.36817283999223], [88.0498379892974, 27.404355295664992], [88.08284886885261, 27.43108979085028], [88.04667427030128, 27.49741956813024], [88.06416057238013, 27.51208412496194], [88.08524994045015, 27.585101130307418], [88.14832698953505, 27.66583738892193], [88.16104888913728, 27.740617752065496], [88.17886912661173, 27.74459011731548], [88.20142940515294, 27.790670065669673], [88.1745252430745, 27.820653458912744], [88.20507391107115, 27.841304629223792], [88.1299819946461, 27.881515502916695], [88.11477559920885, 27.912955424705007], [88.1237918044121, 27.95124314976308], [88.13935868161067, 27.963481470332304], [88.19870169335296, 27.942071248868924], [88.20186124086085, 27.961588300992698], [88.23056878665072, 27.96799950905225], [88.2435472003414, 27.949345877230666], [88.35295732799658, 27.990782783690435], [88.39881542011338, 27.977778968372288], [88.42633020570909, 28.00840360470332], [88.46669905397115, 28.016614789781066], [88.49254931195263, 28.052797029064788], [88.53991412772248, 28.039015576557777], [88.56443434771266, 28.088243109679997], [88.61722003730772, 28.10422591288518], [88.61181640614937, 28.129610061621943]]]}, "properties": {"pc11_s_id": "11", "s_name": "Sikkim"}}, {"type": "Feature", "geometry": {"type": "Polygon", "coordinates": [[[96.06154041325726, 29.459612433687056], [96.20572128665748, 29.256633364832986], [96.2680143184083, 29.242120851697585], [96.33702663742919, 29.279971054875332], [96.36648829501651, 29.257221709959914], [96.31627186361085, 29.172107781570723], [96.21004522676141, 29.14582836589338], [96.16129493038211, 29.09444622479166], [96.09370131833037, 29.074050260385377], [96.1508006182407, 29.003644960174014], [96.13068985110607, 28.922453332632315], [96.1596520693603, 28.89754672225108], [96.20294612957717, 28.918727146827607], [96.31952496971961, 29.024629269707937], [96.48671047966629, 29.064440623309252], [96.45222897349309, 28.97050151801347], [96.49190656982887, 28.947752173098053], [96.51136249888053, 28.88597593475103], [96.57670389095198, 28.808510493014573], [96.59248240005907, 28.75791281208292], [96.56577308147628, 28.728299440684836], [96.45188603714115, 28.68005514026143], [96.43513685945148, 28.611414875431386], [96.39258791721562, 28.584154884542258], [96.37096824560905, 28.589253875643607], [96.3636272560609, 28.56434726526237], [96.31442300395588, 28.531203823101293], [96.33713629357202, 28.494922540263147], [96.33471471302917, 28.46766254937331], [96.23753325478869, 28.405297965899535], [96.2980163232798, 28.382352505941867], [96.33623420912718, 28.38745149704357], [96.38045524980852, 28.3521507894165], [96.43494472321788, 28.415103718017733], [96.49456258110557, 28.420987169288793], [96.56540172328994, 28.45766068221215], [96.6407732427629, 28.45883737246654], [96.78280029795455, 28.36077985128084], [96.86039146411059, 28.36509438221301], [96.96542966974118, 28.330185904670792], [97.0780992155965, 28.375096249374167], [97.11536593849966, 28.366663302552077], [97.21028947602646, 28.308417134968224], [97.22957600370893, 28.27468534768022], [97.28515942395744, 28.23565845424808], [97.3229656853941, 28.217419755307617], [97.33285343358196, 28.23718362907043], [97.36715400395424, 28.225181315365568], [97.39285997530783, 28.194283768281338], [97.35721082511964, 28.199797502752645], [97.32078303740748, 28.159784172901382], [97.33832383457744, 28.12397652619586], [97.30077280172358, 28.089765366778398], [97.31092616920752, 28.06846924625882], [97.37072119272901, 28.06850348614708], [97.37050133816636, 28.0455960359285], [97.40390407901023, 28.027965185145266], [97.38630194897598, 28.012357362902097], [97.39631324695895, 27.98591178190334], [97.37481216914645, 27.9653640520095], [97.38496113265037, 27.89792099236005], [97.36599955863295, 27.884907287941076], [97.30672929671985, 27.924508016931572], [97.25068676997869, 27.908931548652184], [97.11834286503134, 27.801060926021094], [97.08934937337511, 27.752035886547123], [97.0224610209595, 27.751460950862285], [96.97895885306878, 27.671773734870143], [96.9417671092649, 27.669490707830015], [96.89582769858963, 27.622055449399564], [96.89673516489617, 27.595118225226013], [96.9139143644565, 27.595740142393822], [96.91483348687609, 27.55950186521906], [96.93878592862788, 27.527695274417553], [96.91210645734732, 27.465891681655886], [96.96751970866782, 27.41626811638064], [97.0026459039855, 27.333527599519204], [97.03339540917098, 27.32014197507221], [97.09155107112518, 27.252072139217955], [97.09414548572576, 27.22714703660657], [97.17191517534528, 27.147908973520497], [97.14539842649633, 27.101225442200562], [97.10423437811428, 27.119400241627968], [97.07313238365282, 27.100896659953], [97.03510971034507, 27.144960574970657], [96.9888793114313, 27.168263038008934], [96.87235735910501, 27.1948030990839], [96.86601989150498, 27.21820218258483], [96.89186594575699, 27.241061282552316], [96.89018188068941, 27.264093518201506], [96.85180843491149, 27.28500849704464], [96.85066866292865, 27.30584993922346], [96.80041319801083, 27.35426532828239], [96.71339826551772, 27.380484140730633], [96.70363079442579, 27.36606395508755], [96.61193869841239, 27.37588096443503], [96.60235463955519, 27.34557246070063], [96.53069916443508, 27.292217508431328], [96.44824686140377, 27.313662947886876], [96.41330134438172, 27.29534521560929], [96.31330776753968, 27.303788676006725], [96.27545878389593, 27.28321709519298], [96.23332946078618, 27.28809772672888], [96.19281395220237, 27.257845992698527], [96.03617773731293, 27.196383607217868], [95.94854550297276, 27.055780456303204], [95.87554105737422, 27.017498539026498], [95.80838674305393, 27.024422913186953], [95.7612285243771, 26.964377834969223], [95.75686140123292, 26.91393300520414], [95.72752125510205, 26.886320110484853], [95.67367981367268, 26.91088238431473], [95.6345975069696, 26.88037750281961], [95.61463865764816, 26.82021627356225], [95.56052796189613, 26.84094033352965], [95.52800721226325, 26.8310906041482], [95.48380679095088, 26.751281563293595], [95.46080772139948, 26.745792357831156], [95.43907664916827, 26.70546086402782], [95.30585756087788, 26.65343236591108], [95.26194773210231, 26.660115050869017], [95.2568709233546, 26.684872617877144], [95.23521166378748, 26.686947820585573], [95.22788097232917, 26.720630898097543], [95.20983659438348, 26.73196444410394], [95.24284971833997, 26.783140624140568], [95.21027462087721, 26.798042376054955], [95.20709970198988, 26.84997721877377], [95.18349469712275, 26.859983833087554], [95.23192400768697, 26.88822818678146], [95.23450624996369, 26.9060430703315], [95.20275285316187, 26.957618509786542], [95.214539768096, 26.9682726000006], [95.19554962981181, 26.98943673331874], [95.19595097475789, 27.043085916781763], [95.23102104788325, 27.04621139184239], [95.24794247026902, 27.029506233026325], [95.36159745585806, 27.110614423716818], [95.38084802521638, 27.101736191472238], [95.42807441520225, 27.13299512662394], [95.45505044782008, 27.130880048875262], [95.45598296024559, 27.208560657948112], [95.51051300267314, 27.26287895140255], [95.5313915553762, 27.2686941323285], [95.596365509261, 27.22911392496782], [95.85751216755273, 27.29460587666003], [95.87193438386504, 27.267432546275096], [95.89501716590965, 27.26057069118456], [95.90289855722274, 27.288524802178017], [96.01718189193092, 27.36784146601098], [95.9853577229807, 27.41713685608117], [95.93998112917595, 27.439391151630467], [95.90771337592177, 27.43307339896838], [95.88801987381831, 27.400336584066277], [95.87976199841766, 27.433618788776183], [95.85482291494571, 27.415214048889393], [95.84982921524627, 27.43583891363507], [95.8885083423863, 27.508012369475367], [95.879465550395, 27.54522453418501], [95.81527348148634, 27.573831587158327], [95.81555758901175, 27.599057498604974], [95.79155708569118, 27.599071199776372], [95.778555142606, 27.6247035823047], [95.79730083076896, 27.64006896800876], [95.77198843871582, 27.65932518600881], [95.7951706084371, 27.68022412274537], [95.77329462484735, 27.692390001197754], [95.75911905120346, 27.73123158007348], [95.7825024037632, 27.741877644737624], [95.77953376687002, 27.759528173586435], [95.81896012451026, 27.809864716883283], [95.88997795242076, 27.85183381318005], [95.92020011584285, 27.90289871560333], [95.95504417404959, 27.923392061694464], [95.94677582334575, 27.944355639900976], [95.97108032899416, 27.966231279050437], [95.94678945257141, 27.97017517134718], [95.8252132060248, 27.977233236924505], [95.62442887574224, 27.96154845654627], [95.57576470407804, 27.941207860754304], [95.50528475618681, 27.879961580562775], [95.38073633706256, 27.841989230618637], [95.30497420359679, 27.86804276206395], [94.90771943170665, 27.75201623905833], [94.8545346104842, 27.73174465049554], [94.83287600382477, 27.699643033499445], [94.79610833802977, 27.698779685234566], [94.76125332428182, 27.665558104723033], [94.6879308370388, 27.668686643773878], [94.68429753460389, 27.6494943522828], [94.47860700011327, 27.57674345884379], [94.46079362562561, 27.55821323745128], [94.42970803030164, 27.59983603810291], [94.35296627027743, 27.577319828047887], [94.30016692996014, 27.601358550756817], [94.27834681045724, 27.59072135340791], [94.25594536468722, 27.611245304327582], [94.26840559754055, 27.631458670781196], [94.24207673955021, 27.632851079414035], [94.21033224873449, 27.6064414829882], [94.22748914510814, 27.59745385271325], [94.22625695519456, 27.57386784062851], [94.25502563792305, 27.558169800196243], [94.26260393432432, 27.52762462817421], [94.16693821532657, 27.48112545697442], [94.08112058085037, 27.407306793973486], [94.06176470807495, 27.368267071068576], [93.9877452948097, 27.326221807590446], [93.903762767438, 27.247219016144854], [93.80982737283522, 27.141601004582817], [93.83706415578638, 27.086357863624556], [93.82903519381945, 27.070215893548845], [93.8016943889851, 27.060990603933334], [93.79504771917713, 27.076929850632293], [93.79835932961953, 27.060314537685993], [93.78521360742235, 27.05340606713641], [93.78079192960413, 27.06948135518058], [93.77695934459834, 27.052461156657305], [93.77036085057303, 27.066258738949823], [93.76386945321295, 27.04166096797952], [93.72068185018742, 27.02231015389064], [93.65961553512899, 26.964770519444116], [93.49256450005177, 26.934748135917864], [93.32900481302185, 26.95898982931727], [93.08304639827281, 26.90869833575974], [93.01796865542934, 26.908368683867735], [92.91509037182345, 26.95995211829573], [92.91486207622404, 26.98233144613941], [92.88152921090456, 27.001547563369467], [92.80190134387212, 27.02682105704627], [92.66050566270634, 27.038810202528886], [92.64559300921019, 26.98725746915699], [92.58791391869252, 26.960400026540178], [92.47083595151811, 26.965703938386167], [92.3984510174007, 26.925389546990143], [92.36126495641273, 26.936767483532677], [92.30623814467478, 26.92483922395118], [92.28643391669209, 26.901472796632454], [92.11741990530459, 26.887879677904948], [92.10663131158593, 27.003752226184442], [92.08003498802447, 27.0176414862657], [92.08108692682036, 27.041961569970553], [92.04430884597664, 27.050636888181913], [92.01914287074705, 27.106683161498836], [92.03242403624046, 27.13235821775767], [92.02553003578277, 27.16823837500112], [92.06904697953472, 27.21883682605878], [92.06907120727053, 27.237709213409612], [92.03267607663986, 27.256829466506773], [92.0719577522487, 27.28272102735364], [92.10029945395678, 27.270188569946686], [92.12128908012716, 27.282766152635997], [92.04693327365182, 27.353750937655942], [92.05921005110316, 27.38465706697021], [92.01357343496639, 27.446668401325848], [92.00715499330859, 27.484621669454658], [91.9473207305674, 27.46226980151022], [91.85430910338265, 27.48889314430333], [91.82797724075718, 27.472063505826195], [91.72613882794477, 27.46858939688327], [91.68681272402824, 27.50263449288767], [91.65019054965438, 27.483422428902106], [91.5608871510214, 27.58257595441688], [91.57770578719254, 27.600480511166804], [91.55856653861517, 27.62506107810655], [91.56422121483754, 27.65300666442624], [91.61284109264258, 27.693806268844558], [91.63016815725484, 27.7599864355906], [91.7738732003274, 27.764197892387944], [91.86462322645436, 27.730269990057423], [91.97493301531284, 27.72673991929461], [92.1068935746372, 27.811069387514266], [92.22904405129651, 27.81067715742941], [92.23957770695118, 27.865001024166304], [92.30460500195888, 27.7859666620906], [92.32973817379238, 27.832642042175117], [92.35053895282581, 27.802244210607675], [92.36794006803733, 27.80381313094692], [92.39260001186312, 27.855783617175035], [92.4385278709809, 27.82303240509917], [92.62806636938673, 27.91579482014074], [92.6877491201986, 27.967569191326426], [92.70081824397504, 28.02561924386856], [92.68873983594911, 28.048368588783447], [92.63858550711649, 28.057193765690037], [92.6548632083124, 28.106026411240904], [92.76918229609744, 28.192120914841524], [92.80599689093886, 28.178000631791157], [92.85005263619217, 28.191728684757024], [92.9032765169171, 28.24938650721395], [92.95979056341235, 28.270174701705443], [93.09329209768356, 28.366663302552077], [93.13660149235537, 28.424321125009534], [93.20728577915399, 28.627496308905855], [93.30016513085378, 28.65946306081254], [93.62556773230564, 28.67201442352402], [93.67448286075187, 28.70300060021892], [93.72249160410303, 28.696528803820577], [93.79174652306982, 28.751441015684932], [93.90865001317731, 28.798312510811698], [93.91915337141468, 28.83341710339581], [93.9754601626242, 28.835378253819734], [94.02719409618064, 28.864403280090713], [94.00907022408705, 28.937750305937605], [94.01792447753127, 28.973247128606573], [94.10963190874507, 28.96971705784358], [94.2409069040104, 29.12543240148692], [94.2878504801306, 29.148181746401626], [94.33529072141705, 29.149554551698266], [94.39613112712078, 29.20701625911294], [94.51493684007471, 29.22094042712159], [94.60012548904128, 29.31684068284094], [94.63038743323199, 29.31939017839197], [94.70405614256318, 29.284481700849753], [94.76755174768554, 29.21348805551164], [94.76170084749418, 29.174657277121753], [94.77599544260072, 29.16642044534227], [94.85414650485718, 29.170342746189583], [94.9880070466814, 29.124647941317207], [94.9543387102712, 29.168969940892943], [95.09880679016601, 29.113469383901837], [95.19944353799384, 29.09405399470716], [95.22474903419527, 29.05934163220755], [95.37800324011681, 29.031885526275637], [95.4369751890842, 29.049731995131424], [95.47575965950595, 29.136610958901755], [95.5218188874695, 29.137983764198395], [95.51528254862758, 29.20936963962172], [95.55031900460104, 29.2125074802995], [95.55369102178855, 29.238983011019627], [95.696737248967, 29.29879809894308], [95.7282515675055, 29.33311823135766], [95.79630425586362, 29.353121965679797], [95.84880653379236, 29.388030443222014], [95.92269078943323, 29.394502239620003], [96.04213844379404, 29.461181354025946], [96.06154041325726, 29.459612433687056]]]}, "properties": {"pc11_s_id": "12", "s_name": "Arunachal Pradesh"}}, {"type": "Feature", "geometry": {"type": "Polygon", "coordinates": [[[95.19597193613059, 26.99496709162751], [95.21417967322783, 26.970277299327453], [95.20258580136829, 26.95934173660143], [95.21133106300289, 26.933508468011006], [95.2310013239267, 26.927263941747107], [95.23333820866611, 26.8912699519163], [95.18349500037829, 26.85998399999693], [95.20709982208365, 26.849977088906943], [95.21027376907483, 26.7980435788478], [95.24284971774584, 26.783140624090255], [95.20983100000613, 26.732494999993964], [95.23288775027498, 26.710076246771056], [95.23403973415199, 26.68101441113581], [95.21318099980867, 26.6517929997968], [95.15127118100011, 26.61869446100013], [95.15911103500005, 26.587026807500106], [95.14330755900005, 26.559594779000065], [95.11467987099998, 26.54882968200011], [95.11834348999997, 26.52328448700009], [95.06380700000008, 26.454003000000018], [95.0964896030002, 26.439960923000086], [95.1043664920001, 26.3965324360001], [95.13460829900005, 26.379737871000067], [95.12921200000014, 26.263097000000105], [95.1161510000002, 26.241099000000037], [95.14713122399996, 26.21884874200006], [95.11799779500015, 26.168495639000092], [95.12386103500006, 26.10332658700011], [95.1646914450001, 26.09936157200005], [95.18655164400005, 26.077399021000073], [95.09438526899999, 25.953458032000146], [95.02795200000011, 25.930750000000128], [95.0146506210001, 25.873290461000057], [95.05060080700012, 25.807342095000077], [95.04889493900002, 25.766086092000076], [94.93619293500018, 25.67062713800007], [94.91994824800017, 25.61109068300002], [94.88562800000018, 25.591722000000075], [94.90501000000016, 25.564916000000007], [94.83886239899995, 25.55331976400003], [94.81372375900008, 25.49435789300009], [94.786084518, 25.480512216000065], [94.75537900199996, 25.491804489000028], [94.68739723700004, 25.466169563000044], [94.67885146100022, 25.445399713000075], [94.62951917500007, 25.456409650000037], [94.5532209999304, 25.506168000424903], [94.55338999873078, 25.539836483738757], [94.56904015296182, 25.548263098335347], [94.55376825628122, 25.551941155232175], [94.56459019506276, 25.564594423965495], [94.54801099978887, 25.580169000071354], [94.59052025228905, 25.638119536559426], [94.5717365281994, 25.646808914771682], [94.59716814382595, 25.681877521102795], [94.57104003988313, 25.692846694929298], [94.50563499962684, 25.61374200016086], [94.47446900041541, 25.617539999938735], [94.4296393015528, 25.592524732557212], [94.41606059562886, 25.536836089999518], [94.27590060736114, 25.493322146895473], [94.212128872, 25.493461519999997], [94.1857361080001, 25.529097703000062], [94.19350766530748, 25.554321734257638], [94.1580009999879, 25.55705500000222], [94.1372192143249, 25.52312112696981], [94.0921096803472, 25.532730102743365], [94.08644667820141, 25.557393824596645], [94.01853459769825, 25.594344856932874], [94.01447018815368, 25.567491338957385], [93.97332530162615, 25.574829856315976], [93.96309828686131, 25.55499577893531], [93.83552906192526, 25.56124858157595], [93.81500907667302, 25.540319798307568], [93.76480619961177, 25.538002681566066], [93.75833950123223, 25.497724839517236], [93.7906851447689, 25.5018256832961], [93.81305140096677, 25.470829718004598], [93.71203199984215, 25.35888600017621], [93.69548955446481, 25.349129652798755], [93.68756505325003, 25.362135133816924], [93.6068589996548, 25.19919900044975], [93.54769860138539, 25.251804165077832], [93.50121315923595, 25.245957319022786], [93.50617459305901, 25.272546109862773], [93.47215718088513, 25.27772334680273], [93.4735387472913, 25.30949521927665], [93.45134774287985, 25.34603037255138], [93.47204633699995, 25.377387683000055], [93.45679500000006, 25.432753000000044], [93.38634444900016, 25.46612180200009], [93.38351443600004, 25.493905921000085], [93.32833426, 25.547989784000006], [93.34267022000009, 25.563117984000097], [93.35716587200017, 25.555127199000097], [93.42464451200001, 25.631797673000026], [93.5043031610001, 25.660978060000087], [93.5161533360003, 25.69134677600015], [93.54815400000021, 25.711876000000192], [93.54438800000018, 25.73284500000003], [93.57015400000009, 25.761355000000133], [93.61317400000011, 25.772090000000173], [93.63943700000029, 25.817767000000128], [93.71272500000003, 25.846155000000085], [93.68605400000021, 25.90591200000009], [93.75145000100005, 25.934578005000045], [93.76672313600014, 25.970744049000075], [93.77937990000021, 25.97241617100005], [93.79430195700003, 25.905715158000145], [93.7759950000001, 25.847116000000195], [93.78679200000029, 25.811360000000075], [93.80345800000008, 25.810756000000193], [93.8196140000003, 25.838646000000157], [93.88133175100009, 25.845403476000076], [93.97998600000015, 25.92135100000014], [93.95384500000013, 26.007976000000014], [93.98571400000016, 26.068458000000053], [93.97783801000006, 26.08635380650012], [93.99716891200008, 26.110097841000105], [93.98871099250002, 26.135088799500053], [94.0019110475, 26.13746326850014], [94.00405700000015, 26.177175000000044], [94.03467300000005, 26.20060600000002], [94.04960600000017, 26.250977000000045], [94.07673500000004, 26.262490000000064], [94.10418100000004, 26.317798000000018], [94.122779096, 26.318401179000098], [94.11437394800018, 26.328874936000105], [94.17631399999998, 26.343773000000073], [94.16424100000008, 26.359329000000034], [94.178152, 26.38369500000001], [94.17353949600019, 26.432555178000086], [94.26293800000003, 26.546455000000005], [94.28574300000008, 26.564419000000075], [94.29320100000005, 26.470768000000092], [94.31778300000005, 26.457608000000047], [94.31814800000005, 26.472661000000134], [94.34522300000017, 26.479796000000203], [94.34781000000008, 26.497541000000094], [94.37040800000005, 26.49981200000006], [94.37107199999993, 26.516915000000033], [94.3983410000002, 26.5304950000001], [94.41379249300013, 26.57592049700012], [94.40169083100017, 26.613256387000042], [94.45349700000001, 26.64004900000007], [94.46487700000013, 26.632915000000082], [94.46104600000005, 26.66606900000003], [94.49707243300017, 26.67135277600005], [94.54301832900008, 26.71011325200007], [94.56410000000008, 26.70705200000009], [94.56455435100011, 26.68625696800008], [94.59420222800013, 26.69688686500004], [94.60152210100013, 26.740243545000034], [94.6211640000002, 26.71292200000003], [94.69284500000003, 26.736143000000038], [94.74461900000016, 26.780530000000017], [94.75931200000012, 26.771663000000082], [94.77206299999999, 26.793865000000153], [94.80078200000015, 26.80284400000003], [94.79387910900002, 26.8162490780001], [94.81431399999998, 26.823459000000064], [94.81933138300008, 26.853059810000005], [94.89768249199997, 26.938923379000027], [94.92629793150005, 26.95180020500009], [94.98615900000019, 26.91785800000012], [95.01790200000009, 26.923765000000014], [95.09854086899992, 26.9577225780001], [95.19448075091049, 27.039917787645354], [95.19597193613059, 26.99496709162751]]]}, "properties": {"pc11_s_id": "13", "s_name": "Nagaland"}}, {"type": "Feature", "geometry": {"type": "Polygon", "coordinates": [[[94.572897657, 25.691223810999997], [94.59716857900001, 25.681874048999997], [94.57173652800003, 25.64680891500002], [94.59052025199998, 25.638119537000037], [94.54801141500005, 25.580169428000055], [94.564590195, 25.56459442400003], [94.55376825600004, 25.55194115500008], [94.56904023900005, 25.548263242000058], [94.55338999900002, 25.539836484000045], [94.55322141500001, 25.506168099999993], [94.62951917500001, 25.456409650000023], [94.681893823, 25.45087884299999], [94.67095184400006, 25.412530898999997], [94.629080033, 25.376131892000053], [94.59032772800003, 25.272674251000016], [94.58535766600004, 25.215749739999982], [94.74565887500006, 25.13659095800005], [94.75045264600004, 25.044872902000037], [94.70300273300003, 24.97532014699999], [94.71621319299999, 24.937240090000046], [94.63967895500005, 24.84581947300004], [94.62412512, 24.793748116000014], [94.63197600000007, 24.763718432000026], [94.60958427800003, 24.722272144], [94.58417891100002, 24.714455684000036], [94.58210868900007, 24.730655410000058], [94.57139099200003, 24.71257645399998], [94.54918019600004, 24.71161585900008], [94.54487163599997, 24.661626113000068], [94.51422961700003, 24.603309490000047], [94.46549224900008, 24.575559616000042], [94.42157344300003, 24.486729340000046], [94.40485136900004, 24.48356971000001], [94.40222465400004, 24.419161856000038], [94.36545772800002, 24.400739868000088], [94.38149986500007, 24.38295742000003], [94.35372489400004, 24.34635929200004], [94.32576389899997, 24.338880001999996], [94.32798767100002, 24.292430878000015], [94.26521122500003, 24.169658335000044], [94.25751860800001, 24.08351624900007], [94.23447609000003, 24.065996170000048], [94.244281635, 24.04051922200008], [94.19691065000004, 23.97163973200005], [94.19389140900006, 23.936623320000017], [94.17283317900004, 23.936861265999987], [94.15766906700009, 23.85194778500006], [94.12281920400005, 23.844782417000054], [94.112628211, 23.884622776000075], [94.05111694300007, 23.900430680000007], [94.023871907, 23.932585191000033], [93.96490773000005, 23.936042401], [93.93528063300006, 23.954441750000033], [93.80805969300009, 23.933120728000024], [93.75676609200002, 24.00655712200006], [93.72545237100002, 23.99854007500002], [93.629326704, 24.019650818000038], [93.59713120300005, 23.963943384999986], [93.56389176300004, 23.989058335000024], [93.55873181500006, 23.96576113800002], [93.50282316300006, 23.94903306999998], [93.46268144599998, 23.978673531000005], [93.46718838400002, 24.00676703300002], [93.44376498700005, 24.02586602100003], [93.42605415000006, 24.07543304400006], [93.363674128, 24.09304241600001], [93.349699896, 24.11133473399998], [93.35263809300001, 24.096899205], [93.32884346000006, 24.09123017299999], [93.34269203600006, 24.060285105000023], [93.28980323299999, 24.050389355000057], [93.257097611, 24.02442543100003], [93.25779822999999, 24.083549442000063], [93.22667694100001, 24.086530685000085], [93.21673584000001, 24.050060272000007], [93.18755216700004, 24.05497922300004], [93.17702878700001, 24.042616690999985], [93.14791107100007, 24.088090897000036], [93.11003118000008, 24.048768386000052], [93.07628119200002, 24.096499207000033], [93.04808663300008, 24.09021553999997], [92.98913982000006, 24.115988747000028], [93.00951122100001, 24.181670372000053], [92.99929023800004, 24.197724082999983], [93.02004841000003, 24.215146466000093], [93.00239129900004, 24.285735387999985], [93.0244245790001, 24.296998527000024], [93.04337310800008, 24.34338951099999], [93.02156829800002, 24.346820831000038], [93.02459127700003, 24.389880800999997], [93.00912478100001, 24.407429326000063], [93.04105428899999, 24.41195985000002], [93.02836926999998, 24.444155394000067], [93.04567611500003, 24.461855291000045], [93.03117557700001, 24.49436161500005], [93.05221416900001, 24.52216104399998], [93.04832219300005, 24.544816793000024], [93.06553649900007, 24.54726982100004], [93.06774321100005, 24.57312261100002], [93.10366819900003, 24.58431454400003], [93.073955737, 24.59601169200001], [93.101241879, 24.67138868200003], [93.07200413800008, 24.70844572800006], [93.09076219000004, 24.71161311100003], [93.10324776700006, 24.736583808000034], [93.11639630500005, 24.816011200999988], [93.15363931200001, 24.78951415400008], [93.19050791299999, 24.80138784100001], [93.198077986, 24.856911859999986], [93.22553987499998, 24.873950013000012], [93.26247196999998, 24.968510824000045], [93.247763764, 25.01366229400004], [93.26779937700006, 25.04880905200002], [93.30431687600003, 25.049402127000064], [93.39368337799999, 25.252012586000028], [93.47382181000006, 25.30855288800007], [93.472157181, 25.27772334700007], [93.50617459300007, 25.27254611000007], [93.50121315899997, 25.245957319000034], [93.54769860100004, 25.251804165000014], [93.60685921499999, 25.199199492], [93.68756505300003, 25.362135133999963], [93.69548955500005, 25.349129653000002], [93.71203152300006, 25.35888646700002], [93.81305140100001, 25.470829719000054], [93.79068514500003, 25.501825683000057], [93.75833938499999, 25.497724616000017], [93.765551082, 25.538976763000054], [93.81500907700007, 25.540319798999978], [93.83112062, 25.55963771100007], [93.87571413100001, 25.566624834999985], [93.96309828699998, 25.554995779000045], [93.973325302, 25.574829856000036], [94.01447018800005, 25.567491339000092], [94.01853459799999, 25.594344857000006], [94.08644667800009, 25.55739382500004], [94.09210968000005, 25.532730103000034], [94.13721949600006, 25.523121193999998], [94.15800108400002, 25.557055269000006], [94.19350777500003, 25.554321681000047], [94.18573610700004, 25.529097703000048], [94.21212887200002, 25.493461519999983], [94.27590060700003, 25.493322147000086], [94.41606059600005, 25.536836090000037], [94.42963934200003, 25.59252457400003], [94.47446903700003, 25.617540091000013], [94.50563493300007, 25.613742330000022], [94.572897657, 25.691223810999997]]]}, "properties": {"pc11_s_id": "14", "s_name": "Manipur"}}, {"type": "Feature", "geometry": {"type": "Polygon", "coordinates": [[[92.7676025880001, 24.51981629200007], [92.82678975700011, 24.37033664800013], [92.88031462600006, 24.400262180000116], [92.8995244660001, 24.39150453300008], [92.90670186900013, 24.409700211000224], [92.93223636900007, 24.39283821400012], [92.97653252700024, 24.408424009000147], [93.02393060900015, 24.392782101000183], [93.02156829800009, 24.346820831000155], [93.04337310800024, 24.343389511000108], [93.02442457900007, 24.29699852700023], [93.0023912990002, 24.285735388000102], [93.02004841000019, 24.21514646600021], [92.99929023800011, 24.1977240830001], [93.00951122100025, 24.18167037200008], [92.98913982000003, 24.115988747000056], [93.04808663300015, 24.090215540000088], [93.0762811920001, 24.09649920700006], [93.10420307500003, 24.049928712000074], [93.1518813160001, 24.08836911400008], [93.17231076500015, 24.043823079000088], [93.21673584000017, 24.050060272000035], [93.23079342200005, 24.087604045000106], [93.26617296300012, 24.070623175000023], [93.2552462950001, 24.024521429000096], [93.28980323300014, 24.050389355000085], [93.33832320100014, 24.046185248000135], [93.32340736400012, 24.034269536000103], [93.3396130270001, 24.025582938000085], [93.33101916300011, 23.99850456100004], [93.38290140700012, 23.92865371800011], [93.40859497200016, 23.8146529490001], [93.3951020810001, 23.78003149900006], [93.41361864400015, 23.708678131000067], [93.43867831000014, 23.695702673000103], [93.42179720800006, 23.650908487000095], [93.43108861700011, 23.605684671000066], [93.41773974500016, 23.539278474000042], [93.3964319680001, 23.520910884000063], [93.38370090500028, 23.426607641000203], [93.40552358500022, 23.39763632000021], [93.3500192750002, 23.35373127000014], [93.36746424000013, 23.308321649000103], [93.35978098600009, 23.268822649000082], [93.38608554800005, 23.218965831000055], [93.36892409900014, 23.17400984400007], [93.3834970120001, 23.134560137000044], [93.35407830000014, 23.11484412200005], [93.34035640200014, 23.076625087000064], [93.35411677700012, 23.063034986000048], [93.29269706900013, 23.010615794000017], [93.25223564800014, 23.008460900000067], [93.1819358690001, 23.064374613000044], [93.15351765600013, 23.050011746000038], [93.12994829900008, 23.059211563000066], [93.12099252400009, 23.030288935000016], [93.13356614000011, 22.951933456000113], [93.16254365900008, 22.92787127800005], [93.13131007600013, 22.908835826000058], [93.10934111100008, 22.820090151000045], [93.0900912740001, 22.805765388000083], [93.1056531990001, 22.75084704800013], [93.08855736100001, 22.710346703000123], [93.10548386900012, 22.681433293000037], [93.09474117500008, 22.67038204300012], [93.13771884900007, 22.586317746000113], [93.10148935200012, 22.528588239000086], [93.12507327200012, 22.511344250000082], [93.13131654600014, 22.458973782000086], [93.18151638700013, 22.43565974900011], [93.1934905920001, 22.34747600400005], [93.18288455800017, 22.33776068400009], [93.20206864800012, 22.32762702900007], [93.19807143300014, 22.257296743000083], [93.13726681000006, 22.238965070000056], [93.1623140740001, 22.1984288360001], [93.15510787900017, 22.179228301000126], [93.13033129100015, 22.17815574500011], [93.11265600400007, 22.203014571000097], [93.04506160300015, 22.204223176000088], [93.03624348800017, 22.14824455700007], [93.05999405200012, 22.117044746000076], [93.05307599100016, 22.10047917700007], [93.01511348400007, 22.10124155200009], [92.99946104900013, 22.02677567500005], [93.00777806400012, 21.983446542000113], [92.98455132400008, 21.9827067690001], [92.96710963200015, 22.026145784000068], [92.93017267100011, 22.02065892400012], [92.93927314900009, 22.00694628600009], [92.92045519300015, 21.99696474400013], [92.90929106800013, 21.946133746000058], [92.8691897670001, 22.064499977000136], [92.84493330500021, 22.059011248000033], [92.76630320600033, 22.133127700000205], [92.71755703700036, 22.156334326000177], [92.69914896200022, 22.15002855300024], [92.69297236400023, 22.07672510500019], [92.68401487200018, 22.09950577100009], [92.68147878600021, 22.016564575000103], [92.65667255100024, 22.021144422000233], [92.63746492700011, 21.989390630000145], [92.60634972500011, 21.982254190000134], [92.60544938000012, 22.064463712000155], [92.56937771700026, 22.126640172999974], [92.60298297200016, 22.13389370200008], [92.60787260400025, 22.115143304000046], [92.61389160100009, 22.172941208000047], [92.58492319400007, 22.27360019100007], [92.59184840500019, 22.310065263000062], [92.54339460700017, 22.55288315100013], [92.52435380400009, 22.569751898000085], [92.54293729300016, 22.5826657000001], [92.52588998900026, 22.633148708000157], [92.5359472920001, 22.67530489800012], [92.51617489500033, 22.754546324000053], [92.50469271000011, 22.740417202000113], [92.48225403300009, 22.760307810000253], [92.45356221100012, 22.899410398000015], [92.43633760500012, 22.891864428000048], [92.42330216000026, 22.921534954000073], [92.40386131000021, 22.91237370400004], [92.40336707400017, 22.930825350000223], [92.37577820600025, 22.933761609000076], [92.39618097900014, 23.06618012500013], [92.36654758500008, 23.1072779450001], [92.3790653920001, 23.12397503600006], [92.35722831100011, 23.236004980000075], [92.40985738000009, 23.244514708000025], [92.39519047800016, 23.3089119950001], [92.37275811400012, 23.315948312000085], [92.38593501700015, 23.350458371000055], [92.35840345800008, 23.378670014000075], [92.35219720000012, 23.432744324000094], [92.33966380100006, 23.425647013000034], [92.33441884700014, 23.4796521010001], [92.32301762300013, 23.48137799300008], [92.32320882000013, 23.552453139000058], [92.29621680700014, 23.596691857000025], [92.30604766400015, 23.618754772000045], [92.28426857300016, 23.623250732000074], [92.2948295200001, 23.62938094100005], [92.27768769800011, 23.650466626000128], [92.30082079600012, 23.680811769000105], [92.2882513910001, 23.721123075000012], [92.26815924300016, 23.72870423400005], [92.25773149300014, 23.816360085000127], [92.28745349500016, 23.815883184000192], [92.27060235300016, 23.84846061700013], [92.29209887900012, 23.870593361000065], [92.32665801000024, 23.8655517610001], [92.31793080900016, 23.886997113000092], [92.33385787800017, 23.91255039100016], [92.30995925000023, 23.95343305500009], [92.33275878200018, 23.99069973700015], [92.31445722900017, 24.045574919000174], [92.3363216680001, 24.110711034000182], [92.32601198200027, 24.139755224000076], [92.33958770500024, 24.14383069600004], [92.32774463100017, 24.202909274000135], [92.29521974000015, 24.226676094000183], [92.2900130830002, 24.251144872000047], [92.43178355900017, 24.255083840000086], [92.41862371200014, 24.191175032000196], [92.46851112200012, 24.13519822600015], [92.48493957500024, 24.161380768000235], [92.52807843600007, 24.17186018100009], [92.54921783700014, 24.245378143000035], [92.61522742200013, 24.252266731000056], [92.62342361500006, 24.331644929000024], [92.63960013000013, 24.324136508000056], [92.65792992300008, 24.344834605000127], [92.68414686300018, 24.34625923200005], [92.7676025880001, 24.51981629200007]]]}, "properties": {"pc11_s_id": "15", "s_name": "Mizoram"}}, {"type": "Feature", "geometry": {"type": "Polygon", "coordinates": [[[92.15765250455416, 24.528878825106357], [92.23270253599999, 24.49085663500009], [92.22986119400018, 24.459358053000155], [92.25846703100004, 24.437224798], [92.27335095800008, 24.38772958500005], [92.24520157599997, 24.33161021899993], [92.23572595200004, 24.250914683000122], [92.29001308305355, 24.25114487149541], [92.33355237500018, 24.18708455400017], [92.33926700477197, 24.140984678147657], [92.32601198158598, 24.139755223941837], [92.32503484500012, 24.11583900450017], [92.33632166800007, 24.110711034000207], [92.31445722900013, 24.0455749190002], [92.33275878200016, 23.99069973650013], [92.30995925000029, 23.953433055000115], [92.33381984000019, 23.923561196500085], [92.31793080900012, 23.886997113000117], [92.3290944490001, 23.868784137000052], [92.29209887850004, 23.87059336100018], [92.27060235300013, 23.84846061650011], [92.28745349504472, 23.815883183926676], [92.25773149263702, 23.816360085355246], [92.26815924333222, 23.728704234028672], [92.24127748000481, 23.72217757236795], [92.22833249727044, 23.656324578391317], [92.21341506179397, 23.664432708627157], [92.21173032179037, 23.70242688812004], [92.17461096802872, 23.727288006889733], [92.17806388585336, 23.74431380576235], [92.14943848778447, 23.738140021199126], [92.099143990704, 23.677060098429212], [92.08197367366266, 23.681474218257268], [92.08268453769705, 23.647553194438462], [92.0687705209501, 23.64452588177622], [92.01123050641996, 23.671158176857308], [91.9809430653268, 23.73141945311504], [91.9544845970003, 23.729897928000074], [91.96666966800007, 23.693588181000056], [91.93688176400009, 23.684385722999988], [91.97451223400023, 23.495596245000048], [91.94017393500017, 23.4688281760001], [91.94144729500037, 23.437387525000073], [91.89903495800009, 23.441954506000027], [91.84932323899999, 23.410727270999896], [91.770992551, 23.273830096], [91.80868719699994, 23.17282596700002], [91.81330433300005, 23.09717274999988], [91.83093767000003, 23.088237142000043], [91.81050900399995, 23.064202200000015], [91.77342394500009, 23.06827280600002], [91.78668738399999, 23.03599646699995], [91.73604189300008, 23.028320043000026], [91.75070107800018, 23.010982147000067], [91.71078022992928, 22.982843754950597], [91.64335818200028, 22.98505283200024], [91.61613541400028, 22.93623599800002], [91.60080137800021, 22.976564863000046], [91.57803270699998, 22.965411587000037], [91.54737594199997, 22.99864412699991], [91.55147425400014, 23.039355837999995], [91.53282670100009, 23.040069332999966], [91.531468892, 23.090250249000075], [91.50558722099994, 23.12970014200003], [91.51674146000003, 23.144899559999974], [91.49449495300001, 23.15672965099994], [91.50454934500004, 23.194648974999996], [91.47401908900021, 23.19531812099994], [91.48597582500017, 23.209301218999965], [91.45319324100014, 23.219418377999954], [91.47210640099996, 23.227628179999957], [91.44491254300004, 23.246725544999922], [91.45626137900007, 23.258774143000114], [91.42052149500003, 23.254188562999953], [91.43048104300004, 23.26817000599993], [91.4187349650001, 23.28620367200008], [91.381899378, 23.18436488499996], [91.41713135300002, 23.061171236999964], [91.39968086200007, 23.052766512999998], [91.37503057500011, 23.06524039399994], [91.34948468000003, 23.101776273000016], [91.32492640100004, 23.160801801000073], [91.32775483300021, 23.252811809999994], [91.30175299099997, 23.292461193000022], [91.31458874899992, 23.3063601310001], [91.29160106499995, 23.319532720000034], [91.32016231400003, 23.361439447000052], [91.291794824, 23.352542613000047], [91.29597220399995, 23.375912385000017], [91.28042999700007, 23.37747643500002], [91.24948494600002, 23.491628626000125], [91.203469017, 23.518635724000045], [91.21410524300003, 23.551233404000058], [91.19524986700002, 23.548738298000025], [91.17957588299998, 23.59365841500006], [91.16388204799998, 23.59606411800007], [91.157883731, 23.67140679500009], [91.19918136099997, 23.646140534000057], [91.2097518479999, 23.686672754000035], [91.15651811499988, 23.69045698500006], [91.16001838100004, 23.74191743700008], [91.19594291399999, 23.75133341100005], [91.21994129000001, 23.735900578000066], [91.22777758800011, 23.75086847300004], [91.23530249900001, 23.81027153900007], [91.25552080200009, 23.839289889000046], [91.230633783, 23.88204699600008], [91.2475622840001, 23.914007753000064], [91.23120540900004, 23.929214502000082], [91.27638696000012, 23.92262946300013], [91.26588726700001, 23.947076679000077], [91.28429346099999, 23.98269170800008], [91.301501007, 23.97136248900008], [91.30475205999997, 23.99593524200002], [91.38007571300001, 23.97631745200007], [91.37404472199998, 23.999087904000103], [91.398007651, 24.045167077000027], [91.37593198799999, 24.107824800000053], [91.41982834200006, 24.111635060000012], [91.54019531900012, 24.074719054000102], [91.59896474700012, 24.073167762], [91.59545519300009, 24.098124273000074], [91.6430950620001, 24.106075247000067], [91.654010916, 24.22704574100015], [91.66700226300021, 24.228844222000188], [91.68549257300013, 24.162546795000015], [91.72694310600006, 24.141056621000043], [91.76221243400006, 24.142175167000044], [91.74458258000001, 24.246162667000046], [91.81313242600012, 24.206436694999898], [91.843990458, 24.22745053100007], [91.84631950386728, 24.190148016803068], [91.87111668500009, 24.174399246000053], [91.88467751775903, 24.138564183674358], [91.90570490400005, 24.13702611499998], [91.9428985350001, 24.26717126700014], [91.9208605870001, 24.336231389000016], [91.95780818690288, 24.35737462813533], [91.99649672300025, 24.32277596800004], [91.96750954600019, 24.379836788000073], [91.98814107000017, 24.37721288200004], [91.98823085900031, 24.390847652000023], [92.0933568560001, 24.371091487999994], [92.12259798200022, 24.3855392820001], [92.13868689900004, 24.423365225000158], [92.16666159241335, 24.42179027495813], [92.15029507517464, 24.4962846027566], [92.15765250455416, 24.528878825106357]]]}, "properties": {"pc11_s_id": "16", "s_name": "Tripura"}}, {"type": "Feature", "geometry": {"type": "Polygon", "coordinates": [[[91.87533269666642, 26.086870715935834], [91.87646062898685, 26.032635126213794], [91.91165238758475, 26.02382990549555], [91.91550026400012, 26.000434893000108], [92.00338037250627, 26.038031366126486], [92.13332367666416, 26.044636265540372], [92.17778337081262, 26.07660631199072], [92.2343833727445, 26.060510014285338], [92.27082853047472, 26.069313612824747], [92.25028199165354, 26.02797942425917], [92.1760151883409, 25.982910353944828], [92.15408042998226, 25.948772578386087], [92.16381472503832, 25.908843547223032], [92.22354916359104, 25.906679772819647], [92.18495743491576, 25.87991099218681], [92.15548553217171, 25.818069641629588], [92.14754316121054, 25.71659512063758], [92.16218392800954, 25.66691153048855], [92.2225973621016, 25.71214044324875], [92.34633304416296, 25.72693648561722], [92.38370830428907, 25.753446040758316], [92.38255894829868, 25.74144422553036], [92.44152323437103, 25.72260065517969], [92.43561540921608, 25.697663173396396], [92.47804633694071, 25.670559961979162], [92.50394192793055, 25.615296553447415], [92.55718902334353, 25.611605055363224], [92.55915478999404, 25.563563617315605], [92.58709021568211, 25.550984194915422], [92.65354586665727, 25.591912983690463], [92.64346464500957, 25.53707116915212], [92.57247072236014, 25.490652913481988], [92.56420847924176, 25.465150116222663], [92.5962932952464, 25.46803781641745], [92.6036504621112, 25.412637372671504], [92.62522570761772, 25.433344685475163], [92.63863665289352, 25.417052260670065], [92.65229362117023, 25.432298048991992], [92.65360661072492, 25.40899775949071], [92.66933505688002, 25.41480334987994], [92.71682844319119, 25.374987093180252], [92.73525961521845, 25.379600402814912], [92.75243990009417, 25.340669296264757], [92.78449626321833, 25.316741020242823], [92.79149625561988, 25.283234382486903], [92.76727173952973, 25.248710246936074], [92.80348890980444, 25.221787577821814], [92.79578825945639, 25.211694241870426], [92.66451966999966, 25.178736290418453], [92.62083658080132, 25.12326332358213], [92.5254696458228, 25.13867861730897], [92.54285689287505, 25.10069104178581], [92.48918919974605, 25.111287618515583], [92.46260264506435, 25.037179581839048], [92.44179755824061, 25.046333587737585], [92.42499095147184, 25.029694879258397], [92.34933551117362, 25.052041691267608], [92.34670324341333, 25.078960100310994], [92.2995468471294, 25.074641115424818], [92.2103552748089, 25.10747420610245], [92.22694542010804, 25.12274615783235], [92.15763410473531, 25.127878099737206], [92.13573312991664, 25.138797336707725], [92.13296487210282, 25.15952606854371], [92.07187048309643, 25.189595585758024], [92.0092725726793, 25.191227948252354], [91.98881009118179, 25.175498219894383], [91.75751719987053, 25.17975573950227], [91.75569574430853, 25.143142072334907], [91.71199056993605, 25.160335226636416], [91.69177423362332, 25.13847455768546], [91.63941931955355, 25.12640925313357], [91.6239534068045, 25.14602256425314], [91.603075574493, 25.14405783955856], [91.6189593596169, 25.175818937477008], [91.47467225154566, 25.134308137913425], [91.47005873713613, 25.15246117650965], [91.44625055151653, 25.149323576826205], [91.41940506351523, 25.171009352254476], [91.29517325715551, 25.18482449128688], [91.26854823653102, 25.208402565115524], [91.24899500824492, 25.19500567517768], [91.08096466713809, 25.19825340599254], [90.86375864468926, 25.15755953117707], [90.81243329658648, 25.16418607832514], [90.78103251909911, 25.186632712306107], [90.73876762418332, 25.154512040418304], [90.67509357651736, 25.178135056439938], [90.66808552298787, 25.167139886376628], [90.66435052058628, 25.199030577415666], [90.64690598863791, 25.173215296408397], [90.51527536154032, 25.177513041071304], [90.447701552658, 25.1449335419854], [90.36219408313652, 25.169226099041648], [90.32618451089905, 25.19690009776599], [90.11782604587842, 25.2256103736148], [90.05591288068989, 25.263407971837754], [89.98218528914653, 25.282416230160393], [89.97199785818691, 25.302662824656636], [89.9039090741022, 25.309602323282327], [89.88792943428871, 25.286834615799975], [89.83174198949283, 25.294113015934478], [89.84273850491445, 25.312926581959545], [89.82201308704242, 25.35858842393995], [89.82585699346136, 25.4085346206882], [89.88783560017507, 25.511774730016896], [89.87006730833366, 25.525460926983385], [89.87948186566169, 25.548085122825476], [90.0023071885829, 25.586881775981524], [90.0166367148704, 25.60649369670654], [89.95283222082008, 25.65614340293128], [89.89614496050261, 25.736764343476477], [89.93036340755333, 25.74172594883744], [89.94635642585882, 25.76655756442617], [89.94831726947751, 25.823949987834045], [90.01230319227852, 25.84906458542265], [90.0199549861939, 25.88789887901382], [90.09400148867189, 25.923269406115097], [90.11097981648214, 25.953392805723425], [90.1515834989521, 25.964478022093502], [90.18533786042103, 25.94443346657392], [90.20457008524066, 25.960256214011707], [90.31948075961937, 25.973112284245154], [90.37098154019249, 26.012474136202385], [90.3993471718657, 26.01324975838824], [90.42850568426275, 25.991290408025975], [90.47858399404421, 26.014511428487214], [90.5336906562405, 25.955048845081603], [90.51460576119041, 25.89409031246242], [90.58135417692901, 25.96027430250268], [90.62984934681842, 25.93806710949907], [90.60916691309454, 25.916186307293227], [90.61635532588772, 25.897324978311016], [90.70744130375763, 25.955861314273704], [90.74806530073607, 25.957224779990835], [90.74000017160638, 25.9260747911178], [90.77026674839487, 25.9068995685887], [90.809919000945, 25.951551366840626], [90.83824978047909, 25.938308133383387], [90.88595212722412, 25.949450073979314], [90.91771973241879, 25.917355598573117], [90.91822652538949, 25.943306392897398], [90.9428123170959, 25.945425174857945], [90.96086921350059, 25.9343199135673], [90.96752679607914, 25.887216411422315], [91.02901687904766, 25.8881418730818], [91.0057505757263, 25.82151159275175], [91.04913102068926, 25.847442082605216], [91.07554841444286, 25.848475053188064], [91.05946841405635, 25.82252636163454], [91.20067950310215, 25.857687585148376], [91.18105080828914, 25.77975972783498], [91.19071710956358, 25.732582913979247], [91.21713470782683, 25.723806236782327], [91.27562657685299, 25.746940856348683], [91.3320438302531, 25.838427032886486], [91.41896064061285, 25.85352950545679], [91.44448621037365, 25.840758223313227], [91.46736640540763, 25.858144966162417], [91.50264846665596, 25.86169428404868], [91.52754792702913, 25.875859721861378], [91.53479264365255, 25.892377967769804], [91.50883654932926, 25.86743333949973], [91.47240130850412, 25.872896032739174], [91.53958478495748, 25.932003318562497], [91.50096661908256, 25.920338405660132], [91.5791758800869, 26.03034134838727], [91.63117693220812, 26.016356640556932], [91.63385354276602, 25.955467809548633], [91.60695354399763, 25.937407199377677], [91.66846500133357, 25.90852754475546], [91.72383976099701, 25.960283387079148], [91.73201089932218, 26.06019904860067], [91.82268220276991, 26.119551799701252], [91.87533269666642, 26.086870715935834]]]}, "properties": {"pc11_s_id": "17", "s_name": "Meghalaya"}}, {"type": "Feature", "geometry": {"type": "MultiPolygon", "coordinates": [[[[95.83399385643145, 27.976332148609824], [95.97108032899412, 27.966231279050387], [95.9109328836458, 27.871823485865217], [95.84490353576967, 27.833870858053718], [95.78006616282326, 27.76049854657075], [95.78250240376299, 27.741877645636855], [95.75984842206712, 27.73318557665308], [95.77329462484713, 27.692390001197616], [95.79517060753761, 27.68022412364442], [95.77331807197154, 27.66714713123522], [95.79730083076885, 27.64006896800853], [95.7795081577754, 27.619411324772887], [95.79185626585411, 27.598791498029225], [95.81891966850803, 27.596309348497712], [95.81255405662455, 27.57925809278677], [95.83330706486925, 27.559578686207427], [95.87946554949568, 27.54522453328568], [95.8885083414869, 27.508012368575947], [95.84982921434687, 27.43583891363502], [95.85482291494569, 27.415214048889343], [95.87976199751834, 27.433618788776133], [95.88801987381827, 27.40033658406614], [95.90771337502237, 27.43307339896824], [95.93998112872623, 27.439391151630417], [95.98535772298067, 27.417136855181752], [96.01578050356748, 27.365761321527867], [95.90289855632342, 27.288524801278598], [95.89501716590962, 27.26057069028523], [95.87193438386483, 27.267432545375677], [95.8575121675526, 27.29460587665998], [95.59636550836169, 27.22911392496768], [95.5313915544768, 27.26869413142908], [95.5105130026731, 27.262878950503218], [95.45598296024555, 27.208560657948063], [95.45505044782004, 27.130880048875213], [95.42807441520222, 27.1329951266238], [95.38084802521635, 27.10173619057282], [95.36159745585803, 27.11061442371677], [95.24794246936962, 27.029506232126906], [95.2310210478832, 27.046211391842252], [95.19595097475785, 27.043085916781713], [95.09854086866622, 26.957722577534955], [95.01790199997743, 26.9237649999548], [94.98615899933847, 26.917857999147373], [94.92629793140456, 26.95180020461577], [94.89768249225335, 26.938923378810927], [94.81933138283716, 26.85305980966249], [94.81431399949157, 26.82345899953323], [94.79387910888391, 26.8162490780326], [94.80078199958972, 26.80284399945104], [94.7720629999076, 26.79386499996977], [94.75931200004887, 26.771662999547814], [94.74461899966725, 26.780530000159438], [94.69284500069637, 26.736143000099418], [94.6211639992193, 26.712922000350055], [94.60152210156384, 26.74024354530343], [94.59420222805048, 26.69688686523673], [94.56455435100258, 26.686256967684947], [94.56410000001509, 26.70705200034958], [94.54301832913266, 26.71011325212494], [94.4970724334461, 26.67135277590998], [94.46154100001719, 26.666452999606268], [94.46487700007366, 26.632914999827413], [94.45349700048637, 26.640048999661666], [94.4016908309672, 26.61325638737245], [94.41379249332901, 26.57592049663365], [94.39834100023715, 26.530494999944317], [94.37107199997291, 26.516914999627613], [94.37040799992934, 26.499811999624086], [94.34781000013152, 26.49754100011715], [94.34522300044122, 26.479796000185292], [94.31814800013024, 26.47266100030495], [94.31778300038523, 26.457608000408957], [94.29320099992631, 26.47076800024309], [94.28574300043927, 26.56441900043652], [94.26293800008875, 26.54645500029807], [94.17353949635074, 26.4325551778792], [94.17815200041458, 26.38369500032401], [94.16424100012219, 26.359328999933414], [94.17631399929172, 26.343772999324518], [94.11437394789954, 26.328874935529896], [94.12277909537906, 26.318401178271785], [94.10418099945363, 26.317797999378197], [94.07673500002038, 26.262489999314116], [94.0496059999171, 26.25097699988866], [94.03467299925957, 26.20060599996697], [94.00405699933115, 26.17717499952664], [94.00191104785668, 26.13746326856506], [93.98871099221863, 26.135088798909052], [93.99716891191586, 26.110097840742792], [93.97783801016622, 26.086353806532976], [93.98571399970145, 26.068457999736967], [93.9538450004465, 26.007976000292217], [93.97998599995404, 25.921351000348476], [93.88133175105958, 25.845403475689917], [93.81961400038594, 25.83864600041271], [93.80345799998683, 25.810756000289288], [93.78679200035066, 25.811360000263857], [93.77599499976951, 25.847115999803545], [93.79430195726967, 25.905715157928284], [93.77937990046213, 25.972416170769737], [93.76672313651368, 25.97074404914857], [93.75145000101682, 25.934578005070914], [93.68605400069164, 25.905911999739047], [93.71272500035857, 25.84615499955359], [93.63943700031744, 25.817766999847176], [93.61317400057973, 25.772089999653776], [93.57015400060679, 25.761355000133264], [93.54438800040597, 25.732844999297384], [93.54815400050681, 25.711875999977448], [93.51615333600775, 25.691346775433395], [93.50430316096225, 25.66097805938999], [93.42464451283409, 25.631797672424657], [93.3571658724072, 25.5551271989611], [93.34267022015472, 25.563117983807977], [93.3283342605178, 25.54798978350173], [93.38351443634232, 25.493905921720923], [93.38634444903718, 25.466121802379334], [93.45679499988947, 25.43275300015094], [93.47204633716878, 25.377387683594772], [93.45129599991063, 25.346311999699108], [93.47382181022846, 25.308552888005405], [93.38851641520056, 25.24572375874455], [93.35028000182076, 25.171533741389148], [93.34379626308721, 25.115165446028616], [93.30431687602308, 25.049402126606964], [93.26779937733949, 25.04880905159653], [93.24959476718485, 25.01762693833261], [93.26247196980569, 24.96851082361565], [93.22553987466554, 24.87395001258311], [93.19807798601036, 24.856911859994398], [93.1905079130099, 24.801387840976126], [93.15363931180492, 24.789514154055066], [93.13496702630732, 24.81183016423075], [93.11239224160884, 24.81018250371961], [93.10324776687105, 24.73658380769664], [93.09076219022302, 24.711613111256188], [93.07200413818052, 24.70844572778815], [93.10124187940933, 24.671388681742286], [93.07395573716765, 24.59601169238575], [93.10366819902823, 24.58431454418096], [93.06774321058079, 24.573122610819905], [93.03381907519028, 24.50591733102004], [93.04682638632876, 24.468316035956324], [93.02836926992596, 24.444155393956287], [93.0410542892242, 24.411959849967165], [92.99842679386151, 24.398991065785054], [92.97460188227109, 24.408074755345773], [92.95692008039748, 24.392350454709717], [92.90670186899611, 24.40970021069618], [92.89952446608135, 24.391504532608195], [92.88031462611924, 24.400262180155526], [92.82678975684192, 24.3703366482178], [92.82659769762574, 24.397415198152935], [92.79312803103392, 24.42971282598619], [92.78447672022457, 24.49146627884576], [92.7587486696155, 24.52016013078549], [92.68414686258778, 24.346259232177843], [92.65792992252801, 24.344834604433537], [92.63960012944251, 24.32413650789354], [92.62342361460828, 24.331644928770498], [92.6152274219081, 24.252266730625223], [92.54921783663394, 24.245378143186798], [92.52807843557142, 24.171860181102563], [92.48493957490163, 24.16138076800812], [92.46851112129134, 24.13519822611728], [92.41862371201486, 24.19117503220197], [92.43178355896418, 24.255083839847387], [92.23548311575331, 24.251561205285473], [92.24520157559232, 24.331610219436158], [92.2733983596467, 24.387308074708], [92.25846703082891, 24.437224799185138], [92.22986119373917, 24.459358052731968], [92.23270253609327, 24.49085663472595], [92.20992571330108, 24.497149646139256], [92.23678010271966, 24.551151570688486], [92.25095722679463, 24.642229736413242], [92.27454606634802, 24.655928705345527], [92.30752294942471, 24.71944117367127], [92.2810022228744, 24.745773669419354], [92.29035339689183, 24.793582500831775], [92.27332401539107, 24.829256356295833], [92.24508438493656, 24.841931351750553], [92.23676731256148, 24.863228359001617], [92.24970489926176, 24.887525744717383], [92.23495290155525, 24.904237149324977], [92.2964835150023, 24.917470042808272], [92.39964540431208, 24.84900531194559], [92.49136236478141, 24.875871533744316], [92.48649690570772, 24.945343782289793], [92.4461553026252, 24.937157905712766], [92.46523814572397, 24.963227338071288], [92.41868956037497, 24.965844402996858], [92.41461626732695, 24.99214879762893], [92.4404219716967, 25.045110397227084], [92.46260264469633, 25.037179581872245], [92.48780969825901, 25.109771151417533], [92.54285689313116, 25.100691042058017], [92.52546964620733, 25.13867861662496], [92.62083658074373, 25.12326332394333], [92.66451966974702, 25.178736290247635], [92.8035636921108, 25.221113721021478], [92.76727173979907, 25.248710247180213], [92.79149625614741, 25.28323438236085], [92.78449626339193, 25.31674102008204], [92.75243990028127, 25.340669296151138], [92.7352596152392, 25.379600403435905], [92.71682844337802, 25.374987092680186], [92.6693350572672, 25.4148033495949], [92.65360661075658, 25.408997759039405], [92.65229362125376, 25.432298049315623], [92.63863665335897, 25.417052260853186], [92.62522570760045, 25.43334468480945], [92.60365046179949, 25.41263737291653], [92.59629329519956, 25.468037816092355], [92.56420847933799, 25.465150116384823], [92.57247072184646, 25.49065291290172], [92.64346464487755, 25.537071169399013], [92.65354586694829, 25.5919129842968], [92.58709021614064, 25.550984194964695], [92.55915479036136, 25.563563616767578], [92.55718902255549, 25.611605055129257], [92.50394192777783, 25.615296552693774], [92.47804633706892, 25.670559961672986], [92.43561540922386, 25.697663172817194], [92.44152323381029, 25.72260065459658], [92.382558948237, 25.74144422587042], [92.38370830429497, 25.7534460410021], [92.34633304393492, 25.726936485830183], [92.2225973623785, 25.71214044292712], [92.16218392814591, 25.66691152994319], [92.14754316128794, 25.71659512136782], [92.15548553203178, 25.81806964240015], [92.18495743513759, 25.879910992298523], [92.22354916436257, 25.906679772553527], [92.16381472456995, 25.908843546792333], [92.15408043036769, 25.94877257779232], [92.17601518825043, 25.982910354329388], [92.25028199242017, 26.027979423611576], [92.27082852981289, 26.069313612932994], [92.23438337259464, 26.06051001542494], [92.17778337140552, 26.07660631163205], [92.13332367734598, 26.044636266350636], [92.00338037320576, 26.0380313655551], [91.91550026412602, 26.000434892656273], [91.91165238794744, 26.023829904926206], [91.87431615906357, 26.037267261075232], [91.87119567164302, 26.097003242305846], [91.82016588504769, 26.119055323044822], [91.78806169059459, 26.08528370008277], [91.7731991778998, 26.091946028886166], [91.7311338784258, 26.05902838415269], [91.72383976059658, 25.960283387368495], [91.67199844467261, 25.90967327030525], [91.64496742031028, 25.909449091802202], [91.6075118576861, 25.936366505709703], [91.63385354270692, 25.955467809192097], [91.63312426177535, 26.013217281552333], [91.5818711267512, 26.031639874780506], [91.50096661901432, 25.920338405992734], [91.53958478471009, 25.93200331889812], [91.4724013089733, 25.8728960330255], [91.5088365493674, 25.8674333386777], [91.52020309959343, 25.886357478414908], [91.53479264376557, 25.892377968268672], [91.52754792659567, 25.875859721848744], [91.50264846725304, 25.861694283564336], [91.4673664050357, 25.858144966117365], [91.44448620967097, 25.840758222813783], [91.4189606414206, 25.85352950508267], [91.33204383035857, 25.838427031682183], [91.27562657680517, 25.746940857034957], [91.21713470780058, 25.72380623716813], [91.19071711010666, 25.732582914370024], [91.18105080824824, 25.779759728328784], [91.2006795029568, 25.857687585313823], [91.05946841393623, 25.822526362301897], [91.0755484144279, 25.848475052581684], [91.04913102088, 25.84744208318562], [91.00575057622825, 25.821511593385356], [91.02901687932562, 25.888141872749244], [90.96752679562525, 25.88721641100867], [90.96086921434289, 25.934319914032862], [90.942812316935, 25.945425175231758], [90.91822652493434, 25.943306393175554], [90.91771973178032, 25.917355599381427], [90.88595212658947, 25.949450074861076], [90.83824978030319, 25.938308133013972], [90.8099190008613, 25.951551367801436], [90.77026674791219, 25.906899569559545], [90.74000017237017, 25.926074791018834], [90.74806530057323, 25.957224780499207], [90.70744130407299, 25.955861314298286], [90.61635532593769, 25.897324977865484], [90.60916691262305, 25.91618630715243], [90.62984934657023, 25.93806710930969], [90.58135417685384, 25.960274303316496], [90.51460576074734, 25.89409031161863], [90.53369065609897, 25.95504884472844], [90.47858399355655, 26.01451142756038], [90.42850568429006, 25.991290408025954], [90.39934717243418, 26.013249757870057], [90.37098153976638, 26.012474135772752], [90.31948076022897, 25.973112283804863], [90.20457008544126, 25.960256214352835], [90.18533785955466, 25.944433466731105], [90.15158349907934, 25.96447802234288], [90.12414121114804, 25.95813624788957], [90.04995060923339, 25.893015803436644], [90.01995498593396, 25.887898878630374], [90.01230319243844, 25.84906458516248], [89.94831726882697, 25.823949988201463], [89.94635642660788, 25.76655756378062], [89.93036340854458, 25.741725949293233], [89.89719192296897, 25.738715502018835], [89.95283222162979, 25.656143402995742], [90.01663671511247, 25.606493697126538], [90.00230718922555, 25.586881776572763], [89.88002605046198, 25.548599853900196], [89.87006730796004, 25.525460927180095], [89.88783560033276, 25.511774730419486], [89.87376811620577, 25.479192572379368], [89.85374501032408, 25.472705584395257], [89.85251675134714, 25.538532353685202], [89.87381946119928, 25.56888012541752], [89.8827951484774, 25.630700024686444], [89.84841900303465, 25.717559110064954], [89.8239838393828, 25.733611689328047], [89.83523853013416, 25.771945158442307], [89.81557699937912, 25.81608511473635], [89.83605938633175, 25.875132790845708], [89.8899827506036, 25.94157301558227], [89.82803687070519, 25.943956233393546], [89.84952725917573, 25.94952645608109], [89.84414591210431, 25.968796681022084], [89.87419479865115, 25.976815905129953], [89.83929646456033, 26.01267411441884], [89.83959256184738, 25.98204482880587], [89.8213968729675, 25.985326018780793], [89.81445685420054, 26.04104911802248], [89.78912404843615, 26.016216557448242], [89.80558893088461, 26.038560264944273], [89.77661833956483, 26.037464305233556], [89.80214175663687, 26.06083362117469], [89.7998348031337, 26.087444661242117], [89.78614071841952, 26.084051245768432], [89.78973854979438, 26.104817018990286], [89.7587583909871, 26.108973349140825], [89.7696648858259, 26.129394065084107], [89.75294048601474, 26.152930418404104], [89.71645947642385, 26.155271645969698], [89.7336459757813, 26.176501687902583], [89.69830515186145, 26.180134808674545], [89.73367533594813, 26.210459112598013], [89.70185348634946, 26.216643408566494], [89.73187291470343, 26.23631740212647], [89.70655724102393, 26.270081947424025], [89.72396389711626, 26.257209470740513], [89.7388129703424, 26.26810729161822], [89.71898075006172, 26.295318693902654], [89.72133755568376, 26.308708142267008], [89.75645622457519, 26.284583347243736], [89.75332482118367, 26.32016728309364], [89.76458349683108, 26.31260759366559], [89.78238502005273, 26.34766090972321], [89.81830164390581, 26.368064584413105], [89.81000866256977, 26.35313932242181], [89.8185692209928, 26.34990560136244], [89.82693254280272, 26.38097753058864], [89.85827019741178, 26.38403333157307], [89.84419507624187, 26.401722837938653], [89.82577279597784, 26.39011473700555], [89.86471125072374, 26.446343030406545], [89.84762631000628, 26.48347786331274], [89.87621034663033, 26.58418564665031], [89.87374268068027, 26.614471917345124], [89.85321131574976, 26.6255774429447], [89.87189525825961, 26.648275525595107], [89.86006903755617, 26.73689996396221], [89.96789707369116, 26.72432656671769], [90.17258922581229, 26.765575844749463], [90.19009073789738, 26.775938539332163], [90.18727225720907, 26.81473762164402], [90.22396011626648, 26.857844748836175], [90.30276253606232, 26.848841467659675], [90.3454992945569, 26.87043508840868], [90.35455828513689, 26.895845348284205], [90.41459788198672, 26.899265541971225], [90.5497161091113, 26.81019272861161], [90.63131446898765, 26.79104067368821], [90.64670182962585, 26.77460043626115], [90.67615249524158, 26.78195932596222], [90.71439773816513, 26.767708657128882], [90.9843762021002, 26.788243059070023], [91.05057269437445, 26.775012014592832], [91.092738928359, 26.82019366460598], [91.14803320836599, 26.804788932663122], [91.23645881831989, 26.811551803872742], [91.30481326442072, 26.780993226556234], [91.34521984442034, 26.780202313286157], [91.40848983573738, 26.83611635658459], [91.49947534431175, 26.787958474903746], [91.62211829472359, 26.822118774961552], [91.68442630013371, 26.807141631980798], [91.82484900118052, 26.865846243709253], [91.85591984042838, 26.91314659573881], [91.90066362042982, 26.915895742294722], [91.99113545873458, 26.853030493562454], [92.05402515823457, 26.848371600668848], [92.09717953131046, 26.868256719072388], [92.11094917886162, 26.892193251817183], [92.28643391669206, 26.901472796632316], [92.3073754588105, 26.925275987796667], [92.36274672797921, 26.93683903269531], [92.39845101740066, 26.925389546990093], [92.47083595241736, 26.965703938386028], [92.5879139186925, 26.96040002743941], [92.64559300921015, 26.98725746915694], [92.6605056627063, 27.038810203428206], [92.801901343872, 27.02682105704622], [92.88152921090452, 27.001547563369417], [92.91486207622391, 26.98233144613936], [92.91509037182331, 26.95995211829568], [93.0179686554292, 26.908368683867685], [93.08304639827277, 26.90869833575969], [93.32900481302181, 26.958989829317222], [93.420325927, 26.952903413761582], [93.46800506268359, 26.933305297801365], [93.65247077310782, 26.962810240200515], [93.7638694532128, 27.041660967979382], [93.7703608505729, 27.066258738949685], [93.77695934459821, 27.052461156657078], [93.78079192960392, 27.069481355180443], [93.78521360742212, 27.05340606713636], [93.79835932961942, 27.060314537685855], [93.795047719177, 27.076929850632155], [93.80169438898497, 27.060990603933284], [93.82903519381924, 27.070215894448076], [93.83706415578624, 27.086357863624595], [93.80982737283517, 27.141601004582856], [93.90376276743787, 27.247219016144715], [93.98774529480957, 27.326221807590397], [94.06176470807492, 27.368267071068527], [94.08112058085024, 27.407306793973436], [94.16693821532644, 27.481125456974283], [94.26260393432419, 27.52762462817416], [94.25502563792301, 27.558169800196193], [94.22625695519443, 27.57386784062837], [94.2274891451081, 27.5974538527132], [94.21033224873445, 27.60644148298806], [94.24207674044928, 27.632851079413896], [94.2684055984398, 27.631458670781058], [94.25594536468692, 27.611245304327355], [94.27834680955775, 27.590721353407773], [94.30016692996, 27.60135855075659], [94.35296627027722, 27.57731982804766], [94.42970803030143, 27.599836038102772], [94.46149481083698, 27.558357123582418], [94.47860700011304, 27.57674345884365], [94.68429753460367, 27.649494352282574], [94.68793083703858, 27.66868664467293], [94.76125332338225, 27.665558105622175], [94.79610833802955, 27.69877968523434], [94.83287600382462, 27.699643033499218], [94.8545346095847, 27.731744650495312], [94.90771943260589, 27.752016239058282], [95.30497420449603, 27.868042762063812], [95.38552751708137, 27.84273140692895], [95.51469614341241, 27.88377817112578], [95.5757647040779, 27.941207860754254], [95.6244288757422, 27.96154845609645], [95.83399385643145, 27.976332148609824]], [[89.79013331619964, 26.33527515692303], [89.81853798484019, 26.327158387849366], [89.80277469589556, 26.34403355990092], [89.79013331619964, 26.33527515692303]]], [[[89.70681323844026, 26.160438896837686], [89.704606561144, 26.161721259028965], [89.70627203092964, 26.16218773467623], [89.70681323844026, 26.160438896837686]]], [[[89.71032595707739, 26.24003608080053], [89.70740895296092, 26.23956974364879], [89.70750393126151, 26.24040075229291], [89.71032595707739, 26.24003608080053]]], [[[89.74200453658027, 26.307639836709125], [89.73392607772641, 26.307336078996897], [89.73617739736912, 26.312063492136513], [89.74200453658027, 26.307639836709125]]]]}, "properties": {"pc11_s_id": "18", "s_name": "Assam"}}, {"type": "Feature", "geometry": {"type": "MultiPolygon", "coordinates": [[[[88.18637306100015, 21.573145525000054], [88.17815366300016, 21.570006186000096], [88.17270927700008, 21.59713260400003], [88.18637306100015, 21.573145525000054]]], [[[88.31501714100011, 21.61114796200006], [88.30539663700009, 21.634937030000085], [88.32121489100017, 21.683832191000125], [88.34828143900012, 21.657744669000085], [88.31501714100011, 21.61114796200006]]], [[[88.21659536800018, 21.700634484], [88.19416809100012, 21.688056946000096], [88.19990147000013, 21.675036942000087], [88.22670455100014, 21.669778548000036], [88.23166656500018, 21.643471718000058], [88.21166992200006, 21.620830536000064], [88.21389007600008, 21.601940154999994], [88.18283665900012, 21.68462314200011], [88.20889467800012, 21.713905810000018], [88.21659536800018, 21.700634484]]], [[[88.45677972900005, 21.7058086650001], [88.4706878659999, 21.672990799000075], [88.46611022900005, 21.66749954200003], [88.46704757300007, 21.678410691000078], [88.44884469600004, 21.68498395200003], [88.46639322100002, 21.677042501000116], [88.44236373900009, 21.614999771000083], [88.42005920400005, 21.65307045000005], [88.41940513800003, 21.689067665000056], [88.45677972900005, 21.7058086650001]]], [[[88.172693199, 21.81051796400005], [88.14041837200014, 21.67653217100008], [88.15430332500013, 21.650094886000055], [88.13781819000012, 21.633034939], [88.07066099650008, 21.633863124000047], [88.0422722973425, 21.65489955116942], [88.04690209800012, 21.720446093000085], [88.13500976600018, 21.87744712800009], [88.172693199, 21.81051796400005]]], [[[88.07666577700012, 21.846031096000058], [88.06947681800011, 21.865161203000067], [88.07543794400004, 21.881169928000094], [88.09330551700013, 21.85890944600007], [88.07666577700012, 21.846031096000058]]], [[[88.09727961300005, 21.869706156000063], [88.07347194050014, 21.91114216050008], [88.07455162300016, 21.916807634000108], [88.1166528350002, 21.89036660700004], [88.09727961300005, 21.869706156000063]]], [[[88.48477240400007, 21.895678698000005], [88.4848349430001, 21.90302820300006], [88.4935762300001, 21.903998942500042], [88.48477240400007, 21.895678698000005]]], [[[88.12964472800019, 21.8947491710001], [88.07993102400019, 21.92590514000002], [88.08404204300017, 21.936299952000066], [88.12263491200018, 21.950839026999997], [88.1528763840002, 21.922739587500068], [88.12964472800019, 21.8947491710001]]], [[[88.21111297600017, 22.14292049400009], [88.2105712890002, 22.142780304000038], [88.21083068800007, 22.143060684000055], [88.21111297600017, 22.14292049400009]]], [[[88.13870502300013, 22.414360006000084], [88.08646625200011, 22.364188480500086], [88.09186105260004, 22.308681793200098], [88.04826951100019, 22.205348078500037], [88.07305908200013, 22.187221527000062], [88.13542556750008, 22.184720993000113], [88.19333648700015, 22.11277771000007], [88.18639373750014, 22.095417976500126], [88.05278015100019, 22.010000229000088], [87.98164490200013, 21.868513219000125], [87.91561321900018, 21.806781099000034], [87.8826340966668, 21.795917350666755], [87.88799467700002, 21.784399235000002], [87.81145308700019, 21.70837066000007], [87.77755437200018, 21.693467860000066], [87.75978110200008, 21.70135523750008], [87.68620122000016, 21.65635854600006], [87.55286043700009, 21.63725119500007], [87.48416634400013, 21.607053831000062], [87.48211939700013, 21.633454614000087], [87.45675938800017, 21.656221892000122], [87.47012292699999, 21.711108244000094], [87.46648590900016, 21.729464639000124], [87.44321523800004, 21.73179432000006], [87.44297236000001, 21.76689359200002], [87.3844627860002, 21.77471526500006], [87.37228581500013, 21.7631342350001], [87.35228404400011, 21.790582149000077], [87.33470302600011, 21.78493342900006], [87.26494745300016, 21.819704494000042], [87.23473674148507, 21.96441197549242], [87.20026591500002, 21.95825865400008], [87.17161339000012, 21.9731777540001], [87.15729179900015, 21.930785110000112], [87.09235752600014, 21.912338201000054], [87.09464263916026, 21.8603401184087], [87.03024291992222, 21.865310668945288], [86.99867101800015, 21.91073562500006], [87.02738343800021, 21.98239526950004], [87.02495847425735, 22.033298339839142], [86.96213954900017, 22.085969380000076], [86.82712023700013, 22.096854893000046], [86.80256002700025, 22.11807353000011], [86.79153768700016, 22.157531557000027], [86.71706348500014, 22.14927184900007], [86.72294498100023, 22.214098382000042], [86.75542998500006, 22.206370881000066], [86.77565972050016, 22.214222676500068], [86.7773095400001, 22.23473955700011], [86.79505571550014, 22.2265978355001], [86.77950262650015, 22.214343816500055], [86.80178811162517, 22.21614419387506], [86.81275214800014, 22.238574002000117], [86.7983686390002, 22.237430136000064], [86.79289424100013, 22.264484139000047], [86.80325253600017, 22.242719565000108], [86.81396930700004, 22.26507368050011], [86.81947529000006, 22.25136575100007], [86.82544643150015, 22.264251655000084], [86.8888254906668, 22.258064968000053], [86.88965438400015, 22.298873096000033], [86.83263006900012, 22.327420548000127], [86.84476766900012, 22.402811055000022], [86.76474347400017, 22.42497580000003], [86.74911871400012, 22.45386908600005], [86.74801090400003, 22.481484089000087], [86.79215353000004, 22.47531487400008], [86.80241514700008, 22.500352238000094], [86.7916696785002, 22.54539663900002], [86.77131156700014, 22.550178345000067], [86.76527330800013, 22.57273542300003], [86.65801012300008, 22.57387372450011], [86.63672493700011, 22.597526027000054], [86.63597954500017, 22.656855533000037], [86.61840436700011, 22.673802305000052], [86.53734282200013, 22.720524255000047], [86.50736618100018, 22.701558352000035], [86.45498309050016, 22.75954508050007], [86.41618996600015, 22.77749371400007], [86.43774833166674, 22.825838941000082], [86.43326180600012, 22.851656784000102], [86.46634212200019, 22.896996116000008], [86.4336888980002, 22.92105863300001], [86.47616850075016, 22.94812591875009], [86.48577277750015, 22.935869217500066], [86.52208604600006, 22.94502599900004], [86.54019116700017, 22.9872031895001], [86.5145821060001, 22.966862207000045], [86.50092754800018, 22.991233886000046], [86.45019302500009, 22.982720656000073], [86.41979214359999, 22.996787211400022], [86.39825152800015, 22.976052424000077], [86.37471586100013, 22.994777215000035], [86.33099127500007, 22.98821132900007], [86.30148313000007, 23.013720201000105], [86.24396079900013, 22.991274339000018], [86.18475379700016, 23.005277889000048], [86.15842905200012, 23.028494573000053], [86.13045992250014, 23.094398970000036], [86.09785361200016, 23.0879010850001], [86.0553227550001, 23.103024258500177], [86.04607413350017, 23.14393711750012], [85.96022057800013, 23.15732756600009], [85.92302926100018, 23.13636096700001], [85.89734905400019, 23.147447443999997], [85.87986788400009, 23.19903901000003], [85.86345046500018, 23.221935607000017], [85.83565705800012, 23.217820976500143], [85.84014307625016, 23.24719478125002], [85.82203464950024, 23.2618701100001], [85.8375557360002, 23.30477719200011], [85.8845752686667, 23.349937142666672], [85.87223133300019, 23.386861208500093], [85.90411718550014, 23.39825938500007], [85.86250066600002, 23.43689910225007], [85.87322887600003, 23.474359416000052], [85.90843750300016, 23.48249137700001], [85.95556974200008, 23.466371525000024], [86.05619188375015, 23.48524046425012], [86.02235854700005, 23.54474543200012], [86.04526251900012, 23.585131788500064], [86.08155709200012, 23.565659239000098], [86.1605548695001, 23.557217497500044], [86.14859755625017, 23.46497929425005], [86.17883426750016, 23.470812139000092], [86.22464721050008, 23.445714765000087], [86.24353285600016, 23.462888159000112], [86.23480596500009, 23.41999978500005], [86.25345831800018, 23.409430356000033], [86.25673514200015, 23.42982558100009], [86.28967259550016, 23.42845668700007], [86.31199586225013, 23.40811426725014], [86.3191794660002, 23.42314089650011], [86.30710870300013, 23.43175622800005], [86.35192424350016, 23.43931591950013], [86.38041855500018, 23.474692935000114], [86.3641521336668, 23.485028256000035], [86.37554153600014, 23.510245940000047], [86.3667774130002, 23.540923664000097], [86.38883426600016, 23.574355517000118], [86.44687449500005, 23.5981333620001], [86.44851458500013, 23.618172214000072], [86.49372605100011, 23.637877231000044], [86.55972103600013, 23.639249206000052], [86.5980655060001, 23.665426778999993], [86.71284572500012, 23.700601672000083], [86.74671991600015, 23.679820973000105], [86.80198843250017, 23.68892044300009], [86.8008132385001, 23.724481507500112], [86.82450033500008, 23.763318372000104], [86.79283366600018, 23.801306693500052], [86.79689588866687, 23.835580045333444], [86.82061817600012, 23.813496310000055], [86.87468628400016, 23.84534225800004], [86.8873624467502, 23.819173072000083], [86.88012667200017, 23.86138402200005], [86.91348292325017, 23.880519571250087], [86.93449749750016, 23.852195162250062], [86.9556379620002, 23.84897350600002], [86.9681844660002, 23.869107932000084], [87.05076905000017, 23.81748569], [87.09522458800014, 23.815057829000114], [87.12050530533345, 23.79545269400006], [87.14745775716685, 23.79597144200008], [87.16878641300006, 23.82143323000004], [87.13631151200018, 23.851099515750136], [87.1384870365002, 23.867961304750136], [87.19748870475016, 23.856693005000135], [87.19127914600013, 23.841843163500116], [87.23190203333338, 23.85699068666674], [87.22050503833337, 23.83030544800005], [87.24349305300014, 23.826300689000075], [87.2567576066668, 23.845973000000093], [87.24935307950018, 23.906215585500085], [87.27261462000013, 23.873769020500053], [87.29761493675007, 23.900984187250113], [87.29418672300021, 23.954054395000163], [87.26188823200017, 23.96374093400005], [87.26921960100015, 23.981641330000098], [87.24118498800003, 24.00114790300008], [87.23907264100013, 24.031899129000085], [87.28937950950005, 24.01826063800006], [87.33759281300003, 24.02609195666668], [87.34576682558354, 24.0181941617917], [87.32027302000006, 24.000724592333384], [87.32860943200015, 23.99178738400008], [87.36488776750001, 24.00625902050007], [87.44703446550017, 23.979129439500053], [87.45814965300018, 23.994624735000098], [87.43925264200008, 24.009773317666767], [87.47681692600017, 24.01219113450009], [87.51304065166684, 24.035468774333363], [87.49684698000003, 24.0518558860001], [87.49500116300017, 24.071200805500077], [87.51267039200009, 24.08021629050013], [87.49289831850012, 24.08522675300005], [87.50020644650021, 24.113839978250102], [87.5321722226667, 24.106333504333428], [87.54534665700021, 24.08605680312504], [87.57858999133352, 24.08626666033336], [87.57356825025019, 24.112040295250054], [87.6074425799168, 24.131109958000103], [87.57592204300015, 24.154354515000104], [87.58209325100005, 24.16128322400007], [87.68953893757164, 24.153896611714327], [87.69369615500017, 24.189748086333413], [87.6364380355001, 24.210307178500063], [87.63780085625022, 24.24822807225014], [87.65064531500016, 24.23377396300011], [87.67916497000009, 24.243984346000087], [87.71324443833348, 24.292927767000034], [87.76181621733349, 24.308200887666704], [87.80964802600015, 24.412070821000082], [87.78757975250016, 24.412186903000094], [87.79061860525023, 24.428281576000128], [87.82399965691688, 24.462399745666758], [87.81167357200005, 24.479382775999998], [87.83133516200016, 24.500503866000074], [87.81319348942858, 24.493217768285753], [87.8117929365002, 24.51406783100006], [87.80015444425017, 24.493690591750045], [87.81071167137512, 24.54636220375009], [87.77014016600019, 24.57799142062503], [87.80840796400021, 24.57721257133339], [87.83081187150016, 24.557722080500117], [87.88896586150014, 24.56300211700005], [87.91225797350016, 24.60959246300008], [87.8735957925002, 24.612623115000105], [87.90835048150015, 24.61531423520003], [87.90750422900025, 24.62910151900009], [87.88780303400007, 24.628156211000036], [87.91247007900017, 24.631952288000154], [87.91861919600021, 24.657920276500118], [87.88585646400013, 24.673772444000114], [87.90479962650016, 24.712921692000062], [87.8800287155794, 24.73940993757398], [87.81384221266683, 24.74771942200003], [87.83072426300015, 24.779750304000043], [87.83287475512515, 24.757392373000126], [87.86396363666681, 24.76608380666668], [87.87454151200015, 24.79103095200002], [87.8640171617502, 24.818490149750023], [87.89507602600018, 24.818755863000092], [87.88982680700009, 24.943831483000107], [87.88384489600013, 24.994133192000085], [87.8513039770002, 25.027363676000142], [87.85293540400009, 25.04804679900004], [87.7991954860002, 25.060027385000378], [87.76512717200028, 25.103766961000346], [87.78138763000008, 25.166632934000106], [87.76867780900017, 25.2100432770001], [87.80110320400013, 25.219011895000182], [87.84117412363918, 25.200407875258108], [87.82752138850013, 25.23375118700007], [87.85481155700016, 25.256161051500065], [87.8587827350001, 25.281725355000024], [87.85062240750015, 25.302221972000122], [87.79527095900012, 25.326183484000115], [87.7929885550001, 25.372434803000072], [87.76684913900012, 25.382310371000056], [87.76328783900006, 25.41273465700001], [87.77587921100013, 25.409190441000124], [87.77046694900014, 25.42649180700008], [87.78733618500013, 25.44826438200006], [87.82211816400013, 25.43605770700002], [87.8397478005002, 25.467906482000064], [87.86483565800017, 25.464630914000026], [87.8858689862502, 25.51532276875011], [87.90512962566673, 25.50410757266673], [87.93006334400012, 25.53504073200002], [87.99088909800018, 25.526186571999993], [87.99409380800013, 25.50161965000009], [88.01353427900015, 25.508514867000038], [88.03007595400004, 25.490613856000028], [88.06310489000012, 25.49121035500009], [88.07713969750012, 25.507950507750127], [88.03577796200003, 25.53838787100003], [88.04375839186612, 25.56018479812459], [88.02566390400003, 25.556755325999998], [88.03862681350016, 25.570422300500113], [88.01910752066681, 25.59165807000013], [88.04022458000024, 25.601855254000167], [88.03451293700007, 25.62254557500004], [88.05541452350006, 25.63655282500011], [88.03716296100013, 25.642372122000207], [88.05078848733349, 25.647660781666765], [88.05097872300017, 25.692147210000044], [88.01908485400013, 25.694597314000085], [88.02001594000016, 25.70823207750011], [87.99011184666675, 25.721714303500082], [87.96537348600012, 25.718534424000012], [87.93934221200011, 25.77049198900004], [87.90490840000015, 25.764744668000034], [87.90086609700018, 25.804494961000064], [87.91594979400014, 25.81204486700018], [87.89034091700017, 25.82738820300004], [87.91530744500001, 25.851365606000105], [87.82996289400022, 25.871295956000157], [87.80933535800003, 25.93581534100003], [87.83975557700018, 25.935435371250144], [87.85388004850013, 26.04173258850014], [87.87708611116682, 26.0449015010001], [87.92330339800009, 26.091460030000075], [87.94756565750014, 26.066528541500073], [87.95087674100014, 26.081271331500073], [87.97994784766679, 26.077161638000074], [87.96009251333358, 26.09981561300006], [87.98334377050004, 26.11084914000011], [87.96552099300015, 26.12402547550004], [87.97193210150006, 26.14733165850008], [88.00681899100017, 26.147871986000066], [88.00535277100018, 26.163872235000103], [88.03086474600012, 26.17940043400016], [88.06811208700026, 26.17189191133343], [88.11353521705098, 26.22300104775211], [88.14003531400016, 26.227282755000065], [88.14206818300013, 26.250590526000057], [88.21236765900015, 26.27798923800005], [88.24927354700002, 26.33530943000005], [88.27638823450009, 26.33010155800009], [88.29587203500019, 26.35418180000005], [88.2775154011236, 26.379304530970355], [88.23465639700011, 26.379819618000095], [88.22880094000013, 26.390747371000096], [88.26999677833355, 26.420729291666706], [88.21090638700021, 26.464462184000077], [88.22615410300016, 26.476603014000084], [88.19673913300014, 26.47050360900008], [88.18102555633352, 26.48917115716672], [88.23377126500006, 26.532777132000025], [88.23214276200005, 26.55248959000008], [88.21443286200014, 26.557324198333394], [88.21719152600004, 26.535255283000076], [88.1682974960001, 26.538663357000065], [88.14524082233352, 26.509200910833403], [88.10611733500023, 26.537847816666755], [88.14039709100015, 26.626239998000074], [88.16418911800007, 26.642778808000084], [88.18720644600019, 26.77023153500014], [88.16400499850016, 26.847970362500046], [88.17149410200008, 26.868747276250044], [88.13756113300016, 26.89689438500003], [88.14536796800013, 26.922748986000073], [88.11993651700011, 26.950804723000072], [88.13494856600009, 26.985139355500138], [88.0895501500001, 27.005692177000046], [88.0764422890001, 27.036386925000084], [88.03811523250019, 27.03585451650013], [88.02097992200008, 27.086106711000053], [87.99206179300013, 27.106431450000052], [88.02538045600002, 27.22372026900007], [88.06283565200005, 27.21664445700001], [88.09239443400016, 27.141435189000013], [88.15207737100016, 27.10809027800008], [88.18693636900014, 27.133685497000066], [88.23106078800015, 27.119572061000092], [88.30318278900015, 27.130691764000076], [88.32525413700016, 27.10457684200008], [88.43194300100002, 27.079663370500057], [88.46062782100003, 27.091989816000012], [88.47319220000017, 27.122637671000167], [88.52845688616681, 27.148071557000126], [88.52037122850011, 27.17090737700006], [88.58510350875012, 27.192523092000027], [88.65317297450017, 27.162673739000127], [88.68878200400016, 27.17774135500009], [88.73076799000007, 27.136690222000166], [88.80210727100014, 27.1407288490001], [88.87207099100009, 27.098442254000094], [88.87624395962504, 26.947706707750136], [88.91790883800012, 26.997282712000043], [88.9549803470001, 26.964140489000094], [88.94684053050007, 26.933276872000118], [88.98088575200018, 26.920676812000128], [89.02287108766679, 26.947035528666714], [89.05235058300015, 26.922551731000095], [89.04983010937514, 26.905319881500162], [89.09321048700015, 26.896813807000026], [89.09783714150021, 26.847602722500092], [89.13418732900006, 26.810050342000064], [89.26551367000016, 26.814304049000032], [89.32197230700011, 26.852838027000054], [89.33114511000012, 26.844074821500048], [89.37776233500016, 26.865406144000065], [89.39238924900016, 26.842947287000058], [89.44196470700027, 26.840811102000057], [89.4713742480001, 26.802343424000103], [89.55922022700028, 26.81806158900016], [89.569753866, 26.799509507000014], [89.65147128900007, 26.779206361999936], [89.64416868500017, 26.7497850230001], [89.62385645200014, 26.738459708000157], [89.61633787000004, 26.729831116000142], [89.62581561800015, 26.722401936000068], [89.66060431600017, 26.720335661000078], [89.67775051500017, 26.74059305000001], [89.73151983200017, 26.722648913000075], [89.75665670600016, 26.734251037000007], [89.77292276450012, 26.701650933500105], [89.85992677450018, 26.70297650800005], [89.8718952580001, 26.64827552600005], [89.85321131600014, 26.625577443000054], [89.87374268000018, 26.61447191800009], [89.87618069125013, 26.584361664000095], [89.84763725400008, 26.484508902000076], [89.8646832116668, 26.446264641666712], [89.84092746200011, 26.415301238000072], [89.84854771100018, 26.406039118500086], [89.82584628700009, 26.391958594000037], [89.84409223500013, 26.40173173250003], [89.85810705850007, 26.383725278000043], [89.82693254300017, 26.380977531000067], [89.81856922100008, 26.349905601000085], [89.8184075698573, 26.367962685857222], [89.78222495800004, 26.347481959000014], [89.76471945475005, 26.31271730725005], [89.75337880150015, 26.32021872500004], [89.75661408425012, 26.284703115500136], [89.72133755600012, 26.308708142000043], [89.73881720975015, 26.26817439525014], [89.72396389700009, 26.25720947100006], [89.70655724100013, 26.27008194700003], [89.73187291500017, 26.236317402000104], [89.70185348600005, 26.216643409000035], [89.73367533600009, 26.210459113000113], [89.69831029900007, 26.179764372000076], [89.70952025600006, 26.17196318300004], [89.73050450900018, 26.177553425000017], [89.73622902533342, 26.17242010000001], [89.70339797700012, 26.151524007000077], [89.68321984400018, 26.16095692500003], [89.70181075400006, 26.172664031500076], [89.67401467000015, 26.202224071000064], [89.69211903600011, 26.21409103600006], [89.67988527600014, 26.216416217000067], [89.68778354150017, 26.23094949900005], [89.63657966333344, 26.22818201100004], [89.6502385716667, 26.192541394500097], [89.63103038425017, 26.19668243775009], [89.62827426575016, 26.184441681500143], [89.63840477900013, 26.180665555500077], [89.65482737250007, 26.183632161000087], [89.65844612550008, 26.178279562500013], [89.64842672500005, 26.166541552000073], [89.60920974800018, 26.18079039600006], [89.61972608800016, 26.168945892666724], [89.59254276500005, 26.158909069000053], [89.5973285503335, 26.13503976566672], [89.60343092900015, 26.11970192500011], [89.62609853800011, 26.129701301000036], [89.6309159480001, 26.119499429000054], [89.59310320800014, 26.104353070500103], [89.6087075090002, 26.089370474000113], [89.63142511100003, 26.108708964000044], [89.65237654225021, 26.062711943500123], [89.62101566800001, 26.05444759500009], [89.60569019450017, 26.0656948025001], [89.61416431800015, 26.053775784000017], [89.57937889533355, 26.02741520500012], [89.58855498600015, 25.97881609950002], [89.57608005850017, 25.982004358500028], [89.57558015300015, 25.96822834900004], [89.56696497640003, 25.981588866000067], [89.55632509325012, 25.966439897500077], [89.5390166830001, 25.97190911400003], [89.53878007300005, 26.008487504500117], [89.4776174620002, 25.998738706000008], [89.43058121100013, 26.013705434000062], [89.42525099150022, 26.050308374000092], [89.39109993966682, 26.009635638000123], [89.35045243550019, 26.010807593000102], [89.32295270550019, 26.038462066500074], [89.28010577600013, 26.049271343000086], [89.28082877400008, 26.0659116335001], [89.25706141750013, 26.066163855500097], [89.2669253314002, 26.09325985440008], [89.25144503350012, 26.09046910775013], [89.22808134700017, 26.122509686500123], [89.16126518900015, 26.135317631000127], [89.13319290625004, 26.181694160500097], [89.14817144450012, 26.207102298250124], [89.13942800400015, 26.234084482000092], [89.09929266900015, 26.278874641000122], [89.10483725700009, 26.320120634000006], [89.12191843700012, 26.288121339000032], [89.13549103875026, 26.321418593750085], [89.08530352900016, 26.3273997650001], [89.10209760900007, 26.340486071000175], [89.10026529550021, 26.362264686250143], [89.08201574000017, 26.367352824500074], [89.09731463800019, 26.394095012666725], [89.03546259450007, 26.3985884445001], [89.03045379499993, 26.41089738050007], [88.99208490866674, 26.431369738333405], [88.99961359433327, 26.416078957666695], [88.99578956600008, 26.41483049075009], [88.98344607550005, 26.448273080000135], [88.95986171100004, 26.461551323000016], [88.96750514866675, 26.452346483666684], [88.94897307150003, 26.448926517500066], [88.94683758550009, 26.426588443500105], [88.93033664300006, 26.433478300500052], [88.92964853350001, 26.408091176500054], [88.90823735825008, 26.40821623175012], [88.922420317, 26.39765209500012], [88.91611475000009, 26.371185116000124], [88.94326300799996, 26.35834872200012], [88.95788375999999, 26.367712467166744], [88.95037065166674, 26.347590906500102], [88.96249715600005, 26.330751788500113], [88.96423287800005, 26.354534567750083], [88.98839499000003, 26.351626596000106], [88.98772657400006, 26.33481819000008], [89.00336559600014, 26.331957927000122], [88.9856971230001, 26.311307979000038], [88.99834162000003, 26.292472508333404], [89.00791940900007, 26.305171811400136], [89.01875274999999, 26.29193715050005], [89.02285915762512, 26.311325834375083], [89.0218983550001, 26.290548049250113], [89.04137311183341, 26.27672857266677], [89.04712274200006, 26.295652211000082], [89.06087815950002, 26.29212104750008], [89.04852684000005, 26.242308603000037], [88.96334799850007, 26.24184021250005], [88.93273543400012, 26.28418855100006], [88.9053638295001, 26.28832705700009], [88.87064182433348, 26.27372881000006], [88.88704146575016, 26.235389835000095], [88.8505128910001, 26.231246925000058], [88.81384248700016, 26.2546734060001], [88.82359168841681, 26.293684122250067], [88.79546537950006, 26.307726160000062], [88.76536215300007, 26.297175868000117], [88.74485727900009, 26.308054796000075], [88.7396500270001, 26.289112558000067], [88.65104977400013, 26.273313911000102], [88.65848226150007, 26.30523334600004], [88.67476950575016, 26.28860385850012], [88.70054974460017, 26.29175475420003], [88.67694380700006, 26.301330739000168], [88.66733679600017, 26.325518636333396], [88.68777379100031, 26.332079770500123], [88.69302489800012, 26.316901940000054], [88.7465181520001, 26.31848643800015], [88.74924020600018, 26.328898113999994], [88.73371804900017, 26.32767256600002], [88.74895380950015, 26.343789862500106], [88.69983092200015, 26.335377519000087], [88.67703114600017, 26.381550306500074], [88.70076521500009, 26.387785649], [88.66850370740003, 26.40099850180005], [88.6846388650001, 26.402611949250094], [88.68449010475011, 26.41323737450006], [88.66624147266681, 26.409905051666744], [88.62066195250021, 26.44053701700016], [88.62108907300025, 26.473453140000053], [88.59506411900014, 26.469833806000082], [88.59015389200003, 26.451152723600064], [88.56015076550015, 26.458666649500035], [88.55630896500021, 26.48430990900013], [88.52636005700006, 26.480777925000016], [88.52170597900019, 26.510136287500103], [88.4895934581668, 26.509595588166796], [88.48349254800013, 26.541691070000113], [88.43306720800014, 26.545201060000096], [88.41239146500014, 26.633121824000067], [88.38773206900014, 26.61183717550018], [88.39947718800009, 26.60186637400009], [88.37820952200005, 26.594798702000084], [88.33059363300008, 26.48327149700001], [88.35349524800013, 26.446201575000067], [88.37196762300016, 26.489830116000086], [88.48601472600009, 26.460638999000114], [88.52479726400017, 26.360168666000067], [88.48306095350017, 26.350142694000073], [88.45789072533347, 26.376746583000116], [88.43604687200012, 26.336196673000096], [88.40223297800001, 26.331784711500045], [88.41554257500019, 26.316133262000047], [88.38435428000017, 26.313134959000035], [88.35004254300017, 26.282114811000074], [88.35115852600005, 26.221157007000013], [88.27678140600007, 26.18707168850006], [88.24203794000006, 26.18996614900005], [88.17723581800016, 26.14689672500002], [88.15873361200005, 26.079733626000074], [88.18468988400006, 26.072846801000022], [88.17130710100015, 26.045386633000096], [88.1840076160001, 26.027216224], [88.13875174250022, 26.013175801583383], [88.12281264900014, 25.94881546500008], [88.08755449100009, 25.91707966000006], [88.10294023100018, 25.891108534000058], [88.09603799900009, 25.872791084000053], [88.11150285200014, 25.866160812], [88.10060723050019, 25.829194670000028], [88.12011830600014, 25.810981959000074], [88.11403958050012, 25.79730476650009], [88.14394465050019, 25.793505825000047], [88.15079621775018, 25.774272895750123], [88.18205043950013, 25.80060449700004], [88.20765783494991, 25.787030073898915], [88.24775432300008, 25.81496511033337], [88.26651784200014, 25.811853981000105], [88.26715933100019, 25.782602889000056], [88.32070464200022, 25.737397422000036], [88.37347066500008, 25.71754135700009], [88.36972961750021, 25.698507696000068], [88.40457805800007, 25.68590337600008], [88.40448739500012, 25.67149272500003], [88.45438307400016, 25.664432491000106], [88.44450593750018, 25.596902120250082], [88.49949635200011, 25.584183810000056], [88.49340833605602, 25.560293004425223], [88.54221041100004, 25.53335149100005], [88.53824933650017, 25.50806993350004], [88.55207848900012, 25.520838900000104], [88.57696804675014, 25.50819557925002], [88.60885759350016, 25.515195381000073], [88.64981288116681, 25.49541656466679], [88.64751345840013, 25.479775229600083], [88.69882712650018, 25.472038994500085], [88.70814893600013, 25.49982416050008], [88.76354982500004, 25.495178127000024], [88.75819667100015, 25.52577879650005], [88.81043970100016, 25.52311586500003], [88.81173082500005, 25.490808480000055], [88.82883306550019, 25.489815462000138], [88.83984768600014, 25.457464399000102], [88.82938628700018, 25.418225619500074], [88.8129251400002, 25.41141825800007], [88.83978316700014, 25.397081475750067], [88.84014757850004, 25.363963163000076], [88.88077296450018, 25.327871279000053], [88.90502328800004, 25.3385140680001], [88.91189594900017, 25.314881566000064], [88.93819821900021, 25.300025956000056], [89.00875637100022, 25.300743166500023], [89.00632711000013, 25.26856123500008], [88.9870230370002, 25.276065283000044], [88.95410577300012, 25.255463995000078], [88.96119594591681, 25.2119438345001], [88.93771791000017, 25.211434952500095], [88.9498687210002, 25.181392909000106], [88.92204664100018, 25.165700538500097], [88.91115436333351, 25.18120988466673], [88.87520641350012, 25.178315590500084], [88.87483561250008, 25.196815514000043], [88.86539340400012, 25.18962110500012], [88.84386614400019, 25.215270931000095], [88.8047507980002, 25.169495333000064], [88.77057109550016, 25.190590465000124], [88.74944841533342, 25.177115442666704], [88.70825505700012, 25.208999077000033], [88.61902415450015, 25.205922975500112], [88.56303323200014, 25.175160761000043], [88.55894466950019, 25.192570080500094], [88.53528168300016, 25.18717455400002], [88.49822776900012, 25.21003540400007], [88.4743213345002, 25.212667626250102], [88.46360274800006, 25.194998150000043], [88.44084021400015, 25.20971505000003], [88.44123491500012, 25.17379718200002], [88.46107009700012, 25.150065182000098], [88.441935572, 25.126446439000045], [88.45421865400006, 25.07889328500002], [88.4364502840001, 25.051384569000074], [88.45513840500004, 25.03522859500003], [88.43789087716672, 25.006391881000074], [88.42751478600019, 25.01647627550006], [88.41364082266679, 24.999678040000035], [88.41861673600008, 24.974416034000086], [88.39670433800016, 24.970854078000066], [88.39921037400003, 24.94292371700005], [88.36461642250019, 24.95284438150008], [88.34095026100016, 24.94034015300007], [88.32550835800014, 24.909495414000055], [88.34779042800008, 24.89375973500006], [88.32953210900008, 24.869988489], [88.31891189950018, 24.883957913500094], [88.30242600800005, 24.87190590600002], [88.27636298000009, 24.89808931400009], [88.25889507400012, 24.877589190000055], [88.26195258600015, 24.91582170800009], [88.22633095300013, 24.95910973300009], [88.13977774301632, 24.937279092815274], [88.17382211200005, 24.86280863000004], [88.13231129800002, 24.837297056000047], [88.1353157940001, 24.8061611270001], [88.12146594200009, 24.823987790000086], [88.10551328900017, 24.78001415350007], [88.07059531333344, 24.76983815100005], [88.06421220400017, 24.721604432000028], [88.00425875600017, 24.65770291500012], [88.04460167150016, 24.639505965500092], [88.10322679400016, 24.548062319000092], [88.19465319700012, 24.46188440250004], [88.26457063000014, 24.44293719700002], [88.3374424100001, 24.375780387000063], [88.38976078400013, 24.364194531000056], [88.42971007250014, 24.372996785500096], [88.52891330000011, 24.338539511000096], [88.55451523000012, 24.28885497250007], [88.56988900650015, 24.321453917000053], [88.63122846850017, 24.302371721250122], [88.6964039840002, 24.310924712000077], [88.73434152800016, 24.27092553000006], [88.72964949100007, 24.169690731000088], [88.74279480300015, 24.143439541000095], [88.69240675800013, 24.10779549900009], [88.69889592700005, 24.089465436666686], [88.72651507800008, 24.09203415750006], [88.72129235300014, 24.064508018000137], [88.73648313000017, 24.05867024900011], [88.72548757233339, 24.049011366000023], [88.7413848660001, 24.03063882700008], [88.72895660862523, 23.99475111350003], [88.75783626200017, 24.006095894500074], [88.76814672950012, 23.983049937000118], [88.73485545633348, 23.9793051163334], [88.73338308400008, 23.91541052100011], [88.7013651433335, 23.915061943333377], [88.70450287300017, 23.902822382500084], [88.6885505130001, 23.90432991375005], [88.65110442871448, 23.867724557428655], [88.61756581500015, 23.875711240000125], [88.57663271400013, 23.85854930000007], [88.60284709350005, 23.817437462000097], [88.58384364000017, 23.81262435700003], [88.59505327360019, 23.80446279200002], [88.57899555700014, 23.78642510300007], [88.55705606500003, 23.783318781250113], [88.57852985200016, 23.76251288100007], [88.56325007650018, 23.710743948000108], [88.57490918725019, 23.665501738000067], [88.56032415975022, 23.648586927041777], [88.56347117100013, 23.636398280000066], [88.59365475100006, 23.63888301216675], [88.5808202575984, 23.602583849219922], [88.64646543571443, 23.607998015857163], [88.63847117575011, 23.591242476500113], [88.65487386966683, 23.557370080333435], [88.69942367050015, 23.51842659350008], [88.7251360680002, 23.514724684500116], [88.74151192533347, 23.48269597066673], [88.77263224400004, 23.480437256000048], [88.78397892420008, 23.507777377400114], [88.79712846250008, 23.497083968000105], [88.79337497600017, 23.447204811000095], [88.76371302125015, 23.449615774000094], [88.74865406700017, 23.401912793333352], [88.764389786, 23.369079565000057], [88.73045866100014, 23.352820882000042], [88.74417909000002, 23.306873970000048], [88.73081398800015, 23.319489064000038], [88.72556451000013, 23.296225306000046], [88.71259143200018, 23.310259637000048], [88.69960679700007, 23.30022060800004], [88.72308929100005, 23.272814591000063], [88.71805017200002, 23.256604346600113], [88.7455180865001, 23.250951626500022], [88.72422368850016, 23.24343722350009], [88.7679925810002, 23.24628978600008], [88.77881821616681, 23.220104058166797], [88.80842752600003, 23.21832791100012], [88.81105002000012, 23.256881958000115], [88.8238935610001, 23.23332642500005], [88.8362532550001, 23.243842251000075], [88.84677491300016, 23.23118573300012], [88.90695058600016, 23.2365967530001], [88.91557353100016, 23.216170351000038], [88.94121732500017, 23.207711603000043], [88.97538234350014, 23.224673649500033], [88.99378908141685, 23.215505292583433], [88.97846063000016, 23.214427013000034], [88.98016520200015, 23.184755663000118], [88.96480507600015, 23.193940460000057], [88.93898890600018, 23.176826421000058], [88.92002204500017, 23.1291731560001], [88.86942583500007, 23.099578085500056], [88.88058061299994, 23.009073257000107], [88.84537671750016, 23.008503671000142], [88.86458143000017, 23.001837053000013], [88.87132654500013, 22.97902677300006], [88.85961002087518, 22.94395224425004], [88.89557143300003, 22.951960939000077], [88.88764858400015, 22.933286396000014], [88.91049300200017, 22.91587636700004], [88.89643684900014, 22.91278497000005], [88.9072867220001, 22.878980435000102], [88.9468586230002, 22.87969389700007], [88.97063129600019, 22.842398060000086], [88.96085259650019, 22.79612730400012], [88.93942365600009, 22.792516162000027], [88.91315930000016, 22.758223152000074], [88.92810348000012, 22.719400052000022], [88.96283461500009, 22.695327797000193], [88.92770085750016, 22.651528817000106], [88.93469904255063, 22.6184377419892], [88.95962389658663, 22.615047010056017], [88.9379113149087, 22.58952729076847], [88.93975539718794, 22.561925543100553], [88.95919915116052, 22.55123471295602], [88.99650577471881, 22.466660411028833], [88.99918296296413, 22.42962761501473], [88.97159183961328, 22.40954124607069], [88.99055976590603, 22.39077376232664], [88.9847042429953, 22.327348322924607], [89.02551199924537, 22.297724033401984], [88.9953983115381, 22.28618348086367], [89.01937580946658, 22.26914097363582], [89.01520933178993, 22.254753102711017], [89.03431600496688, 22.259414711208187], [89.0709682940504, 22.196593186599884], [89.07013541950676, 22.15058351858857], [89.09833203242577, 22.157305495929986], [89.04842837072856, 22.08921581391386], [89.08840331562656, 21.971194548024748], [89.0750783339939, 21.928364249919802], [89.03034446708432, 21.913135699482417], [89.02939268268192, 21.898858933447436], [89.0446212331193, 21.77512696114426], [89.11029435688015, 21.683755658520482], [89.11839983338702, 21.646175721988953], [89.02101135253929, 21.602512359619325], [88.81698613022812, 21.613244297380902], [88.8308334350588, 21.60416412353537], [88.78778076171884, 21.580556869506957], [88.71767557671447, 21.57666897045803], [88.70810643998907, 21.604742646400005], [88.7195278528172, 21.653283650919015], [88.6871671831377, 21.687547889403042], [88.70905822439138, 21.791292389257173], [88.68907075194242, 21.84364053138544], [88.71447942971648, 21.898562457168353], [88.72310497586234, 21.986899947009803], [88.76266351508454, 22.01188428757102], [88.74679282000001, 22.049118934999996], [88.7275035925002, 22.041516662500033], [88.73975068900016, 22.016866322000023], [88.69485041050012, 21.969555865500052], [88.70328514437308, 21.919521511135304], [88.680442318717, 21.87526353642693], [88.67949053431478, 21.79198240122287], [88.65379235545184, 21.72202624765139], [88.67092447469368, 21.649690633074076], [88.6266113739692, 21.555410717831453], [88.51013946533236, 21.54000091552793], [88.51167297363332, 21.55792045593306], [88.5038909912113, 21.56500053405826], [88.50277709960977, 21.543888092041225], [88.48143768310554, 21.55537986755392], [88.49078261650153, 21.611484783987784], [88.48227336242168, 21.584293840790753], [88.45267723553324, 21.584837803135432], [88.49883284452635, 21.669226039658202], [88.47206390821076, 21.75339947273945], [88.51519163894143, 21.808424508499275], [88.48594483000018, 21.873560466000114], [88.4993424653335, 21.904613176000105], [88.48697153300013, 21.910646791000083], [88.45646209075021, 21.89272875050013], [88.47523659800004, 21.88582840800007], [88.50196598200007, 21.80689972700008], [88.46562588000003, 21.779435391000074], [88.45342374700002, 21.712650167000042], [88.41417868499995, 21.694652919000063], [88.41252303400002, 21.651119929000046], [88.427143206, 21.626395069000043], [88.40333557100003, 21.598054886000046], [88.38819122300002, 21.609941483000068], [88.37971973066679, 21.67900074233347], [88.34998721100004, 21.688709337000073], [88.33669447700002, 21.716638178000053], [88.30471439600004, 21.716797637000102], [88.29840209899992, 21.782944147000045], [88.25589782000002, 21.807407812000108], [88.30860063914405, 21.838685111653994], [88.2509427680002, 21.81571349800005], [88.2556175720001, 21.781387626000043], [88.28267285650014, 21.757813536000132], [88.27501019500016, 21.728284912000035], [88.30446067000018, 21.66445021200006], [88.28691896150019, 21.57585699600005], [88.27422686500019, 21.57690674000004], [88.29063801100011, 21.569114829000064], [88.24563178900014, 21.567021512666724], [88.23879054700014, 21.57744250600005], [88.25868988900011, 21.593998645000074], [88.24213946000012, 21.622807105000092], [88.25405529425018, 21.629090175250038], [88.23912851600012, 21.622057477000062], [88.24656805100017, 21.588284900000094], [88.21611022900001, 21.617490768000042], [88.235031946, 21.636748506000043], [88.23291199750015, 21.669096497500046], [88.19841003400019, 21.68546295200014], [88.22106170700016, 21.7023811340001], [88.21738129700002, 21.778790581000102], [88.16469069900009, 21.877326998000097], [88.17754588900014, 21.925023686000007], [88.1536509645002, 21.959060357000066], [88.20833587600006, 22.023611069000044], [88.22444152800003, 22.09152984650012], [88.18805694600013, 22.186670303000017], [88.06972503700014, 22.211944580000004], [88.10388946500011, 22.291387558000093], [88.10933795800017, 22.37843813850005], [88.14639335700015, 22.408670914000012], [88.13000815600006, 22.444205532333445], [88.13870502300013, 22.414360006000084]], [[88.09857737200005, 22.388862810000038], [88.09906839366676, 22.38931969066676], [88.09836034350018, 22.39283215650006], [88.09857737200005, 22.388862810000038]], [[89.73401054800011, 26.308718984000052], [89.74235086900016, 26.303427257000084], [89.73789484000015, 26.312330424999992], [89.73401054800011, 26.308718984000052]], [[89.70740895300017, 26.239569744000086], [89.71016189100013, 26.240166745750077], [89.70752869575001, 26.240416054250055], [89.70740895300017, 26.239569744000086]], [[89.70660660800013, 26.160237919000046], [89.70460656100002, 26.161721259000032], [89.7049248285002, 26.159909399500087], [89.70660660800013, 26.160237919000046]], [[89.65552850100022, 26.243615788000103], [89.6583138650002, 26.246051865000048], [89.65458272250017, 26.244215891000106], [89.65552850100022, 26.243615788000103]], [[89.64518976350014, 26.23179100450009], [89.64664836300017, 26.233807471], [89.64554558250019, 26.234945213000078], [89.64518976350014, 26.23179100450009]], [[89.63905886833349, 26.251586141250122], [89.63726941900006, 26.252257145500064], [89.63700818033345, 26.251528779666728], [89.63905886833349, 26.251586141250122]], [[89.62857679000017, 26.077194102000096], [89.627129976, 26.079350378000072], [89.62728650433341, 26.076487069000127], [89.62857679000017, 26.077194102000096]], [[89.62540703050014, 26.181059466500074], [89.62723419533344, 26.184596645333375], [89.62677913933345, 26.18488180700001], [89.62540703050014, 26.181059466500074]], [[89.62263464700013, 26.077492861000035], [89.62577366500014, 26.0765498252501], [89.62512947200004, 26.080854803000026], [89.62263464700013, 26.077492861000035]], [[89.6250384705002, 26.199990295500026], [89.61070383855564, 26.191883912000097], [89.61943375100013, 26.1870515206667], [89.6250384705002, 26.199990295500026]], [[89.6225006146668, 26.184294014333382], [89.62147990233348, 26.183323813000065], [89.62227679183347, 26.183288797833388], [89.6225006146668, 26.184294014333382]], [[89.62136702100004, 26.069889362000016], [89.61277025000008, 26.07137548366672], [89.61486245000009, 26.06771446600001], [89.62136702100004, 26.069889362000016]], [[89.61771442566683, 26.182483430666743], [89.61946926600014, 26.181034608000104], [89.62031350150014, 26.18290011400009], [89.61771442566683, 26.182483430666743]], [[89.6187892470001, 26.20597694200007], [89.61246287550019, 26.20504780025013], [89.61966256450019, 26.204645333000116], [89.6187892470001, 26.20597694200007]], [[89.61352242600015, 26.215208088750092], [89.61528432900018, 26.219641786000054], [89.61153055733352, 26.219484851666703], [89.61352242600015, 26.215208088750092]], [[89.61017782050013, 26.190679426500136], [89.60954627220016, 26.1883971532001], [89.61055061300002, 26.187996057000113], [89.61017782050013, 26.190679426500136]], [[89.60939361600012, 26.193803531500077], [89.60850028550006, 26.192976703750077], [89.60941897800018, 26.19314748200002], [89.60939361600012, 26.193803531500077]], [[89.60702718366683, 26.181722029333383], [89.60855639850017, 26.181225823750005], [89.60764899325021, 26.182085858250066], [89.60702718366683, 26.181722029333383]], [[89.60726156100002, 26.191392069666747], [89.59199696500019, 26.1895427590001], [89.58859238450017, 26.178673549500104], [89.60831902433345, 26.17613425866668], [89.60244033600017, 26.181079845000028], [89.60726156100002, 26.191392069666747]], [[89.60756376500015, 26.21802595100012], [89.60306201200018, 26.212997530000088], [89.6076575610001, 26.21327987100009], [89.60756376500015, 26.21802595100012]], [[89.59332219300015, 26.195166009000054], [89.60029499200012, 26.19364239100011], [89.60134770550013, 26.199204252000136], [89.5965054500001, 26.20227621250007], [89.59332219300015, 26.195166009000054]], [[89.59527113000011, 26.193337448000015], [89.59345626750019, 26.192196584000122], [89.59570791750015, 26.19248155050003], [89.59527113000011, 26.193337448000015]], [[89.59051015950014, 26.193675646500065], [89.58975028100019, 26.191604167000044], [89.59126014660012, 26.19331864080004], [89.59051015950014, 26.193675646500065]], [[89.58738928600006, 26.1883318870001], [89.58701022300005, 26.184494217000093], [89.58976127450008, 26.189682702000134], [89.58738928600006, 26.1883318870001]], [[89.5801546280001, 26.218698744000097], [89.57980225100016, 26.22114262950011], [89.57876825400014, 26.2186338465001], [89.5801546280001, 26.218698744000097]], [[89.54974188500003, 26.065743093000055], [89.5567062340001, 26.053396495000076], [89.57101578500014, 26.056421347000065], [89.5713324346669, 26.065434745333455], [89.54974188500003, 26.065743093000055]], [[89.50837023900014, 26.02729421800006], [89.5187826297502, 26.023057427000158], [89.51907545700003, 26.029980792000035], [89.50837023900014, 26.02729421800006]], [[89.49991242750009, 26.059813943000105], [89.51158885600009, 26.068045883000075], [89.49376961750023, 26.071186750500114], [89.49991242750009, 26.059813943000105]], [[89.49987899450008, 26.07343430100005], [89.50211697300011, 26.072589015000098], [89.50176824950017, 26.0740859805001], [89.49987899450008, 26.07343430100005]], [[89.4276300150001, 26.05523297900006], [89.42783443100005, 26.05343985500011], [89.430379987, 26.055337560000098], [89.4276300150001, 26.05523297900006]], [[89.42702000000017, 26.108280546000035], [89.41897185300013, 26.10089353450003], [89.43005483200018, 26.100119754500046], [89.42702000000017, 26.108280546000035]], [[89.40614089700013, 26.091260472000084], [89.40510491700003, 26.079154825000057], [89.42344283750018, 26.08113139250004], [89.42052673300009, 26.090072886000055], [89.40614089700013, 26.091260472000084]], [[89.19094717725017, 26.24273965550013], [89.19181986800005, 26.243833337000073], [89.19065278750017, 26.2434880070001], [89.19094717725017, 26.24273965550013]], [[89.18568007450013, 26.242958510000076], [89.17720131500012, 26.238221006166846], [89.18644706600013, 26.242306626500095], [89.18568007450013, 26.242958510000076]], [[89.13653988575018, 26.271492874250086], [89.15475187600009, 26.235783091000037], [89.15844576750015, 26.249667443000064], [89.16067928100017, 26.2332247360001], [89.16978276400013, 26.239288852000026], [89.17434641800007, 26.261872145000027], [89.15539294400011, 26.26554455733346], [89.14876698100024, 26.24787474400006], [89.13653988575018, 26.271492874250086]], [[89.16581519600021, 26.235085898000083], [89.16550446600017, 26.233658222000084], [89.16660041800007, 26.234300676000128], [89.16581519600021, 26.235085898000083]], [[89.16438751900021, 26.231945010000086], [89.16310261000021, 26.233087150999996], [89.16274569100017, 26.232658847999996], [89.16438751900021, 26.231945010000086]], [[89.14744295112037, 26.300894880112697], [89.14847087827496, 26.30392512370368], [89.145258605917, 26.30214052794931], [89.14744295112037, 26.300894880112697]], [[89.1436822130007, 26.299374404530102], [89.1435387782019, 26.29761454849871], [89.14438117967129, 26.29769391019468], [89.1436822130007, 26.299374404530102]], [[89.13758484417326, 26.302259500999565], [89.13974123070979, 26.3016795073795], [89.13945866971545, 26.30261642015051], [89.13758484417326, 26.302259500999565]], [[89.13459465484272, 26.323465257483686], [89.13385702193072, 26.326249226860494], [89.13348820547495, 26.326094561895037], [89.13459465484272, 26.323465257483686]], [[89.13101158314461, 26.298511849915347], [89.13413462571476, 26.297500578987904], [89.13422385550268, 26.299820553468695], [89.13101158314461, 26.298511849915347]], [[89.12964469175014, 26.252686861000136], [89.1307378110001, 26.247059105000076], [89.13323381700003, 26.24737759000005], [89.12964469175014, 26.252686861000136]], [[89.13100325503122, 26.305909594182648], [89.13121740652163, 26.304196382258322], [89.13210970439881, 26.304089306513074], [89.13100325503122, 26.305909594182648]], [[89.11184084600002, 26.284770030000033], [89.11982848000012, 26.281844088000145], [89.11873746800018, 26.286013017000116], [89.11184084600002, 26.284770030000033]], [[89.10738185900021, 26.3371597500002], [89.1052844541727, 26.340828184443172], [89.10373780451903, 26.33849631265755], [89.10738185900021, 26.3371597500002]], [[89.10537963261295, 26.350465001516927], [89.10231012791542, 26.350465001516927], [89.10445164282073, 26.349037324913322], [89.10537963261295, 26.350465001516927]], [[89.0769235940002, 26.405869492000217], [89.07413032200019, 26.408163162000104], [89.07591934500016, 26.405191665000178], [89.0769235940002, 26.405869492000217]], [[89.07258805600013, 26.42219804600015], [89.07641233200017, 26.421670289000094], [89.07272840050005, 26.426880082500077], [89.07258805600013, 26.42219804600015]], [[89.06949736064483, 26.405135497587057], [89.06678477509826, 26.408704689095803], [89.06760063279059, 26.40446865364024], [89.06949736064483, 26.405135497587057]], [[89.03267205849993, 26.270086234000118], [89.02818824875013, 26.256363388500088], [89.032032713, 26.256608287000056], [89.03267205849993, 26.270086234000118]], [[89.02069139300008, 26.273659800000033], [89.02079589300001, 26.272498821000074], [89.021517082, 26.272672607000064], [89.02069139300008, 26.273659800000033]], [[89.01600546699996, 26.265591434285824], [89.00149247700006, 26.26179944200005], [89.00330829099993, 26.25102640600006], [89.01600546699996, 26.265591434285824]], [[89.00022758099993, 26.28536147800003], [89.00160761900008, 26.27891012025006], [89.00385679599992, 26.282858761000078], [89.00022758099993, 26.28536147800003]], [[88.92666435700006, 26.326844961000113], [88.93178428000003, 26.295052791000046], [88.95850806000004, 26.276561645000058], [88.98419832199998, 26.28479999850007], [88.98617178450007, 26.301539538166747], [88.96638417560003, 26.296576197400096], [88.95733548700001, 26.317352871250083], [88.94346933250011, 26.314943743000125], [88.94328767400005, 26.335539258000058], [88.92666435700006, 26.326844961000113]], [[88.97029922800007, 26.32530104500009], [88.97749919900001, 26.327464069], [88.97135536000006, 26.32932199000007], [88.97029922800007, 26.32530104500009]], [[88.94671156400001, 26.35614385400003], [88.94249456200006, 26.351769236000095], [88.94762497049996, 26.35427036550005], [88.94671156400001, 26.35614385400003]], [[88.92102943800003, 26.347601838000074], [88.93339117550006, 26.345406432000146], [88.93480079499994, 26.34787688050005], [88.92102943800003, 26.347601838000074]], [[88.67611435100017, 26.325209295000047], [88.67343686500014, 26.321345098000155], [88.68219532100007, 26.32348310200013], [88.67611435100017, 26.325209295000047]], [[88.67446839200014, 26.318714402000094], [88.67609053750002, 26.32008275600007], [88.6737981720001, 26.32050717300019], [88.67446839200014, 26.318714402000094]], [[87.83376064500011, 24.486655664000107], [87.83030721200011, 24.483783699000067], [87.83394379516679, 24.483637864333414], [87.83376064500011, 24.486655664000107]]], [[[88.61782045500007, 26.280496040000074], [88.62232771200006, 26.26584599800002], [88.6114035780001, 26.274697370000084], [88.61782045500007, 26.280496040000074]]], [[[88.62654438200008, 26.276559739000078], [88.62838298475003, 26.281832927750088], [88.63103664666673, 26.280119723000112], [88.62654438200008, 26.276559739000078]]], [[[88.62524316699997, 26.280256930000096], [88.62275914400006, 26.282239947000125], [88.62726300300002, 26.28265888100006], [88.62524316699997, 26.280256930000096]]], [[[88.625618294, 26.28489406000008], [88.63305338500004, 26.282669428000045], [88.62435761800006, 26.28360183800001], [88.625618294, 26.28489406000008]]], [[[88.62354695400005, 26.28461223300012], [88.62161868500002, 26.28749585700006], [88.62449198000007, 26.286363318000056], [88.62354695400005, 26.28461223300012]]], [[[88.53666261100003, 26.298396556000043], [88.53586045874998, 26.292269450250078], [88.52441018125005, 26.295923976000097], [88.53666261100003, 26.298396556000043]]], [[[88.621265291, 26.307551731000018], [88.6214071580001, 26.30937055700005], [88.62222002100003, 26.308069201000023], [88.621265291, 26.307551731000018]]], [[[88.62424699200005, 26.31107937700013], [88.62047173300006, 26.31245291200009], [88.62475814800007, 26.31162501900007], [88.62424699200005, 26.31107937700013]]], [[[88.62956399399998, 26.31491136100002], [88.6310188290001, 26.31618244200012], [88.63112460500005, 26.314934711], [88.62956399399998, 26.31491136100002]]], [[[88.61456072250006, 26.397687193000092], [88.61117864700005, 26.392210946000045], [88.60915884699999, 26.397737208000056], [88.61456072250006, 26.397687193000092]]], [[[88.61535547799996, 26.399391508000065], [88.61638043899994, 26.400777901000023], [88.61629766799993, 26.399270781000023], [88.61535547799996, 26.399391508000065]]], [[[88.62886299499998, 26.41073507000001], [88.63117550399991, 26.409682817000075], [88.63060056700004, 26.40919745700006], [88.62886299499998, 26.41073507000001]]], [[[88.60893981700008, 26.423595799000072], [88.62509240800001, 26.419403098], [88.62616815400003, 26.41778531600008], [88.61538938825012, 26.40665982975013], [88.59491840300008, 26.413655881000093], [88.60893981700008, 26.423595799000072]], [[88.62181140600006, 26.416899364000052], [88.62259818200006, 26.41898972500008], [88.62075812700004, 26.418403740000002], [88.62181140600006, 26.416899364000052]], [[88.60540436300003, 26.41713347200006], [88.60627369000011, 26.418666185000045], [88.6048845320001, 26.418466347500075], [88.60540436300003, 26.41713347200006]]], [[[88.83472442626946, 21.60722160339364], [88.8759727478028, 21.592221260070882], [88.90361022949241, 21.555833816528242], [88.84278106689477, 21.553888320922738], [88.82833099365227, 21.57694244384774], [88.83472442626946, 21.60722160339364]]], [[[88.75967793300013, 26.140602930000096], [88.76110561000023, 26.13917525300001], [88.75932101400018, 26.140127037000067], [88.75967793300013, 26.140602930000096]]], [[[88.71713082999989, 26.180427411000046], [88.71894355050009, 26.180172231500027], [88.71757066899995, 26.179730966000065], [88.71713082999989, 26.180427411000046]]], [[[88.785531415, 26.233539413000113], [88.80026003399998, 26.200586244000085], [88.77811137700006, 26.180659275000046], [88.78385833000003, 26.131712484000087], [88.76406378725014, 26.126257734500086], [88.76320723300003, 26.142192092000045], [88.74866094999994, 26.147866956000005], [88.770357143, 26.152506519000013], [88.77795733700002, 26.162614684000058], [88.75286178300007, 26.160917747000074], [88.77762433100008, 26.194715667000096], [88.75546852900001, 26.21694357100009], [88.76033722700006, 26.23552573300006], [88.785531415, 26.233539413000113]], [[88.78038266224998, 26.21188845875005], [88.77440172500008, 26.209761306500063], [88.78335053633336, 26.210401017333435], [88.78038266224998, 26.21188845875005]], [[88.77780999050003, 26.22250066950012], [88.76376534800002, 26.21881661000008], [88.76614938350006, 26.214514195500033], [88.77780999050003, 26.22250066950012]], [[88.76559362799995, 26.146712379000043], [88.77358148900007, 26.142965605000008], [88.77253359424998, 26.147374751750025], [88.76559362799995, 26.146712379000043]], [[88.7717976239999, 26.133785814000127], [88.77216466299998, 26.135958816000066], [88.76894204200006, 26.134329107500093], [88.7717976239999, 26.133785814000127]], [[88.76126403200001, 26.149584026000056], [88.76030678800004, 26.143865764000058], [88.76504268200001, 26.148562777000024], [88.77213540000005, 26.149624073000084], [88.76126403200001, 26.149584026000056]], [[88.76752918225007, 26.20899032825011], [88.7700631430001, 26.207706101000056], [88.77148778300011, 26.209342308500034], [88.76752918225007, 26.20899032825011]], [[88.76686010200002, 26.211416920000048], [88.7692660005001, 26.21035178650007], [88.76962025100005, 26.211038780000024], [88.76686010200002, 26.211416920000048]]], [[[88.69647240900008, 26.194734467000053], [88.69909904800008, 26.195984208000073], [88.70021774800009, 26.195351167000098], [88.69647240900008, 26.194734467000053]]], [[[88.98045798300004, 26.19744563400011], [88.98122770099995, 26.2015407170001], [88.98244324800008, 26.197208939000067], [88.98045798300004, 26.19744563400011]]], [[[88.95660960050013, 26.206159158000048], [88.95831397000006, 26.205348093000087], [88.95659278300002, 26.20560761950011], [88.95660960050013, 26.206159158000048]]], [[[88.96599651500004, 26.20467961300002], [88.96856034000008, 26.208576883000074], [88.9679539850001, 26.20504937100006], [88.96599651500004, 26.20467961300002]]], [[[88.96869223000007, 26.215498491000073], [88.96056668600002, 26.216580762000003], [88.97062711200012, 26.216528539000034], [88.96869223000007, 26.215498491000073]]], [[[88.6569169680001, 26.267654056500096], [88.68955140850018, 26.238187702000044], [88.69200012000006, 26.223619767000034], [88.71590588399997, 26.234103047000207], [88.72651060100016, 26.181806638500166], [88.71318680550019, 26.18596550800006], [88.71156897599995, 26.176910660000036], [88.69796294300022, 26.1856718880001], [88.70285465200013, 26.201119284000047], [88.709571829, 26.203205448000173], [88.6819461255001, 26.213401174500135], [88.67519611900022, 26.246410022000195], [88.64313626800012, 26.262476389000017], [88.6569169680001, 26.267654056500096]], [[88.71041920800022, 26.18407876100009], [88.70919945300001, 26.18429690200011], [88.70951593200017, 26.183048350500144], [88.71041920800022, 26.18407876100009]], [[88.70391411800013, 26.193245626000145], [88.70300088200015, 26.194055276500123], [88.70277959700005, 26.192731622500204], [88.70391411800013, 26.193245626000145]], [[88.6882263670001, 26.217824200000035], [88.68656643850021, 26.217294663000096], [88.6884000202501, 26.21689763825013], [88.6882263670001, 26.217824200000035]], [[88.6864057430001, 26.225135133000006], [88.68540143400023, 26.22792701100008], [88.68464150325016, 26.227297501250153], [88.6864057430001, 26.225135133000006]], [[88.68492739950013, 26.234644672500124], [88.68353825800007, 26.237042357000046], [88.68343584899995, 26.235100259000117], [88.68492739950013, 26.234644672500124]]], [[[88.63576948400006, 26.275192937000053], [88.63071619999992, 26.271269583000063], [88.62993388349999, 26.272237723500098], [88.63576948400006, 26.275192937000053]]], [[[88.64573124366665, 26.27841054466676], [88.6442991145001, 26.27313114400008], [88.63715663800008, 26.277830410000053], [88.64573124366665, 26.27841054466676]]], [[[88.63626983700007, 26.28305366500004], [88.63784349200007, 26.284225209000073], [88.63813011550012, 26.283252299000132], [88.63626983700007, 26.28305366500004]]], [[[88.95748837000005, 26.341420055000093], [88.95873334399994, 26.34089690000006], [88.95766118900005, 26.340575027000074], [88.95748837000005, 26.341420055000093]]], [[[88.94033582800006, 26.369784474000053], [88.92801125400004, 26.374595077000002], [88.93634059699998, 26.37834238000008], [88.94033582800006, 26.369784474000053]]], [[[88.63000624599998, 26.41209860300003], [88.63246566299999, 26.413132267000023], [88.63319899499992, 26.410699362000074], [88.63000624599998, 26.41209860300003]]], [[[88.96891213500005, 26.412965346000068], [88.97235993300005, 26.414988879000074], [88.97254931700009, 26.411454170000088], [88.96891213500005, 26.412965346000068]]], [[[88.98690484100001, 26.416309490000096], [88.9737097679999, 26.41506589600005], [88.98150251500005, 26.42271921300002], [88.98690484100001, 26.416309490000096]]], [[[88.65574991000008, 26.413156779500053], [88.65480263541677, 26.416106885500074], [88.65600152066669, 26.415842825333364], [88.65574991000008, 26.413156779500053]]], [[[88.63354991200009, 26.41760149900006], [88.63320230900001, 26.414149233000057], [88.63071557500005, 26.41707394500002], [88.63354991200009, 26.41760149900006]]], [[[88.95977808600006, 26.425280759000042], [88.94744502800013, 26.409112729500023], [88.953926083, 26.429532832000053], [88.95977808600006, 26.425280759000042]]], [[[88.97665784500003, 26.421801364000103], [88.97047938599997, 26.420903409000058], [88.97042812700008, 26.424263431000067], [88.97665784500003, 26.421801364000103]]], [[[88.96965723000007, 26.433422915000044], [88.97383420199999, 26.433305321999995], [88.96957441900005, 26.431946805000035], [88.96965723000007, 26.433422915000044]]], [[[88.97958515400012, 26.443914192500124], [88.98168370700003, 26.445898067], [88.9813560910001, 26.443776377000045], [88.97958515400012, 26.443914192500124]]], [[[89.05190499999996, 26.24423611100009], [89.0534770620001, 26.246318740000014], [89.05333273300006, 26.244189039000016], [89.05190499999996, 26.24423611100009]]], [[[89.05479632999992, 26.24625454200003], [89.0555661230001, 26.245201203000097], [89.05451437149999, 26.245262801500086], [89.05479632999992, 26.24625454200003]]], [[[89.0405957290001, 26.280840235000042], [89.042101629, 26.282177351500053], [89.04170599600005, 26.280262843000052], [89.0405957290001, 26.280840235000042]]], [[[89.00134107400005, 26.30122866300007], [89.00264169400002, 26.300526087000026], [89.00122393200004, 26.30036846600013], [89.00134107400005, 26.30122866300007]]], [[[89.058251772, 26.307944820000035], [89.06615329400009, 26.296969479000005], [89.05699683425011, 26.301412909750105], [89.058251772, 26.307944820000035]]], [[[89.01428903500005, 26.302880243000033], [89.01552538650007, 26.303652864500055], [89.01534079100003, 26.302255396000113], [89.01428903500005, 26.302880243000033]]], [[[89.05591677299999, 26.308234807000048], [89.05343825450004, 26.312863291500072], [89.05673798400008, 26.31152701200004], [89.05591677299999, 26.308234807000048]]], [[[89.06935044350007, 26.3099368430001], [89.07081251799994, 26.31169133500005], [89.07063107050007, 26.309857167500123], [89.06935044350007, 26.3099368430001]]], [[[89.06573030050004, 26.312392604000074], [89.06478788566666, 26.317866094333404], [89.07089816900002, 26.314638724000112], [89.06573030050004, 26.312392604000074]]], [[[89.01996066999992, 26.313275813000054], [89.01780607700009, 26.31840464750009], [89.02328044999997, 26.317969555000015], [89.01996066999992, 26.313275813000054]]], [[[89.03437852200004, 26.31839577200002], [89.03542951100005, 26.321963872000016], [89.03660367500002, 26.32131853400009], [89.03437852200004, 26.31839577200002]]], [[[89.00121237999997, 26.318724913000075], [89.00093930500003, 26.32340556700011], [89.00451419400005, 26.31869325300003], [89.00121237999997, 26.318724913000075]]], [[[89.08196149599995, 26.327631089000054], [89.0717580630001, 26.3173002155001], [89.05729043899996, 26.32911421000011], [89.06775562500006, 26.32548748300006], [89.08196149599995, 26.327631089000054]], [[89.07500641899993, 26.322632904000038], [89.07352854799996, 26.32387283950009], [89.073579367, 26.322418070000026], [89.07500641899993, 26.322632904000038]]], [[[89.00884902199998, 26.326573885000066], [89.00842141400004, 26.332428371000056], [89.01123502000004, 26.32710539500008], [89.00884902199998, 26.326573885000066]]], [[[89.01800525199995, 26.33562682400002], [89.01359164600008, 26.333117866000084], [89.00741718799999, 26.342125453000016], [89.01399703799996, 26.34185977500006], [89.01800525199995, 26.33562682400002]], [[89.01540373400009, 26.338993755500024], [89.01453701099996, 26.3377982930001], [89.01579968500008, 26.337718441000064], [89.01540373400009, 26.338993755500024]]], [[[88.99959592500008, 26.348235200000076], [88.99375669100002, 26.343843793000083], [88.99175162349998, 26.345604871750112], [88.99959592500008, 26.348235200000076]]], [[[88.98767504500006, 26.357308592000035], [88.98271512900001, 26.359004651000124], [88.98792101650002, 26.358353797000095], [88.98767504500006, 26.357308592000035]]], [[[89.0388583143334, 26.367620559000066], [89.03566878749999, 26.368625816000108], [89.03761232800008, 26.37158601250012], [89.0388583143334, 26.367620559000066]]], [[[89.05626299550008, 26.372077924750165], [89.0548639270001, 26.37532998925017], [89.05618234200003, 26.375561946000065], [89.05626299550008, 26.372077924750165]]], [[[89.05085487300003, 26.377066310000014], [89.05230429400005, 26.379754612000045], [89.05268188833345, 26.376004148333394], [89.05085487300003, 26.377066310000014]]], [[[89.05732364200004, 26.377051683000047], [89.05785116400008, 26.380880802000057], [89.05851489500002, 26.376969175500104], [89.05732364200004, 26.377051683000047]]], [[[88.98782784600009, 26.393712169], [88.98426118600004, 26.39782434400007], [88.98847046800006, 26.396805945000096], [88.98782784600009, 26.393712169]]], [[[89.01673236800006, 26.408178415000034], [89.01566001800006, 26.412508603000024], [89.01901041000008, 26.411466384000033], [89.01673236800006, 26.408178415000034]]], [[[88.99194627800006, 26.416441714000023], [88.99195078399998, 26.409376218500064], [88.98814512800006, 26.416632467000085], [88.99194627800006, 26.416441714000023]]], [[[89.14689396900008, 21.587300119000147], [89.13338630500004, 21.59394407400009], [89.14673225299993, 21.594312374000097], [89.14689396900008, 21.587300119000147]]], [[[89.4834070285001, 25.93175579400005], [89.48550866000004, 25.937711949000104], [89.49092717500001, 25.940219649000024], [89.4834070285001, 25.93175579400005]]], [[[89.62373889649996, 25.936770214000077], [89.61785769699993, 25.943065954000073], [89.6254419825, 25.9417372], [89.62373889649996, 25.936770214000077]]], [[[89.58886489799994, 25.963074153000083], [89.61204611800004, 25.943888856000036], [89.58041589500004, 25.931675450000064], [89.56647001200008, 25.949365832000055], [89.58886489799994, 25.963074153000083]], [[89.59951922899997, 25.947305848000052], [89.60335587700007, 25.948519629000028], [89.59777110800002, 25.95061599200011], [89.59951922899997, 25.947305848000052]]], [[[89.50082558099993, 25.948466738000004], [89.4979990880001, 25.96144435900006], [89.50281884900001, 25.948608235000076], [89.50082558099993, 25.948466738000004]]], [[[89.41355674514219, 26.08849604717219], [89.41521513428482, 26.085028506237713], [89.41174759335026, 26.086837658029644], [89.41355674514219, 26.08849604717219]]], [[[89.60578844291099, 26.10786960966796], [89.6090007152687, 26.10549014866213], [89.60501511808388, 26.106382446539317], [89.60578844291099, 26.10786960966796]]], [[[89.21380633500014, 26.11378716200002], [89.2138724960002, 26.11614842000008], [89.21541604150015, 26.114832832500074], [89.21380633500014, 26.11378716200002]]], [[[89.61554373100006, 26.126269146000098], [89.61712708000006, 26.130224756000093], [89.61935512966669, 26.12880782533343], [89.61554373100006, 26.126269146000098]]], [[[89.60946019700003, 26.129078462000017], [89.60541314633336, 26.133027902333367], [89.61135971050004, 26.130989746500106], [89.60946019700003, 26.129078462000017]]], [[[89.6241205645001, 26.145645337500085], [89.6268449565001, 26.154395182500096], [89.62887806100005, 26.14608114000004], [89.6241205645001, 26.145645337500085]]], [[[89.61707950599994, 26.163985793000084], [89.61761118800005, 26.163099733000045], [89.61680344900002, 26.163269456000055], [89.61707950599994, 26.163985793000084]]], [[[89.62116790450004, 26.164489837000133], [89.622176972, 26.16566367100009], [89.62272643200008, 26.164574279000103], [89.62116790450004, 26.164489837000133]]], [[[89.6245148010269, 26.169580930854092], [89.62333696782899, 26.17104429937272], [89.6251929474136, 26.17036615298603], [89.6245148010269, 26.169580930854092]]], [[[89.620338191, 26.172532057000037], [89.62130447100002, 26.17157750350006], [89.62031745799997, 26.171822523500083], [89.620338191, 26.172532057000037]]], [[[89.66543652199995, 26.170918619000123], [89.66327592200007, 26.174244449000057], [89.66613962100004, 26.17281536800003], [89.66543652199995, 26.170918619000123]]], [[[89.63639536450009, 26.18307154650002], [89.63928425900006, 26.18351242300004], [89.63793040199995, 26.182109351000033], [89.63639536450009, 26.18307154650002]]], [[[89.59766241700008, 26.199712553000005], [89.59834018900011, 26.19874699900005], [89.59637426700017, 26.19892532500006], [89.59766241700008, 26.199712553000005]]], [[[89.16851637900015, 26.25300730750005], [89.16991714400005, 26.25346588300011], [89.17019530200007, 26.252695971666757], [89.16851637900015, 26.25300730750005]]], [[[89.07389037600005, 26.280061999500088], [89.07272905166664, 26.285509594666696], [89.07595819900008, 26.281281560000053], [89.07389037600005, 26.280061999500088]]], [[[89.07983393200004, 26.299182249000037], [89.07981403699999, 26.3019718620001], [89.08412919699998, 26.29778643400001], [89.07983393200004, 26.299182249000037]]], [[[89.81395058200012, 26.319394526000057], [89.79616590300004, 26.325187925000055], [89.79653590400011, 26.342669841000028], [89.81356196600011, 26.33800942800007], [89.81395058200012, 26.319394526000057]]], [[[89.078587176, 26.369791333], [89.07999732900007, 26.3719158410001], [89.08067762950009, 26.371587284000093], [89.078587176, 26.369791333]]], [[[89.08466758900003, 26.37861462250009], [89.0862238110001, 26.378532929000038], [89.08598341250006, 26.377368831500043], [89.08466758900003, 26.37861462250009]]]]}, "properties": {"pc11_s_id": "19", "s_name": "West Bengal"}}, {"type": "Feature", "geometry": {"type": "MultiPolygon", "coordinates": [[[[87.58305839875516, 25.33172873741836], [87.60634436400008, 25.316078330999982], [87.68785124524128, 25.313060434361436], [87.70825308600013, 25.26063341899998], [87.79449152397645, 25.218652094780627], [87.76842724326255, 25.20950799745312], [87.78138763047443, 25.166632933120294], [87.76512717202121, 25.103766961333253], [87.79916143483366, 25.059990978333648], [87.85146943802123, 25.0498066059619], [87.85130397703773, 25.027363675999805], [87.8830094050006, 24.996317338000253], [87.89565701300018, 24.851943879333362], [87.89362723566667, 24.815563140666665], [87.86375374350011, 24.817981054500084], [87.87454151200012, 24.79103095199995], [87.86397042500005, 24.76609359100004], [87.83287475512512, 24.757392373000055], [87.83072426300012, 24.77975030400006], [87.81384221266688, 24.747719422000227], [87.88002871557927, 24.739409937574], [87.90479962650014, 24.71292169200008], [87.885856464, 24.673772444000043], [87.91856102499997, 24.65873880400005], [87.91247007900014, 24.631952288000083], [87.88778890350015, 24.628051473000003], [87.90750422900014, 24.62910151900002], [87.90834593300015, 24.615312863625018], [87.87360410350014, 24.612665272000058], [87.91225797350013, 24.60959246300001], [87.8889212710001, 24.563032635000017], [87.83081187150013, 24.557722080500046], [87.80840796400018, 24.57721257133332], [87.77014016600016, 24.577991420625047], [87.77183435300009, 24.564620075333334], [87.80496470500003, 24.55889988100002], [87.79619970775008, 24.49988838300006], [87.81179293650008, 24.514067830999988], [87.81319348942864, 24.49321776828577], [87.83112213600009, 24.501329531500062], [87.8116735720001, 24.479382776000016], [87.82399965691685, 24.462399745666776], [87.7906186052501, 24.428281576000057], [87.78757975250014, 24.412186903000023], [87.80964802600002, 24.41207082100001], [87.76181621733346, 24.308200887666633], [87.71324443833335, 24.29292776700005], [87.67916497000006, 24.243984346000016], [87.65071649925018, 24.2337894452501], [87.6378008562502, 24.24822807225007], [87.63643803550016, 24.210307178499992], [87.69376045850008, 24.189636082666645], [87.68776804840013, 24.151471804800064], [87.5820932510001, 24.161283223999998], [87.60744257991678, 24.13110995800003], [87.57351354058305, 24.112000164576443], [87.57856278200012, 24.086262419500006], [87.54534572433353, 24.086056902333343], [87.53205610583355, 24.106372073166728], [87.50011061950008, 24.113761952499992], [87.4928983185001, 24.085226753000068], [87.51267039200006, 24.080216290500058], [87.49500116300004, 24.071200805500094], [87.49684698000009, 24.05185588600003], [87.51304065166681, 24.03546877433338], [87.47681692600014, 24.012191134500107], [87.43925264200014, 24.009773317666696], [87.45814965300005, 23.994624735000027], [87.44725676650005, 23.97914114150006], [87.36488776750006, 24.0062590205], [87.32860943200012, 23.99178738400001], [87.32027302000012, 24.000724592333402], [87.34576682558351, 24.01819416179172], [87.33759281300009, 24.026091956666697], [87.28937950950011, 24.01826063800008], [87.2390726410001, 24.031899129000013], [87.24118498800009, 24.00114790300001], [87.26921960100012, 23.981641330000027], [87.26188823200015, 23.963740934000068], [87.29418672300018, 23.954054395000092], [87.29761493675012, 23.900984187250042], [87.27320053250003, 23.873729498500087], [87.24935307950015, 23.906215585500014], [87.25675805183342, 23.845962926916677], [87.24349305300001, 23.826300689000092], [87.22050503833343, 23.83030544799998], [87.23183409900008, 23.85700369175008], [87.191279146, 23.841843163500045], [87.19753605660013, 23.856738022500103], [87.13848703650007, 23.867961304750064], [87.13631151200015, 23.851099515750064], [87.16878641300012, 23.82143322999997], [87.14745229325003, 23.795969080500036], [87.1203959800001, 23.79546551666665], [87.09522458800001, 23.815057829000043], [87.05085197548652, 23.817611296945397], [86.96818446600017, 23.869107932000013], [86.95563796200017, 23.84897350600004], [86.93442722250009, 23.852226463500028], [86.91348292325014, 23.880519571250105], [86.88012667200005, 23.861384021999978], [86.88736244675017, 23.819173072000012], [86.87468628400003, 23.84534225800006], [86.820618176, 23.813496309999984], [86.79689588866684, 23.835580045333373], [86.79283366600015, 23.80130669350007], [86.82450033499995, 23.763318372000032], [86.80080553233343, 23.724453835000016], [86.80198843250014, 23.68892044300002], [86.74671991600012, 23.679820973000034], [86.7128457250001, 23.700601672000012], [86.59806550600015, 23.66542677900001], [86.5597210360001, 23.63924920599998], [86.49372605100008, 23.63787723100006], [86.4485145850001, 23.618172214], [86.4468744950001, 23.59813336200003], [86.38883426600013, 23.574355517000047], [86.36677741291001, 23.540923664253956], [86.37554153600011, 23.510245940000065], [86.36415213366678, 23.485028256000053], [86.38041855500005, 23.474692935000043], [86.35192424350014, 23.43931591950006], [86.3071087030001, 23.43175622799998], [86.31917946600008, 23.42314089650004], [86.31199586225, 23.40811426725007], [86.28967259550014, 23.428456687], [86.25673514200012, 23.42982558100002], [86.25345831800016, 23.409430355999962], [86.23480596500015, 23.41999978500007], [86.24353285600013, 23.46288815900004], [86.22464721050014, 23.445714765000105], [86.17883426750004, 23.47081213900002], [86.14859755625004, 23.464979294250067], [86.16055486950016, 23.557217497500062], [86.0815570920001, 23.565659239000027], [86.04544755683341, 23.585208933166737], [86.02235854700011, 23.54474543200005], [86.05619188375012, 23.485240464250047], [85.95556974200014, 23.466371525000042], [85.90843750300013, 23.482491377000027], [85.87322887600008, 23.47435941599998], [85.86250066600007, 23.436899102250088], [85.90411718550011, 23.398259385000088], [85.87223133300006, 23.386861208500022], [85.88427928100002, 23.349285230999996], [85.82208686425015, 23.272227259500024], [85.84014307625003, 23.247194781250037], [85.8354937042501, 23.21798060600009], [85.86538584499996, 23.22000356399996], [85.89734905400006, 23.147447444000015], [85.92302926100015, 23.136360967000027], [85.9602205780001, 23.15732756600002], [86.04607413350014, 23.143937117500048], [86.05532275500016, 23.103024258500017], [86.09785361200014, 23.08790108500003], [86.1303390610001, 23.094362699999984], [86.15842905200009, 23.028494572999982], [86.18475379700013, 23.005277889000066], [86.243960799, 22.991274339000036], [86.30148313000012, 23.013720201000034], [86.33099127499995, 22.988211329], [86.3747158610001, 22.994777215000052], [86.39825152800012, 22.976052424000006], [86.42000063300002, 22.996774610000028], [86.45019302500006, 22.982720656], [86.50092754800005, 22.991233885999975], [86.51458210600008, 22.966862207000062], [86.54019116700005, 22.98720318950003], [86.52208244600008, 22.94510805200001], [86.4860811610001, 22.935900039000014], [86.47616850075013, 22.948125918750108], [86.43368889800007, 22.921058633000026], [86.46634212200016, 22.896996116000025], [86.43326180600009, 22.85165678400003], [86.43775170000015, 22.825846452250033], [86.41618996600012, 22.777493714], [86.45498309050004, 22.7595450805], [86.50736618100015, 22.701558352000053], [86.5373428220001, 22.720524254999976], [86.61840436700008, 22.67380230499998], [86.63597954500004, 22.656855533000055], [86.63676206600013, 22.597420832000072], [86.65802500933337, 22.573870941666698], [86.75729936100008, 22.57547169300005], [86.77609120300016, 22.545616614000032], [86.79166967850007, 22.54539663900004], [86.80035123000008, 22.48605417000005], [86.79161716000013, 22.475136022000044], [86.74801090400008, 22.481484089000016], [86.74893562800013, 22.454313643999992], [86.76474347400014, 22.42497579999996], [86.8454332880001, 22.40195791100006], [86.83225599700013, 22.32840197199999], [86.88965438400002, 22.298873095999962], [86.88934677799998, 22.25847083499999], [86.82544643150013, 22.264251655000013], [86.81947529000011, 22.251365750999998], [86.8139693070001, 22.265073680500038], [86.80325253600014, 22.242719565000037], [86.79260290350011, 22.264415863500055], [86.79835312233347, 22.2374557303334], [86.81275214800002, 22.238574002000046], [86.80176983820014, 22.216129244800033], [86.77970961900014, 22.214230905500056], [86.795052884, 22.226498465000024], [86.77730954000008, 22.23473955700004], [86.77565972050003, 22.214222676499997], [86.75067257400013, 22.20538790600002], [86.6559785730001, 22.235939552499985], [86.64519084000004, 22.26807213900002], [86.59794506062657, 22.279560951385015], [86.58066283800017, 22.302036723000064], [86.53798260312497, 22.303079902823477], [86.4924039090001, 22.34687175899999], [86.4382612870003, 22.304951664000107], [86.32884883899996, 22.371751284], [86.32250155999996, 22.395320183000013], [86.28592133500013, 22.414660443000002], [86.26581960200011, 22.448163412999957], [86.12329372499998, 22.49437808199999], [86.11288619700004, 22.48487825200001], [86.0648933505001, 22.55512261699999], [86.04216854000006, 22.56557518700002], [86.02713307600018, 22.52571378550008], [85.98418469500014, 22.51184089399998], [85.95761154500015, 22.461749472999994], [86.01362955800005, 22.42644873600006], [86.02471381100013, 22.388075971999967], [85.99791722900012, 22.340164686999977], [86.02416357850002, 22.334789271500057], [86.0131610840001, 22.31389032800002], [86.04498543700008, 22.310511399000045], [86.00583081300013, 22.29219491200003], [85.97264849500024, 22.24739079700009], [86.02992672912093, 22.190581406393363], [85.99471282500011, 22.131225533000045], [86.00140923100012, 22.111671311000027], [85.94147241299999, 22.02704571900003], [85.91563862766682, 22.0168970720001], [85.9041046790001, 21.973451790999967], [85.89313971256607, 21.99000337432371], [85.82091752784768, 21.9782304992743], [85.75880315200008, 21.997657742000023], [85.78789020000006, 22.086360973999987], [85.83126744600007, 22.083782063000037], [85.8012884100001, 22.121393047000073], [85.72322511500003, 22.069138574999993], [85.67673738700006, 22.056746448999977], [85.6503478222501, 22.096008094500032], [85.61504664540006, 22.080681234400014], [85.5456829258687, 22.090156516865413], [85.51849475034, 22.116065846644474], [85.40174018300013, 22.15798472800006], [85.37089281450021, 22.153686034750166], [85.35253250050003, 22.120152475250123], [85.32450395620457, 22.12488331572984], [85.27564379213912, 22.08900577798665], [85.22958593950014, 22.013739022250036], [85.17540234176322, 22.07187264225268], [85.16862057242511, 22.05219694470233], [85.15531403705678, 22.076532103742743], [85.11534218820994, 22.071304875288924], [85.10066485042105, 22.106175246534534], [85.03901561594651, 22.108946097328676], [85.00598910400011, 22.087580613000004], [84.98313181819735, 22.091699284038803], [85.03880445940182, 22.129010948165863], [85.03133578721027, 22.156175710484717], [85.0702854956227, 22.220134481989852], [85.07571980600004, 22.264005657], [85.12326892400009, 22.286476906000054], [85.1231209670001, 22.314399202000025], [85.09433784100023, 22.315871270000056], [85.08074887100013, 22.359945533000005], [85.06876270500013, 22.481064176], [84.97415025800008, 22.44446542599996], [84.95923728700012, 22.455037399000012], [84.9042612750002, 22.419589319999968], [84.88518570400016, 22.441504783000045], [84.84191100900011, 22.430170287000053], [84.8129253130001, 22.44893024799999], [84.75737519600008, 22.45153898900001], [84.7413498150001, 22.424856384000027], [84.59158119199996, 22.440275472000028], [84.48477409000009, 22.410574407000052], [84.48969920400009, 22.38562898099992], [84.43697208800008, 22.366479883000025], [84.43049314800011, 22.348410011999988], [84.2931330960001, 22.339153792], [84.24930694500009, 22.381143791999982], [84.20642885400017, 22.372819586000016], [84.16649366800011, 22.39604578700001], [84.147845409, 22.470412322], [84.01702794968078, 22.522578146901886], [84.02048994205782, 22.57301751598351], [84.0878127090001, 22.634514986999978], [84.15966172300007, 22.64130389300001], [84.2292669466451, 22.677534105317456], [84.2338844217115, 22.74121743314086], [84.26268076400005, 22.77042636099993], [84.29161757700012, 22.76971058099995], [84.33218413319017, 22.857186897897243], [84.37647312100015, 22.867749161000052], [84.39860879100006, 22.94212232599997], [84.37649128629536, 22.980142932696037], [84.33184102100005, 22.98390884599999], [84.28670675299996, 22.963666298000042], [84.28429970200011, 22.99492292400003], [84.25662838500013, 22.973889317999998], [84.22430681200004, 22.982987517999966], [84.20833679804274, 23.022831151031433], [84.18885113699999, 23.03043332899999], [84.18087575700011, 22.98091328800003], [84.1588258330001, 22.971876435999985], [84.13188439427029, 23.041383981907117], [84.14060559600014, 23.088567715000032], [84.10060426899994, 23.11670333799998], [84.07193700500007, 23.115955796000033], [84.04253427799999, 23.144740566000046], [84.03636948200008, 23.165697925999986], [84.06984654300003, 23.210879184000046], [84.06083441600008, 23.250372075000005], [84.08100725800003, 23.335221900000082], [84.05427839900013, 23.377111408000008], [84.03036457700009, 23.379388077999998], [84.01231650600008, 23.353751493000054], [83.97530706200007, 23.382993869000003], [83.99129706000015, 23.433290706000022], [83.97781976500005, 23.457628377000052], [84.01700539700008, 23.49891462599998], [84.03316383800015, 23.54370788], [84.0350095660001, 23.59857023600003], [84.0183826700182, 23.632987870520463], [83.94681401600013, 23.628325360000037], [83.94082944900012, 23.566564610999976], [83.81089982200012, 23.584810166999983], [83.761354314, 23.629110878000017], [83.76411396000007, 23.656307809000012], [83.72665853128967, 23.68524551384339], [83.74504522100008, 23.723733402000004], [83.70721172400002, 23.820742100999983], [83.67642310100013, 23.82312156899995], [83.66261745100003, 23.847655116000023], [83.57470554900009, 23.857884051000024], [83.58751057200007, 23.88270115300002], [83.55027450944645, 23.90561581992903], [83.54804716371069, 23.937199280216117], [83.51890117534657, 23.980832719164937], [83.52007702499995, 24.02733989799999], [83.4525920150001, 24.047232109999996], [83.43733909700009, 24.082325501000003], [83.33040827800009, 24.098836161999994], [83.35290535900006, 24.12224368599998], [83.38042785000009, 24.23541002899996], [83.40544554200007, 24.268733146000045], [83.39102058500008, 24.315515099999942], [83.40982931200006, 24.336680432999948], [83.43306292800013, 24.334583921999943], [83.45282542299996, 24.36528356900003], [83.38891515326996, 24.446300455068616], [83.4073501836498, 24.510389840253], [83.50323053494135, 24.534585233855168], [83.72409729000003, 24.50749334500002], [83.79103235900003, 24.530479250000027], [83.91819705099996, 24.54274870500002], [84.00596561400013, 24.645425788000043], [84.0502367257501, 24.612459159750035], [84.09795693200002, 24.53720672500004], [84.09121222900009, 24.510483453000067], [84.11240579400004, 24.482815161999973], [84.1480290440001, 24.503751534000042], [84.15064902300016, 24.540773122500028], [84.17074537000009, 24.531634272000026], [84.16171931700005, 24.512817820000034], [84.18446118000011, 24.50883679399998], [84.17707977300009, 24.546592592000007], [84.19585223600008, 24.556401104000038], [84.21978024300014, 24.534236219000018], [84.23845744125009, 24.55312749075005], [84.26105162700017, 24.52881982499995], [84.2830811740001, 24.546821938999976], [84.27384277299998, 24.560636215999978], [84.29846981499998, 24.561967552], [84.3292385910001, 24.488173646000046], [84.29756877700012, 24.474640098000002], [84.29857458600003, 24.450756458000058], [84.33802022900008, 24.430110593000045], [84.32202100800004, 24.41963171699997], [84.34462765600001, 24.392384027000038], [84.38630443342821, 24.38815149623337], [84.42818604000009, 24.357172019999986], [84.42332357700002, 24.331871696999976], [84.45945607599994, 24.335933247000032], [84.48127561989642, 24.312565715297875], [84.50560832150009, 24.330581676499953], [84.47583504608664, 24.297774613135072], [84.50033114900013, 24.286679156000048], [84.53167686500012, 24.338321027000067], [84.53000583825008, 24.376543329750035], [84.57432432600014, 24.38508863100002], [84.56853459900009, 24.409005568999966], [84.66338686600008, 24.392227767999987], [84.68731021687861, 24.457160828286597], [84.7264362560001, 24.46742612299997], [84.74682649434125, 24.496677045276318], [84.78622273100005, 24.502781988999935], [84.80324022100005, 24.531514346999963], [84.83967833100013, 24.513007365999997], [84.83839318300011, 24.45224966299997], [84.88745244950009, 24.461323442500095], [84.90358323400014, 24.36729984300006], [84.97568324450013, 24.376902202000085], [85.02876616200015, 24.417403998000033], [85.06140597700009, 24.407882603000044], [85.07916765900012, 24.432853152000035], [85.07300944200014, 24.38439971300004], [85.09317621100013, 24.376600701000008], [85.12172773300011, 24.40333003300004], [85.17435160500011, 24.419478061000046], [85.15989902400014, 24.460836024000134], [85.22711950200004, 24.464966152000002], [85.24592511800012, 24.486859479000024], [85.2829644130001, 24.48977945399995], [85.283214477, 24.521875857000055], [85.37999492700001, 24.527233868], [85.39304193362807, 24.54030848121982], [85.37482279132844, 24.556889961670826], [85.4301766460001, 24.53353207000002], [85.50021458800015, 24.542987828999998], [85.52075680300011, 24.519886945999982], [85.53989432900002, 24.534162799999983], [85.53963666400011, 24.558952647000034], [85.56871688000014, 24.55811078500001], [85.56381162500008, 24.584478611000062], [85.57839856299998, 24.595525853], [85.66571177600014, 24.576134239000027], [85.67511381333344, 24.61428046500003], [85.65176879233347, 24.68361007225002], [85.69834224600011, 24.70655823099999], [85.70720920049999, 24.77863904800004], [85.73689356600005, 24.819739794999986], [85.79461742800005, 24.796883390000037], [85.82210552700016, 24.81128568200002], [85.86593744900013, 24.807049532999994], [85.90690068100015, 24.755045910999975], [85.95091212600006, 24.729575254999993], [86.05523019400006, 24.780561854999974], [86.03880420200005, 24.743958946000035], [86.09073805500007, 24.746986051000032], [86.13285142900014, 24.695939130000035], [86.1199854822875, 24.64274367094359], [86.1324839250001, 24.61029208550003], [86.17774445900007, 24.584465529000045], [86.21740084231979, 24.594456798107036], [86.21935307550015, 24.61429311700001], [86.25947269700005, 24.579965394000027], [86.31889166100015, 24.587622887999984], [86.30170034100016, 24.53473288499999], [86.31296394283343, 24.51112202533339], [86.28382224750004, 24.467752416500012], [86.32662990385695, 24.443500174319468], [86.35490669199994, 24.449145865999935], [86.40761334600013, 24.382348148000023], [86.45509246400016, 24.369298467000046], [86.47568755000006, 24.383928513000043], [86.47289303850008, 24.425494100500035], [86.50056943800008, 24.432664253000038], [86.48997468405757, 24.462981433502275], [86.50646333800015, 24.515607230999994], [86.52484221100008, 24.536650456500066], [86.55405054200014, 24.53885995500005], [86.55885567350003, 24.561444345999963], [86.58104977000012, 24.567489820000034], [86.60876564100006, 24.607805149000008], [86.67538574700002, 24.56700408099999], [86.73725900550002, 24.578861268000065], [86.75391246300015, 24.620788496500047], [86.78976492100017, 24.618196085], [86.81066119250008, 24.597333420500036], [86.8063392200001, 24.56774823500001], [86.84367576200007, 24.57500189500004], [86.84463767500009, 24.55750082899999], [86.85959412100009, 24.55465759200002], [86.88162734725016, 24.571392056249987], [86.91503093600004, 24.542082009000012], [86.9069700720001, 24.58904287599997], [86.94211832700012, 24.63360141700002], [86.93693371700013, 24.64909467600003], [86.95492575700021, 24.6460512160001], [86.95101665000007, 24.63025429500001], [86.97657217900014, 24.636414705], [86.99660691100013, 24.618538483], [87.01766774600001, 24.630020661000042], [87.05370186300014, 24.60955706000001], [87.05442416600013, 24.651617863999988], [87.0865768380001, 24.728721331000038], [87.07656137200009, 24.74983710100003], [87.10332320700014, 24.807576969000024], [87.07737087700009, 24.824803419], [87.09908342200008, 24.83044465600002], [87.10864116125008, 24.85835175325], [87.15255003800009, 24.865737083000063], [87.16469423500011, 24.886754107000055], [87.14297451000006, 24.91830553200001], [87.14983741700009, 25.02554473900003], [87.21482945633332, 25.092245418999994], [87.23769942000924, 25.08759703496577], [87.25045307989608, 25.107922859523104], [87.29500982800016, 25.092340341500076], [87.32751729530597, 25.22233813241761], [87.37084654350016, 25.204452967000048], [87.39970571177376, 25.227446642939324], [87.47764661550026, 25.19668588400017], [87.4732161320001, 25.24031497999997], [87.49802247950014, 25.264150026500023], [87.49259799129112, 25.310293439411026], [87.54098705655056, 25.282104508005922], [87.55099151339077, 25.335022019240096], [87.58577710865565, 25.346992857661334], [87.58305839875516, 25.33172873741836]], [[84.5040439100001, 24.265690622000015], [84.52420322350014, 24.266712099500023], [84.51109958625003, 24.283066216000073], [84.5040439100001, 24.265690622000015]]], [[[87.83376064500008, 24.486655664000036], [87.82994716900012, 24.48405784000003], [87.82939240900005, 24.485967072999994], [87.83376064500008, 24.486655664000036]]]]}, "properties": {"pc11_s_id": "20", "s_name": "Jharkhand"}}, {"type": "Feature", "geometry": {"type": "MultiPolygon", "coordinates": [[[[84.32754896092393, 18.78214058565254], [84.32254741514356, 18.775339291686635], [84.31610699439949, 18.778979292047325], [84.32754896092393, 18.78214058565254]]], [[[84.34642731302597, 18.782841829809854], [84.34094048486594, 18.787971891603377], [84.34780332159028, 18.787415561590933], [84.34642731302597, 18.782841829809854]]], [[[86.04216854000032, 22.56557518700015], [86.11288619700025, 22.48487825200027], [86.12329372500022, 22.494378082000253], [86.26581960200025, 22.448163413000145], [86.28592133500018, 22.414660443000116], [86.3225015600002, 22.395320183000194], [86.32884883900022, 22.37175128400031], [86.4382612870005, 22.304951664000384], [86.49240390900036, 22.346871759000123], [86.53798260312522, 22.303079902823754], [86.58066283800042, 22.302036723000185], [86.59794506062673, 22.279560951385292], [86.64519084000028, 22.26807213900014], [86.65170829000039, 22.23846832300012], [86.72224712662216, 22.216539251281063], [86.71706348500044, 22.1492718490004], [86.79153768700024, 22.157531557000084], [86.80256002700025, 22.118073530000174], [86.82712023700026, 22.09685489300017], [86.96213954900026, 22.085969380000222], [87.02496316900033, 22.033234010500166], [87.02737816500013, 21.982373861333485], [86.99867101800032, 21.9107356250002], [87.03024292000015, 21.86531066900028], [87.09464263900031, 21.86034011800018], [87.09235752600017, 21.912338201000296], [87.15733072617206, 21.93077533035097], [87.17161339000023, 21.973177754000062], [87.20026591500033, 21.95825865400019], [87.23474079100032, 21.964319991000195], [87.24844621200037, 21.927658867000275], [87.23815834900029, 21.90329453900017], [87.27655288500023, 21.807186355000226], [87.35228404400021, 21.790582149000215], [87.3736134680002, 21.76278978000022], [87.38446278600031, 21.77471526500011], [87.44297236000028, 21.766893592000145], [87.44321523800016, 21.731794320000176], [87.46648590900026, 21.72946463900024], [87.45675938800025, 21.656221892000076], [87.48211939700025, 21.63345461400013], [87.48317542414293, 21.608233141619678], [87.38165897000033, 21.54771552500017], [87.24602588600027, 21.55136466600021], [87.11650822200016, 21.51246444200018], [86.90856514000035, 21.34533294100015], [86.83471173500027, 21.221452313000157], [86.85340381200007, 21.213594114000045], [86.83480067500017, 21.143401880000113], [86.80757038175022, 21.144171882250305], [86.83295007300035, 21.13884631700023], [86.96733899700024, 20.87455521000021], [86.9733281670002, 20.832837341000186], [86.9579251300002, 20.786154467000188], [87.03509521900025, 20.755878007000263], [87.05604609500017, 20.715341745000217], [86.79322459200029, 20.543616403000158], [86.77316963000027, 20.5062449200002], [86.76027073500029, 20.507726309000134], [86.72003760900031, 20.384844660000113], [86.73831361500027, 20.40278868500019], [86.74335031300024, 20.37737715600008], [86.77563844000025, 20.394605329000285], [86.77357091200042, 20.37550920300015], [86.79735256600026, 20.37557992100028], [86.78176709700028, 20.34143465600016], [86.80413403300031, 20.36664613200014], [86.80234679500023, 20.431587102000265], [86.81614219700032, 20.403662176000296], [86.80901192500033, 20.371177919000218], [86.79164186000008, 20.346669470000165], [86.67886234400021, 20.264457309000193], [86.66521072100034, 20.279343075000156], [86.68029958400012, 20.259054047000234], [86.60095107100028, 20.229790490000084], [86.53072087400017, 20.17779360200018], [86.47801581200031, 20.10028266000006], [86.4278618150002, 20.05799625700007], [86.42568254200023, 19.995184842000185], [86.39040703200027, 19.963731342000074], [86.18213240100027, 19.885759197000084], [85.69688745600024, 19.75160670000014], [85.37307845000021, 19.59947426500014], [85.14943461700022, 19.4507039450001], [85.06038052300022, 19.36954221500008], [85.08486859700008, 19.381570847000205], [85.07844405300017, 19.37365913900004], [84.89393479700016, 19.243769519000068], [84.82455633000035, 19.183356464000212], [84.76156386800034, 19.071724731000188], [84.69754791259811, 19.108818054199332], [84.7052230834966, 19.149009704590412], [84.66501617431692, 19.15673065185564], [84.661170959473, 19.121860504150675], [84.59184265136759, 19.123840332031648], [84.61982727050815, 19.07650947570852], [84.64871215820375, 19.084199905396076], [84.66458892822294, 19.066291809082486], [84.65453338623064, 19.052310943603686], [84.6127166748052, 19.05483055114763], [84.59011840820352, 19.013380050659464], [84.57531738281295, 19.02719116210983], [84.57644653320392, 19.06456184387264], [84.50991821300073, 19.03746032700076], [84.47563031915371, 18.993266772130028], [84.41155369300037, 19.03229904700021], [84.44925488800044, 18.979067461000113], [84.42674718600011, 18.973396300000104], [84.43834776900042, 18.924085077000257], [84.42743362100015, 18.9105131310003], [84.40973225700014, 18.92069319300026], [84.41617912500044, 18.896351051000067], [84.37988936400035, 18.904690454000047], [84.39245351900047, 18.877398052000274], [84.36155986800037, 18.892120398000372], [84.38191599900023, 18.87568101400018], [84.37005204400032, 18.85944498400022], [84.33546485000045, 18.887106861000404], [84.32840376700034, 18.87814881900033], [84.35740624418946, 18.837548965079918], [84.31249237060575, 18.77919006347696], [84.28392028808645, 18.790821075439624], [84.2521896362311, 18.772481918335245], [84.21671295166078, 18.78728103637718], [84.1798171997072, 18.76897048950218], [84.15136718750068, 18.775760650635277], [84.12294006347707, 18.748268127441804], [84.11710935732538, 18.761946663402625], [84.0743765461238, 18.76193711306803], [84.02706146230202, 18.80220031728726], [83.93978881835966, 18.79660034179716], [83.90197753906313, 18.816921234131144], [83.88687896728555, 18.8054084777836], [83.83709716796915, 18.86470985412609], [83.84027099609426, 18.904060363769872], [83.81693267822328, 18.90940284729021], [83.81476593017618, 18.953178405761832], [83.78830718994203, 19.007810592651936], [83.73956298828159, 18.97844123840349], [83.78006744384788, 18.907720565796012], [83.7421493530278, 18.923139572143782], [83.72630310058616, 18.975561141968], [83.70574188232467, 18.985240936279524], [83.72325134277384, 19.0118999481204], [83.69702148437534, 19.016479492187784], [83.65969848632835, 19.06974029541027], [83.62759951862154, 19.162461324129424], [83.59429931640648, 19.120330810547046], [83.60441589355491, 19.088180541992415], [83.58444976806652, 19.079730987548942], [83.57876586914097, 19.049789428711335], [83.55766296386741, 19.051380157471044], [83.54643249511759, 19.073829650879134], [83.55229949951212, 19.04718971252464], [83.53138732910219, 19.005420684814794], [83.49539947509817, 19.01109123230009], [83.49355316162149, 19.02680015563982], [83.51367187500063, 19.02478027343784], [83.50538635253946, 19.06477165222185], [83.49362945556686, 19.053089141845874], [83.473236083985, 19.077762603760164], [83.45939636230503, 19.069671630859773], [83.47796630859415, 19.02119064331083], [83.47460174560575, 19.000312805176065], [83.4485168457033, 18.999631881714322], [83.45548248291061, 18.945579528808935], [83.40878295898466, 18.979890823364713], [83.40885162376804, 18.996191024890493], [83.36232757568416, 18.994729995727937], [83.34633636474649, 19.009889602661588], [83.31636724394161, 18.99040475564061], [83.33302307128969, 18.939319610595987], [83.32202911377004, 18.923250198364542], [83.34136962890648, 18.918399810791357], [83.34575653076195, 18.95709991455101], [83.38022613525442, 18.923282623291414], [83.3466110229495, 18.926870346069506], [83.41133880615268, 18.859340667725007], [83.39630126953148, 18.830709457397745], [83.37283325195352, 18.821210861206396], [83.35887908935581, 18.832000732422273], [83.35629272461, 18.800119400024585], [83.27950286865268, 18.789600372314737], [83.26609802246139, 18.757009506225813], [83.21939086914074, 18.76581954956066], [83.20506286621139, 18.715860366821687], [83.20170593261736, 18.74222946167032], [83.13295745849655, 18.772449493408317], [83.08304227133237, 18.724944741378806], [83.07747474024694, 18.707374695842987], [83.10874533700019, 18.700895233999972], [83.13918693600016, 18.71878588200019], [83.1493079330001, 18.699417621000066], [83.12546769000011, 18.661604723000096], [83.08704834000008, 18.66704408600009], [83.09021235900013, 18.63091603700019], [83.06105484600016, 18.576237686000184], [83.09420125200023, 18.540336721000244], [83.01541137695352, 18.44442939758335], [83.0373229980471, 18.434829711914233], [83.03743743896496, 18.418949127197493], [83.05982971191446, 18.42863273620634], [83.06649780273477, 18.392259597778605], [83.05339050293009, 18.375299453735636], [83.01718139648483, 18.38450050354038], [82.9764480590822, 18.35491180419939], [82.90274810791061, 18.35591125488304], [82.88490295410173, 18.378620147705192], [82.88461303710983, 18.41275978088396], [82.84490966796898, 18.409772872924975], [82.79917144775436, 18.439401626587028], [82.77622222900413, 18.4196910858156], [82.79329681396496, 18.39496994018583], [82.76705169677757, 18.33107948303234], [82.65883636474643, 18.28660964965843], [82.6453094482427, 18.240449905395792], [82.62687683105509, 18.228740692139013], [82.58846241893838, 18.275071346308494], [82.59503346508649, 18.301232192902603], [82.57643890380893, 18.306810379028434], [82.60382843017601, 18.320371627808015], [82.60050964355486, 18.368709564209098], [82.5351562500004, 18.38956069946346], [82.55377197265659, 18.437650680542163], [82.53015136718767, 18.434310913086165], [82.51613616943371, 18.455881118774755], [82.52313232421898, 18.50392913818382], [82.49915313720749, 18.50175094604515], [82.47400665283214, 18.536832809448413], [82.36128997802786, 18.40991020202665], [82.38442993164102, 18.369110107422273], [82.33444213867222, 18.317132949829386], [82.34874725341831, 18.30615043640165], [82.38436889648489, 18.31870079040567], [82.39301300048868, 18.306440353393896], [82.37187957763712, 18.274101257324617], [82.33689880371145, 18.266241073608796], [82.32131958007852, 18.222459793091218], [82.33281707763734, 18.21578979492216], [82.3060989379889, 18.195659637451456], [82.31030273425876, 18.174602508847272], [82.34873199462942, 18.161832809448583], [82.36429595947328, 18.13485908508335], [82.35756683349649, 18.12510108947788], [82.33336639404337, 18.14237976074247], [82.33725036206386, 18.05006262620884], [82.32306705269599, 18.057679864639056], [82.31320953369152, 18.034757614135856], [82.28777313232445, 18.0605602264406], [82.25815582275408, 18.034870147705192], [82.26725006103527, 17.986440658569563], [82.24170684814487, 17.979761123657397], [82.17740631103527, 18.010570526123445], [82.16374969482439, 18.04162025451683], [82.13236999511764, 18.035619735718], [82.11326599121139, 18.057821273803825], [82.07221221923851, 18.065637588501318], [82.0443232762405, 18.046001193491747], [82.02465820312534, 18.057880401611555], [82.00157928466831, 18.04481124877941], [82.00168609619203, 18.02366065979038], [81.95176696777372, 17.99209976196329], [81.80104064941469, 17.93608093261753], [81.70317077636759, 17.861129760742756], [81.68828582763695, 17.884799957275504], [81.66306304931658, 17.876930236816577], [81.62397766113304, 17.82442283630388], [81.57251405308648, 17.83564264880374], [81.55393981933628, 17.81636810302757], [81.48583984375051, 17.80261039733915], [81.46684265136759, 17.824920654297273], [81.3883976839764, 17.807153455648233], [81.39700236300013, 17.89006611100018], [81.4393466050002, 17.8857798250001], [81.44984897100016, 17.93958649800004], [81.47835210700026, 17.981209604000128], [81.47796045700017, 18.049048394000067], [81.50412048200025, 18.08644140000024], [81.51681604800012, 18.159514609000098], [81.50543172600004, 18.203784930000097], [81.5322257750002, 18.272726922000118], [81.66313933600026, 18.322145957000032], [81.6601555110002, 18.34875866200008], [81.75888783900024, 18.348180410000168], [81.77751283000015, 18.414555689000224], [81.85839211200027, 18.48574677900018], [81.8672074330002, 18.52057824100001], [81.90909331400024, 18.534652940000115], [81.9046670310002, 18.561621634000005], [81.95798678700015, 18.55388182600018], [81.96324323500022, 18.591329857000233], [81.89038396500024, 18.633776321000084], [81.89466533800021, 18.662098471000093], [81.9468843740002, 18.642187672000148], [81.96723628100023, 18.69899110800003], [82.03088231600003, 18.723734425000146], [82.08528317200006, 18.71605398300005], [82.09102054000016, 18.764997882000046], [82.12783363800014, 18.764508651000142], [82.16562801900028, 18.796303935000083], [82.15843820900028, 18.880504711000015], [82.17000316700006, 18.90194514600023], [82.21198201700025, 18.92225556800014], [82.2442382070002, 18.91429540900009], [82.23414900600022, 19.021170543000096], [82.20519773300009, 19.072607760000153], [82.22464435500024, 19.09826019600024], [82.21177871700013, 19.103125379000176], [82.21425913700023, 19.124733765000144], [82.17023556900011, 19.130332917000146], [82.18598561550033, 19.16508733050017], [82.15902508900035, 19.226855643000192], [82.16462581900026, 19.272960051000155], [82.1998322415003, 19.32591683700025], [82.15228249700004, 19.363938820000158], [82.18136646700003, 19.369152590000112], [82.19586566000004, 19.41033132200016], [82.17440037600016, 19.431167067000104], [82.13006342200026, 19.42851368100014], [82.10561159800017, 19.464780345000236], [82.09995104600029, 19.514653254000166], [82.03455716800016, 19.50451880100013], [82.0551303980003, 19.54810475200003], [82.04493763100027, 19.588905615000215], [82.05805340100028, 19.664636128000154], [82.04317222700035, 19.705247945000167], [82.06365129500017, 19.789523398000142], [81.99221700900017, 19.80320400700009], [81.96830931900018, 19.8687221940001], [81.86116243000032, 19.918784674000165], [81.85599900200015, 19.96078881600016], [81.8860396320004, 20.05410498500015], [81.90790989900029, 20.049878295000212], [81.9489394640002, 20.111578407000195], [82.02107770600026, 20.056509477000304], [82.03803973200019, 20.020331869500183], [82.08138326700026, 20.05973747900009], [82.18763523700039, 19.992183024000155], [82.23903523000018, 20.006381469000132], [82.26686501100022, 19.981015693000302], [82.33561238100015, 19.83628063600014], [82.41879062500021, 19.904360742000108], [82.44677730100017, 19.90961059500006], [82.59682505600017, 19.86983186400022], [82.57083465800031, 19.8390133110002], [82.58396079400018, 19.785358519000056], [82.64925367000023, 19.839445581000064], [82.70960308733373, 19.843310617333543], [82.7243870810002, 19.877199700000233], [82.7094973370003, 19.897449345000155], [82.7192413204815, 20.0002779139258], [82.64102487900038, 20.00952824300026], [82.60009840400011, 19.99670989000009], [82.5577511220003, 20.023539743000185], [82.52038626100023, 20.01836857000012], [82.40053738700021, 20.06572186200009], [82.39271082400018, 20.15280480000007], [82.42829066800016, 20.21555661500014], [82.42176136600028, 20.27124945700018], [82.44654294800023, 20.29592181400011], [82.41377267900015, 20.34427143300013], [82.44973124800009, 20.434094658000106], [82.43360123900015, 20.47603611800008], [82.4104355690003, 20.46156527400018], [82.40176504900018, 20.515991565000263], [82.34754198900026, 20.565635212000245], [82.36516529600016, 20.584862967000163], [82.35717772900034, 20.602759828000274], [82.39131367900018, 20.640262221000228], [82.3647750200002, 20.70914064400023], [82.36433758300029, 20.892080130000238], [82.37857428300038, 20.893340407000153], [82.38392775866686, 20.87321795866677], [82.4222891480004, 20.874487600000123], [82.44151550066698, 20.835332133666725], [82.48762835300016, 20.836481581750093], [82.51062005800031, 20.91591955200022], [82.57168669600014, 20.955225017000146], [82.63589356400024, 21.03902384700018], [82.63364320800042, 21.07939398900021], [82.6606767530003, 21.107478408000134], [82.65863807500034, 21.17015785300009], [82.76721312400025, 21.176539620000142], [82.80763015200017, 21.15326957200017], [82.85242638700021, 21.17870081400008], [82.88830268300035, 21.178481187000102], [82.89493340500024, 21.16362095500017], [82.91508631300024, 21.18099879500005], [82.95826780500028, 21.17645636600014], [82.97621997100026, 21.20478395500021], [82.9803907930002, 21.188793196000233], [83.0128425010003, 21.182641572000136], [82.99945451500031, 21.167166749000103], [83.00723283000025, 21.154934015000265], [83.02995280700026, 21.16042853300013], [83.08576098600014, 21.12761570700019], [83.14297710200026, 21.11776663100011], [83.17473214300031, 21.148822820000305], [83.20228784700015, 21.1511113360001], [83.22947929800017, 21.27859639900015], [83.27839947000024, 21.29082936800023], [83.28223216800029, 21.310753333000036], [83.26181126700021, 21.329263152000067], [83.27816735600021, 21.38759590500024], [83.38141002300029, 21.35328305500019], [83.40421029900034, 21.35866485200023], [83.39817079400041, 21.413452382000116], [83.35517074200021, 21.45831327300027], [83.34172873300014, 21.507808909000175], [83.37266274300026, 21.561310624000157], [83.38390273600021, 21.620409487000188], [83.44413171300027, 21.656357320000097], [83.45790472800024, 21.616461953000055], [83.49471204500026, 21.644634344000167], [83.4234559760003, 21.68336866400017], [83.48027203400017, 21.734301135000237], [83.47494428500033, 21.793426338000245], [83.49106842500038, 21.822012045000122], [83.54028058500029, 21.806608028000255], [83.5317461710004, 21.839839415000256], [83.57822491100029, 21.840935981000257], [83.5904688090003, 21.854746999000213], [83.57630953600017, 21.90034690800013], [83.60240158950018, 21.92483113200018], [83.59433803100035, 21.939201256500155], [83.55491315600028, 21.944872343333486], [83.53396532350024, 21.977040831500062], [83.55249820000017, 22.01247722500017], [83.54158403500031, 22.05317433900018], [83.60891170900021, 22.072602481000104], [83.56707346500025, 22.10852260900009], [83.6130065605002, 22.15905430400005], [83.63600793200027, 22.212256182000147], [83.69223779800029, 22.244909195000105], [83.77065547600029, 22.252528024000185], [83.86863942300016, 22.347564487000227], [83.90087822200013, 22.340502298000047], [83.91923762100015, 22.360612723000145], [84.01855754459797, 22.374195115729094], [84.0518196600002, 22.466304132000346], [83.98545941300034, 22.500542247000226], [83.98150452200042, 22.518384795000202], [84.00339485500035, 22.528051357000265], [84.14784540900024, 22.47041232200013], [84.16649366800033, 22.39604578700022], [84.20642885400036, 22.37281958600022], [84.24930694500028, 22.381143792000103], [84.29313309600036, 22.339153792000218], [84.43049314800027, 22.3484100120001], [84.43697208800023, 22.366479883000295], [84.48969920400015, 22.385628981000195], [84.48477409000014, 22.41057440700024], [84.5915811920002, 22.440275472000224], [84.74134981500032, 22.424856384000236], [84.75737519600034, 22.4515389890002], [84.81292531300033, 22.448930248000124], [84.84191100900017, 22.43017028700018], [84.88518570400038, 22.441504783000255], [84.90460559600047, 22.41961890300024], [84.95923728700035, 22.455037399000275], [84.96298077100028, 22.44210706733361], [84.98172149500033, 22.44634907400041], [85.06456160000022, 22.48273189600036], [85.07675376425033, 22.464087130500275], [85.06281863200024, 22.446434269000235], [85.08407916550033, 22.41488082250038], [85.08074887100025, 22.3599455330002], [85.09433784100037, 22.31587127000023], [85.12312096700032, 22.31439920200029], [85.12326892400023, 22.28647690600019], [85.07571980600028, 22.26400565700027], [85.07028549562295, 22.220134481989987], [85.03133578721042, 22.15617571048483], [85.03880445940206, 22.129010948165956], [84.98313181819759, 22.091699284038896], [84.99114699000029, 22.084427008000148], [85.03579074241765, 22.108340166509663], [85.10066485042125, 22.106175246534633], [85.11534218821015, 22.07130487528906], [85.155314037057, 22.076532103742863], [85.16862057242537, 22.052196944702416], [85.17540234176346, 22.0718726422528], [85.2298047656833, 22.013735174317674], [85.27564379213936, 22.089005777986756], [85.32450395620481, 22.12488331572996], [85.35253250050027, 22.120152475250222], [85.37154858850033, 22.153773713250303], [85.40877516350037, 22.157499678250474], [85.51849475034021, 22.116065846644744], [85.54568292586896, 22.090156516865704], [85.6150466454003, 22.08068123440023], [85.649393611667, 22.096333763000246], [85.67673738700017, 22.056746449000343], [85.72322511500028, 22.069138575000352], [85.80128841000032, 22.121393047000254], [85.83126744600031, 22.08378206300017], [85.78789020000022, 22.086360974000286], [85.75880315200033, 21.997657742000285], [85.82091752784794, 21.978230499274332], [85.89313971256632, 21.99000337432375], [85.90410467900034, 21.97345179100006], [85.91563862766708, 22.016897072000233], [85.94147241300021, 22.027045719000114], [86.00140923100037, 22.111671311000237], [85.99471282500036, 22.131225533000247], [86.02992672912114, 22.190581406393676], [85.97299907500036, 22.249040584000284], [86.00583081300027, 22.29219491200024], [86.04498543700021, 22.310511399000234], [86.01316108400022, 22.313890328000298], [86.02416357850024, 22.33478927150037], [85.99791722900028, 22.340164687000254], [86.02471381100037, 22.38807597200008], [86.0136295580001, 22.42644873600034], [85.9581837570002, 22.460515882000152], [85.96361872500012, 22.481041674000096], [85.98418469500035, 22.511840894000102], [86.02713307600044, 22.525713785500216], [86.04216854000032, 22.56557518700015]]], [[[86.7895114120002, 20.38921480300013], [86.78807266800015, 20.445377444000144], [86.8018753850003, 20.506665720000058], [86.8092498710003, 20.48487649700013], [86.7895114120002, 20.38921480300013]]], [[[87.00329527100024, 20.78710095700012], [86.99330219900014, 20.78432578000013], [87.0006163660002, 20.793938800000205], [87.00329527100024, 20.78710095700012]]], [[[87.00656575700015, 20.81190862700015], [86.99774691800025, 20.81606695000005], [87.00658590600011, 20.815668687000198], [87.00656575700015, 20.81190862700015]]]]}, "properties": {"pc11_s_id": "21", "s_name": "Odisha"}}, {"type": "Feature", "geometry": {"type": "Polygon", "coordinates": [[[83.32449320200021, 24.101414681000108], [83.43733909700012, 24.082325501000184], [83.45259201500022, 24.047232110000095], [83.5200770250002, 24.027339898000207], [83.51890117500005, 23.980832719000205], [83.54804716400031, 23.93719928000013], [83.5502745090003, 23.905615820000094], [83.58751057200004, 23.88270115300014], [83.57470554900004, 23.857884051000042], [83.66261745100007, 23.847655116000226], [83.67642310100018, 23.82312156900025], [83.70721172400005, 23.820742101000178], [83.74504522100005, 23.72373340200022], [83.72665853100017, 23.6852455140002], [83.76411396000015, 23.65630780900011], [83.76135431400024, 23.629110878000233], [83.81089982200018, 23.58481016700017], [83.94082944899998, 23.566564611000274], [83.94681401600019, 23.628325360000247], [84.01838267000011, 23.632987871000296], [84.03500956600004, 23.598570236000114], [84.03316383800012, 23.543707880000113], [84.0170053970001, 23.4989146260001], [83.9778197650001, 23.457628377000276], [83.9912970600003, 23.43329070600015], [83.97530706200013, 23.382993869000302], [84.01231650600005, 23.353751493000175], [84.03036457700006, 23.37938807800026], [84.05427839900017, 23.37711140800019], [84.08100725800006, 23.335221900000306], [84.06083441600003, 23.2503720750002], [84.06984654300027, 23.210879184000248], [84.03636948200011, 23.16569792600012], [84.04253427800023, 23.144740566000166], [84.07193700500022, 23.115955796000037], [84.1006042690002, 23.116703338000093], [84.14060559600011, 23.088567715000124], [84.13188439400005, 23.041383982000127], [84.15882583300015, 22.971876436000173], [84.18087575700008, 22.980913288000238], [84.18822204800011, 23.03041372900026], [84.20833679800018, 23.022831151000105], [84.22430681200007, 22.982987518000243], [84.25662838500017, 22.97388931800026], [84.28491793000006, 22.99453039900027], [84.2867067530002, 22.963666298000135], [84.33184102100017, 22.983908846000077], [84.37725541400016, 22.979828015000066], [84.39949368500015, 22.937816641000154], [84.37972351700017, 22.908790849000184], [84.38375199500007, 22.87963013700005], [84.33212535200016, 22.85714311400011], [84.29161757700007, 22.769710581000254], [84.2626807640001, 22.770426361000318], [84.23388733500008, 22.74124292500028], [84.2392762080002, 22.69190504900007], [84.22712038400016, 22.675366063000183], [84.15966172300023, 22.641303893000043], [84.08781270900016, 22.63451498700016], [84.02048994200004, 22.573017516000164], [84.01702795000011, 22.522578147000218], [83.98026058700009, 22.510333254000045], [84.05181966000004, 22.466304132000175], [84.01856864762527, 22.374149647000195], [83.91923762100015, 22.360612723000145], [83.90087822200013, 22.340502298000217], [83.86863942300016, 22.347564487000227], [83.77065547600012, 22.252528024000185], [83.69223779800012, 22.244909195000105], [83.62722407100011, 22.203296899000236], [83.6130065605002, 22.15905430400022], [83.56707346500025, 22.10852260900009], [83.60908185575022, 22.072959323750297], [83.54299626300008, 22.057191386000113], [83.55249820000017, 22.01247722500017], [83.53355959200024, 21.980395493000117], [83.55491315600028, 21.944872343333486], [83.59433803100035, 21.939201256500155], [83.60240158950018, 21.92483113200018], [83.57630953600017, 21.90034690800013], [83.5904688090003, 21.854746999000042], [83.57822491100029, 21.840935981000257], [83.53174617100024, 21.839839415000085], [83.54028058500029, 21.806608028000255], [83.49104009650029, 21.822030210500202], [83.47494428500016, 21.793426338000074], [83.48027203400017, 21.734301135000237], [83.42345597600013, 21.68336866400017], [83.49471204500026, 21.644634344000167], [83.45790472800007, 21.616461953000226], [83.4441317130001, 21.656357320000097], [83.38390273600004, 21.620409487000188], [83.37266274300026, 21.561310624000157], [83.34172873300014, 21.507808909000175], [83.35517074200021, 21.4583132730001], [83.39817079400001, 21.413452382000287], [83.4096230410002, 21.366271497000128], [83.38141002300011, 21.35328305500019], [83.27816735600004, 21.38759590500024], [83.26181126700004, 21.329263152000237], [83.28223216800029, 21.310753333000207], [83.27839947000024, 21.29082936800006], [83.22816409300015, 21.27676187200018], [83.20138537800023, 21.149967245000198], [83.17473214300014, 21.148822820000078], [83.14297710200026, 21.11776663100011], [83.1003017610002, 21.123189105000222], [83.02995280700009, 21.16042853300013], [83.00723283000008, 21.154934015000094], [82.99945451500014, 21.167166749000103], [83.01284250100014, 21.182641572000136], [82.9803907930002, 21.188793196000233], [82.97621997100009, 21.20478395500021], [82.9582678050001, 21.17645636600014], [82.91508631300024, 21.18099879500022], [82.89493340500024, 21.16362095500017], [82.88830268300012, 21.178481187000102], [82.85242638700021, 21.17870081400025], [82.80763015200017, 21.15326957200017], [82.76721312400008, 21.176539620000142], [82.65863807500017, 21.17015785300009], [82.6606767530003, 21.107478408000134], [82.63364320800025, 21.07939398900021], [82.63589356400007, 21.03902384700018], [82.57168669600014, 20.955225017000146], [82.51062005800014, 20.915919552000048], [82.48749547500017, 20.836463986500235], [82.44150533800018, 20.835330504500234], [82.42228914800006, 20.874487600000123], [82.38389898200012, 20.873218746000134], [82.3785742830002, 20.893340407000153], [82.36433758300012, 20.892080130000238], [82.3647750200002, 20.70914064400023], [82.39131367900018, 20.640262221000228], [82.35717772900011, 20.602759828000103], [82.36516529600016, 20.584862967000163], [82.34754198900009, 20.565635212000075], [82.40176504900018, 20.515991565000093], [82.4104355690003, 20.46156527400018], [82.43360123900015, 20.476036118000252], [82.44973124800009, 20.434094658000106], [82.41377267900015, 20.34427143300013], [82.44654294800006, 20.29592181400011], [82.42176136600028, 20.27124945700018], [82.42829066800016, 20.21555661500014], [82.39271082400018, 20.152804799000194], [82.40053738700021, 20.06572186200009], [82.52038626100023, 20.01836857000012], [82.55775112200013, 20.023539743000185], [82.60009840400011, 19.99670989000026], [82.64102487900021, 20.00952824300009], [82.71818492666677, 20.00100008100003], [82.7094973370003, 19.897449345000155], [82.7201377620002, 19.860454587250103], [82.7010705990001, 19.836826496000185], [82.64925367000006, 19.839445581000234], [82.58396079400018, 19.785358519000226], [82.57083465800014, 19.8390133110002], [82.59682505600017, 19.869831864000048], [82.53622320900013, 19.8900065750002], [82.53011840600016, 19.88054623500011], [82.49463381800007, 19.90506643700013], [82.41879062500004, 19.904360742000108], [82.33561238100015, 19.83628063600014], [82.26686501100005, 19.981015692000256], [82.23903523000018, 20.006381469000132], [82.18763523700022, 19.992183024000155], [82.08138326700004, 20.05973747900009], [82.03803973250024, 20.020331869500183], [82.02107770600026, 20.056509477000134], [81.94893946400003, 20.111578407000195], [81.90790989900012, 20.049878295000212], [81.88600825200012, 20.05411665800017], [81.85599900200015, 19.96078881600016], [81.86116243000015, 19.918784674000165], [81.96830931900018, 19.8687221940001], [81.99221700900017, 19.80320400700026], [82.06365129500017, 19.789523398000142], [82.04317222700018, 19.705247945000167], [82.05805340100011, 19.664636128000154], [82.04493763100027, 19.588905615000215], [82.0551303980003, 19.5481047520002], [82.03455716800016, 19.50451880100013], [82.09995104600006, 19.514653254000166], [82.10561159800017, 19.464780345000236], [82.13006342200026, 19.42851368100014], [82.17440037600016, 19.431167067000104], [82.19586566000004, 19.41033132200016], [82.18136646700003, 19.369152590000112], [82.15228249700004, 19.363938820000158], [82.1998322415003, 19.32591683700025], [82.1646258190001, 19.272960051000155], [82.15902508900018, 19.226855643000192], [82.18598561550016, 19.16508733050017], [82.17023556900011, 19.130332917000146], [82.21425913700023, 19.124733765000144], [82.21177871700013, 19.103125379000176], [82.22464435500007, 19.09826019600007], [82.20519773300009, 19.072607760000153], [82.23414900600022, 19.021170543000096], [82.24364510000004, 18.912157991000186], [82.21198201700008, 18.92225556800014], [82.17000316700006, 18.90194514600023], [82.15843820900028, 18.880504711000242], [82.16562801900005, 18.796303935000083], [82.12783363800014, 18.764508651000142], [82.09102054000016, 18.764997882000046], [82.08619953900012, 18.716262989000256], [82.03088231600003, 18.723734425000316], [81.96723628100023, 18.6989911080002], [81.9468843740002, 18.642187672000148], [81.89466533800021, 18.662098471000093], [81.89038396500007, 18.633776321000084], [81.96324323500005, 18.591329857000062], [81.95798678700015, 18.55388182600018], [81.90466703100003, 18.561621634000232], [81.90909331400007, 18.534652940000115], [81.8672074330002, 18.52057824100001], [81.85839211200027, 18.48574677900018], [81.77751283000015, 18.414555689000053], [81.75888783900001, 18.348180410000168], [81.6601555110002, 18.34875866200025], [81.66313933600003, 18.322145957000203], [81.5322257750002, 18.272726922000118], [81.50543172600004, 18.203784930000097], [81.51681604800012, 18.159514609000098], [81.50412048200008, 18.08644140000007], [81.47796045700017, 18.049048394000238], [81.47835210700003, 17.981209604000128], [81.44984897000023, 17.939586499000143], [81.4393466050002, 17.88577982500027], [81.39700236300013, 17.89006611100018], [81.38839768397588, 17.807153455647892], [81.25403594970766, 17.81212997436552], [81.1595687867952, 17.85263061512717], [81.07360076904342, 17.786291122436694], [81.03765106201189, 17.78623962402372], [81.00434875500014, 17.83834838900009], [80.96595764160179, 18.04346847534208], [80.94399261474626, 18.081020355224894], [80.9736785890002, 18.168149948000234], [80.86202239990274, 18.132669448852823], [80.84819793701223, 18.19765090942417], [80.86749267578142, 18.207258224487873], [80.85910034200009, 18.2260017400003], [80.82958984400034, 18.234119415000237], [80.79792785600023, 18.166299820000233], [80.73455810546926, 18.171712875366666], [80.73326873779337, 18.2187900543218], [80.78827667200011, 18.249780655000222], [80.74462127700019, 18.302181244000224], [80.7162628170002, 18.382940292000285], [80.72653961181675, 18.40899085998592], [80.69100952148466, 18.419349670410497], [80.69889068600037, 18.436000824000303], [80.65077972400007, 18.472280502000217], [80.63268280000023, 18.51884079000024], [80.48838806200064, 18.626720428000567], [80.33879089400057, 18.58820915200056], [80.29631042500068, 18.6856403350007], [80.23956298828176, 18.752210617065828], [80.34778595000051, 18.815940857000555], [80.33239872985075, 18.860696362448778], [80.26763916010475, 18.928789138863294], [80.26772308300059, 18.98732948300068], [80.29341125500042, 19.021591187000638], [80.28884124800061, 19.046289444000706], [80.32211303711, 19.074871063233502], [80.324851989747, 19.1415328979503], [80.38667297400053, 19.18902015700064], [80.38334655800065, 19.23913955700067], [80.4370269780004, 19.26107025100066], [80.47558593800045, 19.335042953000766], [80.51383972200045, 19.348199844000703], [80.5678176880005, 19.400920868000696], [80.61015319800038, 19.307140350000736], [80.67189025878969, 19.326448440552156], [80.6886062622072, 19.283489227295263], [80.7492370610002, 19.286741257000358], [80.84500885009783, 19.360910415649755], [80.81273651123081, 19.38274002075218], [80.78793334960972, 19.42670059204113], [80.86749267578142, 19.44346046447771], [80.89206695556692, 19.465681076049975], [80.87905120849655, 19.51902961730974], [80.84538269042986, 19.52917289733898], [80.82760620117222, 19.562671661377067], [80.76641082763689, 19.56831932067888], [80.76426696777395, 19.584831237793196], [80.72099304199253, 19.60839080810564], [80.65685272216825, 19.612260818481957], [80.66584014892607, 19.69221115112356], [80.53967285156273, 19.774599075317553], [80.5424270630001, 19.819271088000164], [80.46916198730514, 19.824661254882926], [80.45954895019571, 19.811330795288256], [80.48023986816418, 19.79544067382841], [80.47808837890665, 19.77240943908737], [80.45243835449253, 19.792900085449446], [80.39470672607445, 19.794578552246264], [80.39752960205095, 19.816230773926065], [80.4316558837894, 19.81030082702648], [80.49752044677757, 19.86874961853067], [80.48265075696014, 19.89889907825909], [80.40767669677757, 19.905902862549226], [80.40629577636736, 19.932500839233626], [80.44370269775408, 19.952671051025618], [80.48047637939487, 19.927801132202262], [80.5203781130001, 19.930879593000043], [80.54554748505882, 19.98718070997336], [80.53253936767612, 20.003932952881257], [80.54615783691429, 20.065710067749137], [80.54036712646518, 20.109832763672216], [80.49803161621128, 20.138919830322607], [80.45133972168009, 20.14487075805698], [80.4396286010745, 20.129119873047216], [80.39383697509777, 20.144020080566747], [80.38601684570324, 20.162809371948583], [80.41398620605509, 20.190231323242756], [80.38295745849638, 20.241720199585416], [80.46544647200045, 20.271621704000495], [80.51082611100026, 20.26961135900052], [80.54202270500042, 20.306848526000522], [80.61776733398466, 20.33368110656795], [80.58602142318767, 20.39561080934118], [80.6034393310457, 20.43325042715219], [80.59468841581008, 20.446420669224267], [80.62232208268023, 20.60386276263455], [80.5673065190004, 20.61240768400063], [80.51190185546903, 20.585119247437035], [80.48159790039131, 20.617099761963402], [80.5076065060004, 20.654600143000494], [80.579741845196, 20.686521572458048], [80.54580877750413, 20.76471250757902], [80.55589294403364, 20.81968116796196], [80.54183001100012, 20.933899634000227], [80.45909118652378, 20.928150177002067], [80.42375946000027, 21.009590149000246], [80.44734191900022, 21.03662109400011], [80.4333190920002, 21.097150803000147], [80.44924926800024, 21.111940384000206], [80.4386520385745, 21.12140083313028], [80.45526886000022, 21.16908073400026], [80.6034469600001, 21.227422714000227], [80.67295074500015, 21.29828834500023], [80.65653228800016, 21.330772400000228], [80.73703530900013, 21.47692740200023], [80.73939337100018, 21.55062919900024], [80.71876023700025, 21.59907218800015], [80.74112102200024, 21.739882493000152], [80.76105707800019, 21.76852243200028], [80.79207979900013, 21.749908989000176], [80.81997015600018, 21.75772696200022], [80.85794261500013, 21.885273353000173], [80.84135295000016, 21.903167782000253], [80.85067788500015, 21.957578335000164], [80.83411838200004, 21.967368818000296], [80.86548198600019, 21.975404326000046], [80.91122831566673, 22.114976553333406], [80.94732167000012, 22.127207493000128], [80.9879964610002, 22.061373871000228], [81.00724131100003, 22.07192159100026], [81.00885562900021, 22.107943704000093], [80.9787046090002, 22.126689239000257], [81.02207394800007, 22.143117124000128], [81.02038636900016, 22.234436518000052], [81.0445020790001, 22.25357626100015], [81.08553532400015, 22.254425124000136], [81.11448739700018, 22.299847908000174], [81.10096296200015, 22.388708609000105], [81.11364255400014, 22.44667440800015], [81.15021055000017, 22.45841377900024], [81.1744229760003, 22.494847259000096], [81.19735644800011, 22.45327154600011], [81.23420296200027, 22.46067754200004], [81.2664896780002, 22.50221081800015], [81.29684164300022, 22.48393847300025], [81.3144740530002, 22.527328288000035], [81.36795347300017, 22.511280510000063], [81.37447126299998, 22.45755163300015], [81.3940340500003, 22.44416157500018], [81.41514578300013, 22.457331211000223], [81.41290310450012, 22.482176114500078], [81.44437010300015, 22.47255665600005], [81.43423996200016, 22.497298892000174], [81.47567062650018, 22.495488716500176], [81.51971682900006, 22.543268105000095], [81.54190821900016, 22.530979039000044], [81.56727714900006, 22.537318302000074], [81.56525520400004, 22.5540652250001], [81.62672297600017, 22.548967813000218], [81.6287959680003, 22.567552928000055], [81.6585875510001, 22.57350565100012], [81.64791976900011, 22.613032969000187], [81.68548006200007, 22.64974872300013], [81.73476051800009, 22.67947582400012], [81.75808397700013, 22.649038019000102], [81.7719172140001, 22.66001730000005], [81.77974635500016, 22.683766350000212], [81.76077504500023, 22.734748068000158], [81.7983122090003, 22.768789280000135], [81.76809916400003, 22.83246367100014], [81.77874969900012, 22.875044227000217], [81.86349827300006, 22.889296307000166], [81.86915429200008, 22.911360320000256], [81.95226964200026, 22.95463337300015], [81.92870779900022, 23.032739027000105], [81.93547399300013, 23.05995984033342], [81.97352249300019, 23.079010876000154], [82.03849750800003, 23.081730181000182], [82.07224002200019, 23.119758654000123], [82.13014407150013, 23.110131184000238], [82.16015843700012, 23.14710357000007], [82.14922312800013, 23.23239032300006], [82.19583042600016, 23.27883690700014], [82.2024433960002, 23.319944135000185], [82.14287233400012, 23.360114578000037], [82.11876681900003, 23.356863947000136], [82.1071693400001, 23.396907074000126], [82.03134995500028, 23.38503079250023], [82.0279914780001, 23.424161151000135], [82.00814991600015, 23.414427897000223], [81.9790100530002, 23.425813125000047], [81.96003385300025, 23.49995794000006], [81.9287816060002, 23.532394759000113], [81.83996042500013, 23.512264056000106], [81.8186209230002, 23.551304191000042], [81.76903429300006, 23.552663845000097], [81.75287365400027, 23.569969620000165], [81.70942221500013, 23.525643750000086], [81.6730360630001, 23.53658366900015], [81.64181001900016, 23.492406640000183], [81.61398941700008, 23.508027434000212], [81.6127727240002, 23.545830438000223], [81.58933235600017, 23.553939825000157], [81.57757115400011, 23.583527145000062], [81.61331287700006, 23.59909037300008], [81.6240942120001, 23.663509108000255], [81.6516939230001, 23.662005529000112], [81.69611235200011, 23.73069966600019], [81.68396523800016, 23.76508073700012], [81.64684147100007, 23.78013183000013], [81.64463735600003, 23.82105633900005], [81.60313148100016, 23.858734927000114], [81.61650895800028, 23.877598900000123], [81.60176680600011, 23.89230108400011], [81.66664257600019, 23.931916536000188], [81.7083132050002, 23.871264128000178], [81.73179305100012, 23.867474359000255], [81.72973935500005, 23.849055990000124], [81.81748925600027, 23.816963964000138], [81.90729688300001, 23.85261427200021], [81.93337983200013, 23.881281532000173], [82.0367820250001, 23.856932981000227], [82.04231316400006, 23.83301082300011], [82.08717700900019, 23.820960596000248], [82.1527910500003, 23.82176861200014], [82.21401897100003, 23.851148786000124], [82.20973580800012, 23.832797396000103], [82.23914568900017, 23.809327278000126], [82.26508947000013, 23.819508343000052], [82.34452923500004, 23.803110446000176], [82.47498845100029, 23.804628144000162], [82.50433676400019, 23.785733613000104], [82.55594079200029, 23.794462033000173], [82.54561733200018, 23.82207969400008], [82.55828945500019, 23.830547572000114], [82.58924744600006, 23.822509564000143], [82.64321778500027, 23.841482310000174], [82.67139788700007, 23.868692951000185], [82.65506605200011, 23.891123543000162], [82.6664441740001, 23.904886015000216], [82.70807509600013, 23.922764270000187], [82.75115780900029, 23.917601395000133], [82.81128663100014, 23.960343359000092], [82.84804410500016, 23.948968438000122], [82.94288042700026, 23.871152810000183], [83.02596146800016, 23.878479098000128], [83.08019664500029, 23.866241288000253], [83.13556493700025, 23.881293583000172], [83.14876556600029, 23.90328160000024], [83.1993019620001, 23.920431310000254], [83.23710113400017, 24.006880614000067], [83.27193762000007, 24.012860861000092], [83.29839882500005, 24.075041892000172], [83.32449320200021, 24.101414681000108]]]}, "properties": {"pc11_s_id": "22", "s_name": "Chhattisgarh"}}, {"type": "Feature", "geometry": {"type": "MultiPolygon", "coordinates": [[[[74.17871640000033, 22.391096310000307], [74.15945964000042, 22.411158930000283], [74.16629816219978, 22.421345603490124], [74.18016792000032, 22.420294650000358], [74.17871640000033, 22.391096310000307]]], [[[78.36435693500016, 26.867697551000276], [78.39521769400017, 26.82307904000038], [78.43522260100019, 26.827648091000356], [78.46105845500034, 26.78821203900037], [78.5232472360002, 26.784812150000334], [78.58028320400035, 26.753171404000398], [78.73025093900026, 26.800361983000244], [78.73288108100024, 26.783089516000302], [78.75884775300023, 26.79105057700025], [78.77676974700023, 26.76698572700019], [78.82521253000016, 26.768906582000227], [78.86993270700026, 26.705372788000204], [78.93153385000033, 26.710702567000396], [78.96717540300028, 26.690733883000348], [78.95367700900022, 26.6548527300003], [79.01282224100026, 26.670476333000238], [79.00308516800027, 26.636622325000303], [79.02261600700024, 26.59458366800021], [78.98495744200017, 26.585521679000294], [78.97990938972475, 26.57166322815084], [78.99723049800042, 26.57885480500022], [79.01589586500035, 26.541083251000316], [79.03648403400024, 26.541782530000205], [79.07645301700012, 26.495105833000196], [79.06641926700019, 26.454156535000266], [79.07749531389942, 26.441661669190523], [79.1420931320003, 26.441035073000307], [79.13268888900029, 26.41089718900031], [79.10072294750029, 26.403199634000316], [79.09028387600029, 26.359063284000115], [79.13171160700028, 26.34649191400024], [79.13723011200028, 26.315179630000216], [79.10660640400022, 26.313253551000287], [79.09453501800027, 26.27239793000024], [79.08193863400027, 26.280595740000138], [79.04787939550016, 26.255140466500222], [79.07267830400019, 26.24360581800022], [79.06503840200025, 26.226450902000295], [79.03822794400025, 26.220723472000145], [79.02505564900025, 26.239871330000312], [78.99454855800025, 26.231543583000246], [79.02778639400054, 26.20120551300073], [78.98083001500015, 26.18110146900034], [78.9983279760001, 26.14738048700019], [78.96524692233356, 26.145589727000356], [78.94768134900028, 26.127374349000263], [79.00408760000028, 26.08928260100015], [78.9412975050002, 26.0303785170002], [78.94652818700047, 26.000541309000255], [78.92551180200013, 25.98127609050033], [78.92687133900029, 25.947058774000254], [78.87280711600027, 25.90820693000012], [78.88788220700019, 25.894459496000252], [78.88197620900019, 25.874757023000313], [78.8467394240003, 25.857425199000318], [78.8445750600003, 25.83915085100034], [78.86570266700033, 25.831167036000295], [78.86415143200037, 25.802772411000205], [78.84349197500029, 25.796267024000315], [78.8376525490001, 25.8187719620002], [78.81507472600015, 25.826829689000135], [78.80064168700028, 25.812694301000306], [78.82531405100025, 25.80883245000024], [78.82120713100028, 25.797040207000236], [78.80213759700024, 25.799494702000175], [78.75414135900024, 25.750392805000274], [78.81319092800021, 25.67847149200037], [78.80924281300031, 25.621167291000347], [78.71072069000019, 25.602992961000098], [78.64545178700018, 25.5561443590002], [78.61774362400024, 25.561416582000277], [78.61280610500017, 25.578276541000207], [78.5748136380002, 25.554979185000263], [78.47513679200034, 25.566132157000254], [78.45847121400027, 25.53716613400013], [78.43648921300019, 25.553572427000233], [78.4140557014224, 25.52466742767848], [78.4274006070001, 25.471632393000277], [78.38132727700025, 25.438193406000096], [78.35781731400021, 25.45091147600027], [78.34194123600025, 25.395247438000354], [78.30045527400029, 25.363670785000295], [78.3323686510002, 25.35387106900015], [78.34573458838071, 25.33221589464813], [78.31670256257348, 25.31263198617745], [78.36138776433415, 25.29626195612468], [78.37844226120154, 25.26406111692728], [78.36964028786929, 25.24787659093215], [78.4166129035629, 25.220463845730194], [78.39802334100023, 25.212263286000223], [78.40056333400031, 25.19430043700021], [78.46193723000016, 25.165349780000327], [78.4329350920002, 25.155987671000275], [78.44906595700019, 25.124562136000407], [78.41409367900025, 25.130239397000196], [78.38811028100031, 25.1039309760003], [78.34711681900029, 25.092159276000245], [78.34937771000023, 25.013067443000352], [78.18731988300021, 24.888726565000297], [78.17596409800024, 24.86378346300029], [78.22878315900022, 24.799488251000298], [78.2293310620002, 24.75397838400022], [78.27843563000022, 24.670494083000335], [78.27173757400027, 24.554500038000185], [78.23418096600034, 24.51782094100031], [78.25502853400025, 24.507464187000153], [78.2559089410002, 24.484704289000263], [78.2819112150001, 24.47750522600029], [78.2748910550003, 24.452712196000277], [78.37601056900013, 24.40176100200017], [78.3350786440003, 24.3387742930002], [78.39190191100016, 24.286015483000313], [78.43658527000025, 24.303476699000157], [78.44951999600022, 24.33070817500021], [78.48224133900032, 24.348939296000253], [78.4972417110003, 24.392684058000384], [78.5190303790003, 24.39843328300026], [78.59068668300023, 24.361332784000183], [78.63655041400023, 24.318734222000217], [78.63418333600015, 24.29911147200022], [78.67043115200028, 24.281679217000203], [78.6770195020004, 24.25765928300018], [78.71459045300014, 24.243818244000238], [78.7425230910003, 24.268210060000115], [78.75754964500015, 24.250185411000302], [78.77490604700023, 24.276594343000284], [78.77541838700012, 24.239963011000214], [78.8054813730003, 24.180924238000387], [78.8216052690002, 24.18762300600025], [78.82288487300019, 24.213294436000297], [78.83637337400023, 24.205097557000215], [78.89111775800029, 24.225469925000255], [78.8946634040002, 24.257441535000282], [78.92557823300024, 24.289298255000347], [78.92079980700026, 24.307368797000322], [78.97923978700021, 24.363758515000256], [78.99391959900015, 24.449046390000376], [78.95008954200034, 24.45202109200045], [78.91954148400015, 24.472800405000328], [78.9266965220001, 24.50953491300038], [78.94189619800028, 24.489785257000392], [78.97357832000029, 24.502908379000473], [78.95226859300021, 24.512199666000356], [78.95304575600034, 24.562462861000427], [78.88916907700025, 24.643612447000294], [78.79167028300031, 24.59694049800038], [78.75812886700027, 24.609081626000204], [78.74645619600017, 24.656555051000396], [78.77921173200019, 24.70608734300032], [78.77176774400016, 24.78818023400038], [78.78956675600023, 24.812011977000395], [78.77135016900036, 24.858243669000387], [78.68249646900017, 24.8960724570004], [78.66362639600021, 24.93919742800034], [78.63198074800016, 24.96054203500023], [78.6505614800003, 25.049065886000392], [78.63330242000029, 25.08326081600029], [78.60449207700009, 25.09296764000021], [78.59932520200027, 25.159173525000256], [78.56874048400027, 25.219323464000183], [78.55731656000023, 25.210655936000308], [78.57574400600026, 25.251622931000213], [78.53415752900031, 25.265541019000352], [78.53088231600026, 25.279618724000272], [78.51147418400029, 25.273898330000236], [78.5060662380003, 25.288665822000098], [78.45594798600018, 25.266934807000382], [78.4373558920002, 25.286085294000316], [78.44884489300023, 25.30165274500041], [78.47648162500036, 25.289519799000345], [78.49685465600015, 25.318645819000267], [78.50841194900028, 25.29431895000033], [78.54958047700023, 25.316693718000295], [78.52593767200028, 25.351012497000283], [78.57728766100018, 25.342446252000343], [78.58384071900025, 25.36722411100027], [78.55850665300022, 25.37568318800021], [78.56127010600034, 25.38857819800029], [78.58630491300022, 25.382050771000138], [78.6048079550003, 25.412841176000143], [78.63145005200033, 25.398838221000346], [78.63644624500023, 25.431157945000393], [78.65469933600036, 25.440401192000365], [78.69155721600015, 25.442302804000292], [78.70642116600021, 25.425125499000217], [78.67284705900028, 25.398259884000197], [78.65570904300029, 25.408999045000314], [78.65475640200026, 25.38053385500018], [78.71079329800034, 25.372865021000166], [78.72294172600022, 25.344581499000356], [78.77014000900022, 25.355818190000264], [78.75362811800028, 25.38822354000024], [78.76469678200021, 25.399770968000155], [78.74289861300025, 25.39449843600022], [78.7437653580003, 25.41166917700025], [78.81484876100018, 25.425240375000328], [78.79052322800015, 25.43951424900024], [78.75542434400023, 25.430666414000314], [78.72680950300025, 25.461105610000175], [78.73264667700022, 25.49721486400017], [78.75912131100034, 25.47155793500019], [78.78709893700028, 25.48597621600021], [78.80799554200024, 25.474581141000215], [78.80216514500017, 25.455700936000255], [78.81516240200028, 25.469671490000337], [78.83192118900018, 25.46303957300023], [78.84577146500021, 25.449884362000205], [78.81515279100029, 25.43944453800026], [78.8353192590003, 25.42941976400016], [78.85928299000022, 25.463092665000147], [78.82648917100016, 25.505891818000293], [78.8755421220003, 25.521153234000224], [78.86805852800035, 25.543567921000204], [78.88766099000026, 25.558466481000323], [78.91456932200015, 25.540160656000296], [78.92724432700021, 25.558450330000312], [78.94147084700035, 25.552861454000265], [78.9419880760002, 25.536581675000377], [78.91275122600035, 25.520863103000295], [78.93301660700018, 25.476221431000226], [78.90215814000015, 25.44576655800023], [78.92984279800021, 25.42764360500024], [78.94407175500021, 25.44358345700033], [78.96127408600023, 25.43866151700024], [78.9791208480002, 25.379788268000254], [78.95363306000024, 25.376921571000253], [78.92937731500035, 25.35176107700039], [78.89083970000019, 25.376430317000313], [78.93098496700031, 25.37961052600025], [78.94750497000018, 25.403188527000225], [78.8733866820001, 25.389037049000308], [78.83827967500031, 25.349716943000203], [78.84339858300035, 25.331765958000233], [78.78379246500026, 25.29903694900014], [78.82214155600025, 25.304586627000333], [78.8059640200002, 25.271611007000217], [78.84318423700023, 25.23170556500031], [78.87451459100026, 25.286560777000147], [78.85784594100028, 25.31681641700027], [78.87733824600019, 25.34616458700026], [78.9045415090003, 25.3350258400003], [78.92542281200025, 25.34538460700037], [78.9252645600003, 25.32885340300021], [78.95463370700014, 25.348319111000137], [78.95421039600024, 25.307762441000193], [78.97347350800015, 25.283377865000205], [78.94606330500017, 25.283625639000263], [78.95010452200034, 25.267725766000353], [78.93730863100018, 25.26413882900033], [78.91188186500011, 25.277277565000304], [78.89557251200029, 25.246960198000295], [78.87708599500024, 25.25575881100025], [78.86699294600027, 25.236548525000273], [78.88245633200023, 25.218309118000263], [78.86697120600024, 25.183796966000216], [78.88258022600013, 25.15163250700033], [78.93560998300018, 25.21842149800017], [78.9648225230003, 25.223190345000262], [78.99818855217774, 25.20406449635874], [78.99439865400024, 25.23851821800031], [78.97243171600024, 25.252629551000155], [79.00604149100019, 25.278996234000317], [79.01551526800023, 25.24976872200034], [79.05522210300029, 25.226953115000242], [79.0521492130004, 25.198674775000256], [79.04479269300015, 25.21295396500028], [79.0271609480003, 25.191400921000252], [79.0268086390002, 25.148938108000266], [79.05743346039583, 25.15270927147776], [79.08209481600022, 25.198635031000208], [79.11782280100022, 25.171064309000144], [79.1196347730002, 25.121104749000267], [79.16471060500015, 25.121811679000302], [79.17661499300016, 25.135613098000306], [79.16636769400026, 25.150502697000263], [79.1816381890003, 25.157521246000215], [79.20448021300018, 25.12586641900026], [79.2320702071276, 25.126672787503423], [79.23774615300016, 25.15165735900024], [79.2144323720002, 25.157931961000372], [79.23000315800016, 25.171386158000416], [79.25018283300034, 25.1667675890003], [79.25259540800022, 25.139608177000355], [79.26862373100022, 25.136705000000234], [79.30453642000026, 25.17448406700032], [79.29714291600033, 25.203602750000414], [79.27679953300026, 25.203940270000317], [79.27535705200023, 25.248994495000318], [79.33161237800022, 25.206584908000423], [79.34355158100033, 25.22121186100037], [79.3285929780003, 25.23157256900032], [79.34821312100019, 25.269802377000303], [79.31672163100012, 25.258958330000212], [79.29168675100016, 25.28239816200039], [79.27181589300022, 25.258705267000323], [79.26063442700018, 25.271488554000314], [79.27018797800025, 25.31592601800037], [79.29534019100026, 25.345277665000197], [79.34200282900025, 25.336688076000314], [79.32887168400026, 25.299214481000263], [79.35420534400032, 25.27189586400044], [79.36668885200021, 25.273413699000344], [79.36322884300023, 25.298221917000205], [79.3997703310003, 25.285470655000324], [79.39859438800028, 25.267927168000313], [79.4397422090002, 25.271989107000422], [79.45088142900028, 25.296757683000408], [79.48616551700025, 25.277443189000337], [79.45460248700016, 25.27536407100041], [79.42102051400025, 25.236388122000278], [79.43746983500029, 25.230889200000377], [79.43427732200036, 25.218302376000395], [79.40258719500031, 25.215529044000448], [79.38146255000032, 25.189915212000358], [79.37286333500015, 25.165391003000423], [79.39303393600028, 25.1262570100003], [79.41492865800029, 25.140542044000256], [79.40468474800025, 25.15247756700029], [79.42822262000033, 25.14708408600029], [79.42789488700015, 25.120595892000324], [79.46429759500029, 25.144415970000352], [79.45077546300024, 25.107212681000476], [79.47864202900035, 25.09823756900039], [79.51378496500024, 25.112755220000338], [79.5062544440002, 25.14631418800036], [79.5605345810003, 25.185087651000345], [79.57944773200029, 25.162179128000332], [79.60093561600024, 25.162750923000317], [79.60110272500032, 25.14405544600038], [79.61449050700026, 25.15565823100036], [79.66261857900037, 25.137891811000316], [79.67437446600024, 25.15049065500034], [79.75085312200036, 25.155267583000352], [79.85627863700023, 25.098808176000432], [79.85120143700027, 25.144037019000336], [79.8800629890003, 25.154196444000263], [79.86547030600019, 25.16501236600044], [79.85041043400025, 25.2481044470004], [79.87828321178972, 25.263955487514693], [79.9091520800003, 25.25977268000031], [79.91934860800018, 25.236493006000387], [79.94955093500022, 25.270411868000394], [80.00665533500035, 25.268944414000146], [80.03289899800023, 25.34269597700029], [80.07763215350036, 25.340827246000345], [80.0922509580003, 25.357850532000157], [80.134531857985, 25.33698664324612], [80.16664316900034, 25.3755061530004], [80.19292155500023, 25.37745273200028], [80.19829879900016, 25.412056170000255], [80.24988944100016, 25.40037148200031], [80.25898021100028, 25.420317706000276], [80.27786842200015, 25.41945190700028], [80.31895638800034, 25.370412167000268], [80.31230126900027, 25.28791349000022], [80.35426760600029, 25.278920472000266], [80.38273930800023, 25.240180711000278], [80.40239460700036, 25.245706545000417], [80.43738483900017, 25.182738849000316], [80.36130700600023, 25.14391399900029], [80.38446796000028, 25.121067539000194], [80.36356141900018, 25.100716639000325], [80.36586767800031, 25.06762350400021], [80.29300018100042, 25.06110088800034], [80.28758498201626, 25.03700825300291], [80.3348748860003, 25.00078459500014], [80.37116779000024, 25.027509125000336], [80.40155739600027, 25.01276991400016], [80.38038955500025, 25.064201127000274], [80.45418558400019, 25.084415616000285], [80.47326497258581, 25.044976279351886], [80.50225521100032, 25.038542966000307], [80.49274413300026, 25.02853970600023], [80.45406754500027, 25.042582753000147], [80.43703664300011, 25.029076236000208], [80.45982709600031, 24.97305252000018], [80.49403856800018, 25.000867048000316], [80.54643889000027, 25.002468291000184], [80.54544642700029, 25.030732276000265], [80.50488460600036, 25.043269131000272], [80.51321242800014, 25.068385974000194], [80.50175232400017, 25.079234533000317], [80.55990935300025, 25.06817861200028], [80.57280109600026, 25.086039549000247], [80.61386501900017, 25.073189260000277], [80.59970484900026, 25.09675746000022], [80.60709077200022, 25.15340293500026], [80.64591617900021, 25.12306242800031], [80.61645333900032, 25.10002842200032], [80.66407829300016, 25.090825971000356], [80.66802769200035, 25.076523747000238], [80.68774410700019, 25.085992370000213], [80.68956175400018, 25.057044673000178], [80.72959337600025, 25.071875369000168], [80.79148568900024, 25.06446722200019], [80.76142729800023, 25.099828626000317], [80.73169014700028, 25.098125717000357], [80.73883477000015, 25.124513951000267], [80.71673998500017, 25.13255518200026], [80.73950105300031, 25.146196382000255], [80.75313485300023, 25.134603425000194], [80.81605627400029, 25.14242969200012], [80.84700115400022, 25.11114861200025], [80.84794269700024, 25.187177955000266], [80.88985667800017, 25.193021547000228], [80.9148877750003, 25.158280405000255], [80.8809140700003, 25.121038038000336], [80.89096546800022, 25.071036975000254], [80.84218750400038, 25.03741490200025], [80.86537717900023, 25.002652343000136], [80.83318642700021, 24.974465416000214], [80.80264613000026, 24.97068372200016], [80.8224025030002, 24.925201658000333], [80.91437412200031, 24.943283145000237], [80.9121327060003, 24.955910836000328], [80.95759931000026, 24.97020377300015], [80.96869863000023, 24.925051173000213], [81.01039702400016, 24.94279737100021], [81.03110078300034, 24.93413492200017], [81.02547979600024, 24.956044765000456], [81.09154700900018, 24.953745017000244], [81.15009610500027, 24.89667288300035], [81.18136163400021, 24.96119636900039], [81.21586752900015, 24.9350996940002], [81.20881609500026, 24.934680513000444], [81.20446065700031, 24.92667807900034], [81.22953246500032, 24.938545449000287], [81.2162134119884, 24.967439105919425], [81.22763270200028, 24.98168724900046], [81.20579648700016, 24.996374356000388], [81.23122134600021, 25.002486868000403], [81.27220554900026, 25.055323187000226], [81.26490041000022, 25.108279639000273], [81.28357019900017, 25.16346947400018], [81.31811175300015, 25.159674485000153], [81.32993001300031, 25.112650605000283], [81.32659773200021, 25.159858117000397], [81.35974127100025, 25.161208011000156], [81.40611737700016, 25.11843907200023], [81.43442132000018, 25.130308998000203], [81.45294314200021, 25.111566922000236], [81.41757229200016, 25.102858331000277], [81.4970651961122, 25.074749195132654], [81.52148829900023, 25.10064285100026], [81.48794166600021, 25.132232455000292], [81.5353562870003, 25.13827811600021], [81.54416326300014, 25.155227072000287], [81.5233635680002, 25.177681052000253], [81.58863429600024, 25.189627079000218], [81.60383699000027, 25.1808956400003], [81.59929460500024, 25.16443052500034], [81.63530874100019, 25.154379893000282], [81.60777057800016, 25.120991814000263], [81.62115681800032, 25.09976973600027], [81.64087759100022, 25.115239778000216], [81.64908362400013, 25.096479053000223], [81.61040797900029, 25.073236963000227], [81.62621946800016, 25.05317142300015], [81.66957170000018, 25.07134282300035], [81.70152888800021, 25.03636014800037], [81.74332244100009, 25.04412127200021], [81.7974136380002, 25.004654021000192], [81.83996986600022, 25.016157415000237], [81.89879970700031, 24.98828776100021], [81.90581600900015, 25.009314996000114], [81.91614004300015, 25.00410212000014], [81.92725967200028, 24.922468862000358], [81.9131665910001, 24.891785374000335], [81.97229550700024, 24.830590601000324], [82.03562580600021, 24.839473313000383], [82.1082361300002, 24.81102902000032], [82.13592317200022, 24.78283873500044], [82.14525688600014, 24.79643875100021], [82.18499945000025, 24.79109318700023], [82.17239438700028, 24.802141417000428], [82.21199120900025, 24.82167818700043], [82.19282722100019, 24.795917043000202], [82.22378742400025, 24.792782284000282], [82.22251616800037, 24.77516321500042], [82.20086124300036, 24.777298834000476], [82.20998792300037, 24.759359082000458], [82.1866296190002, 24.728972484000337], [82.21323509600023, 24.734547221000355], [82.23032264500017, 24.71838654000038], [82.21921489500033, 24.75107965000035], [82.23706920900025, 24.743023112000287], [82.23354104900017, 24.761783418000334], [82.25204777200031, 24.74484002200029], [82.25636471200028, 24.771032049000382], [82.25592426400021, 24.694650801000307], [82.23677665400027, 24.679369132000204], [82.24734344500035, 24.660284217000253], [82.25706899800042, 24.669956883000282], [82.27166063814906, 24.658324119276642], [82.27664563500025, 24.681308841000202], [82.31410458700026, 24.66077044500031], [82.31473114500022, 24.609489586000223], [82.34585071100025, 24.62295430700027], [82.3736205920003, 24.597033270000225], [82.42473613900017, 24.591928645000223], [82.41795798200025, 24.68726739400023], [82.4402055570003, 24.703253315000154], [82.46212865800027, 24.673942030000262], [82.52883090100022, 24.67316826200016], [82.54179102000023, 24.646348136000256], [82.67345591800034, 24.694849868000347], [82.70421405600013, 24.673896180000213], [82.7061093550002, 24.640085256000248], [82.77673910200019, 24.643123820000312], [82.77584908600028, 24.600697044000356], [82.8076030800002, 24.59672934000031], [82.80986416300033, 24.5498526370003], [82.7600395510002, 24.538106035000226], [82.72523353900016, 24.55168417900012], [82.72033840300031, 24.51327982300029], [82.74693758900025, 24.50101809200015], [82.74245461400011, 24.42889285700022], [82.72165987900024, 24.381403522000312], [82.7733623160002, 24.368871299000148], [82.77988004200017, 24.299584500000265], [82.76705252700026, 24.237757158000193], [82.7424770520002, 24.21471018400024], [82.75061747300026, 24.15940775200039], [82.72917148100021, 24.13498938900034], [82.68286021300037, 24.153632993000315], [82.67306054700026, 24.126335426000423], [82.7213342250003, 24.077908971000454], [82.77765395600022, 24.073158646000422], [82.75854983900041, 24.028025215000582], [82.80363955500042, 24.000147793000224], [82.81128663100043, 23.960343359000376], [82.75115780900018, 23.917601395000418], [82.70807509600019, 23.92276427000047], [82.66644417400016, 23.90488601500033], [82.65506605200022, 23.89112354300022], [82.67139788700035, 23.86869295100024], [82.64321778500033, 23.84148231000046], [82.58924744600034, 23.822509564000427], [82.55828945500025, 23.8305475720004], [82.54561733200029, 23.822079694000536], [82.55594079200034, 23.794462033000457], [82.5043367640003, 23.78573361300039], [82.47498847300034, 23.80462816300036], [82.34452923500015, 23.80311044600029], [82.26508947000025, 23.819508343000336], [82.23914568900028, 23.80932727800041], [82.2097358080004, 23.832797396000387], [82.21401897100014, 23.85114878600035], [82.15279105000019, 23.8217686120002], [82.08717700900024, 23.820960596000305], [82.04231316400018, 23.833010823000393], [82.0367820250002, 23.85693298100034], [81.93199448500025, 23.881305744000315], [81.9072968830003, 23.852614272000324], [81.8181253870003, 23.81691214800054], [81.7297393550001, 23.84905599000041], [81.73179305100024, 23.867474359000312], [81.70831320500031, 23.871264128000462], [81.6666425760003, 23.93191653600047], [81.6013187345456, 23.89177487317511], [81.61650895800034, 23.877598900000237], [81.60313148100028, 23.858734927000228], [81.64463735600015, 23.821056339000336], [81.64684147100019, 23.780131830000414], [81.68396523800021, 23.765080737000403], [81.69609702339017, 23.730756337702246], [81.65169392300038, 23.662005529000396], [81.62409421200039, 23.66350910800037], [81.61331287700034, 23.599090373000365], [81.57757115400022, 23.583527145000346], [81.58933235600028, 23.55393982500027], [81.61277272400031, 23.545830438000337], [81.61398941700014, 23.5080274340001], [81.64181001900027, 23.492406640000297], [81.67303606300021, 23.53658366900021], [81.70942221500025, 23.5256437500002], [81.75287365400015, 23.56996962000028], [81.76903429300035, 23.55266384500021], [81.81862092300031, 23.551304191000327], [81.83996042500024, 23.512264056000163], [81.92878160600026, 23.532394759000397], [81.96003385300031, 23.499957940000343], [81.97901005300031, 23.42581312500033], [82.00814991600038, 23.414427897000337], [82.02799147800022, 23.42416115100042], [82.03135005200028, 23.38503069600023], [82.10716934000021, 23.39690707400041], [82.11876681900031, 23.356863947000193], [82.14287233400023, 23.36011457800032], [82.20244339600026, 23.31994413500024], [82.19583042600021, 23.278836907000198], [82.14922312800024, 23.232390323000345], [82.16015844000015, 23.1471035750003], [82.13014552200019, 23.110131575000253], [82.0722400220003, 23.119758654000236], [82.03849750800015, 23.081730181000296], [81.9735224930003, 23.079010876000268], [81.93548032105917, 23.059969793593098], [81.92870779900028, 23.03273902700022], [81.95226964200032, 22.954633373000263], [81.86915429200013, 22.9113603200002], [81.86349827300018, 22.889296307000222], [81.77874969900017, 22.87504422700033], [81.76809916400032, 22.832463671000255], [81.79831220900019, 22.76878928000025], [81.76077504500029, 22.734748068000215], [81.77974635500044, 22.683766350000326], [81.77191721400038, 22.660017300000277], [81.75808397700041, 22.649038019000386], [81.73476051800037, 22.679475824000406], [81.68548006205555, 22.649748722925608], [81.6479199487469, 22.613033119782926], [81.65858768617312, 22.573505571325256], [81.62879596795989, 22.567552928125394], [81.62672291822838, 22.54896770509589], [81.565255191674, 22.554065063352255], [81.56727720308066, 22.53731814991295], [81.54190808538999, 22.530978949319206], [81.51971682900017, 22.543268105000152], [81.4755738630003, 22.4954083840002], [81.43423996200028, 22.497298892000288], [81.44437005883134, 22.47255658711714], [81.41296454317927, 22.48222957093816], [81.41514578300018, 22.45733121100028], [81.39403405000036, 22.444161575000237], [81.37447126300026, 22.457551633000264], [81.36795347300028, 22.511280510000347], [81.31447405300031, 22.52732828800032], [81.29684164300028, 22.483938473000364], [81.26648967800031, 22.502210818000265], [81.23420296200015, 22.460677542000326], [81.19735658014235, 22.45327139206131], [81.17442297700029, 22.49484725900038], [81.1502105500004, 22.458413779000523], [81.10946764200031, 22.441740625000307], [81.10096296200027, 22.38870860900039], [81.11509360000025, 22.30196065300038], [81.08553532400026, 22.254425124000193], [81.04450207900021, 22.253576261000205], [81.01990338913026, 22.233685757292108], [81.02207394785466, 22.143117124056175], [80.9785521360725, 22.125636916011047], [81.0088556287846, 22.107943704438753], [81.00724131063828, 22.071921591008845], [80.98799646096813, 22.061373870807813], [80.94732166985938, 22.12720749293186], [80.91122841825717, 22.11497693613694], [80.8654819859052, 21.97540432644888], [80.83411838225771, 21.967368818316572], [80.85067788507666, 21.957578335372204], [80.8413529496791, 21.9031677822677], [80.85794261486006, 21.8852733527832], [80.81997015609801, 21.75772696222981], [80.79207979894375, 21.749908989308665], [80.76105707792198, 21.768522432164843], [80.74112102191788, 21.73988249278318], [80.7187602371954, 21.599072188431194], [80.7393933712076, 21.550629199178672], [80.7370353092324, 21.47692740217832], [80.67492126690325, 21.345634578073827], [80.6177520748987, 21.319171904560164], [80.56136322013697, 21.343309401608053], [80.56417083791416, 21.357870101824233], [80.51376046519181, 21.391262837789213], [80.44831848121345, 21.402330398429626], [80.44040679957584, 21.3721008300343], [80.40336608907398, 21.376489639385795], [80.38907623318198, 21.407379150128122], [80.41130828894688, 21.438201904194898], [80.36923217782305, 21.52291107208856], [80.32939199624388, 21.547946531407717], [80.34353611699851, 21.569460155662057], [80.29537200931111, 21.575479506973863], [80.26022338759941, 21.620149611815407], [80.1882171633917, 21.634201050238573], [80.14787292439621, 21.60630035357866], [80.11493682827222, 21.60700988809623], [80.06356811507675, 21.554580688048645], [80.02822875974971, 21.557340621972514], [79.99355316164946, 21.534711838381043], [79.96624755897784, 21.55727005037278], [79.93638610823251, 21.556800841685913], [79.9158172595591, 21.52448081893482], [79.85707855183398, 21.530921936098764], [79.7918167105729, 21.581409453983383], [79.73262023893318, 21.60252952591719], [79.65814208958602, 21.57733154291674], [79.64747619577003, 21.557172775203696], [79.53662109288933, 21.54421806361296], [79.5375595093642, 21.568990707755347], [79.50582122818389, 21.590280533010457], [79.49819183300036, 21.61236953700046], [79.51161956800019, 21.631130219000397], [79.4884693640002, 21.674169901500477], [79.41577911400015, 21.691448212000353], [79.39473724400017, 21.67459106500047], [79.34902191200024, 21.678890228000455], [79.22869110100021, 21.723928452000337], [79.21990203834866, 21.650810242399018], [79.14787140700025, 21.66063591150032], [79.08808898900031, 21.599189758000193], [79.0095520010002, 21.60149955800034], [78.99444580100015, 21.618749618000322], [78.91323852600021, 21.592359543000214], [78.91163635300023, 21.570909500000255], [78.92782592800029, 21.560289383000224], [78.9044265740003, 21.554840088000276], [78.94064331000015, 21.513700485000356], [78.93183136000027, 21.48740005500025], [78.89576721200024, 21.500568390000296], [78.8798522960002, 21.4849700930003], [78.78462219200026, 21.4891395570001], [78.77218627900021, 21.467130661000226], [78.74648284900019, 21.493869781000342], [78.72418975900018, 21.464380264000283], [78.68406677300027, 21.481960297000285], [78.58486938500027, 21.48688125600023], [78.5665283200002, 21.515697480000256], [78.50856018000025, 21.52843284600027], [78.48040008500021, 21.5061206820003], [78.43009948800022, 21.501750946000243], [78.41349792400024, 21.577739716000337], [78.42256164600025, 21.60194969200029], [78.37951660100015, 21.618650437000383], [78.36096191400014, 21.57829856900031], [78.33609426796835, 21.591070163928805], [78.30410766613608, 21.57143020603945], [78.26612090995224, 21.5942802426394], [78.2554092406441, 21.585239411170107], [78.26925659231813, 21.570711136010516], [78.1809463500943, 21.558681487760737], [78.16934204070287, 21.49850082415395], [77.93878173798703, 21.386909484984926], [77.881866455173, 21.377691269436752], [77.79936981196744, 21.412300109962416], [77.79344940226844, 21.390739441272558], [77.74649047875283, 21.384210587149084], [77.73387908964861, 21.364730834560646], [77.70524597162449, 21.359069824413098], [77.69113159234973, 21.397069931033172], [77.66722106979722, 21.371490479003057], [77.6509704589202, 21.393390656154452], [77.60154724101295, 21.39355850202412], [77.60148620595669, 21.365270614962355], [77.56212434900061, 21.378760775000842], [77.55573980500083, 21.404689841000902], [77.52850777100093, 21.41967397500099], [77.51508719900056, 21.382148492000738], [77.4870223987653, 21.377750397163823], [77.46930694605948, 21.456899643204622], [77.43830871627483, 21.47291946376305], [77.41696929969402, 21.533060074263744], [77.45751190215327, 21.55657005316624], [77.56698608434095, 21.529750823642303], [77.60711669927713, 21.54277038624508], [77.57099914529488, 21.5626201630908], [77.57132720988352, 21.62704086304609], [77.54218292170503, 21.701030731783703], [77.47547149561382, 21.771440505575526], [77.40113067634019, 21.756179809950993], [77.28623962386024, 21.76275062464225], [77.28314971968456, 21.724220275945754], [77.2246017446754, 21.71788978618531], [77.20742034897069, 21.694009781227294], [77.17144775401135, 21.727260588805905], [77.1577758789544, 21.713409424006272], [77.07232666074742, 21.72293090803572], [76.90112304700028, 21.60080909800024], [76.8521499640002, 21.615030289000345], [76.83354950000023, 21.593069076000234], [76.79534912100024, 21.59753990200028], [76.78024292000015, 21.56246757500014], [76.78782653796469, 21.540130615236023], [76.76293182434449, 21.522649765075016], [76.79180145327479, 21.489891053029964], [76.78418731709121, 21.46648979227041], [76.74339294492876, 21.44314003028836], [76.73208618073289, 21.408809662136548], [76.62452697803786, 21.335100174134084], [76.66099733605841, 21.2825265222815], [76.65849304162094, 21.247810362958205], [76.64257812518059, 21.24772071763715], [76.62336731035333, 21.19265937822803], [76.55938720715409, 21.205810546719647], [76.5291976927196, 21.189292908241498], [76.48737335219874, 21.196060179833694], [76.45269012451195, 21.114868164063125], [76.41182708730253, 21.107269287082545], [76.37637329119508, 21.077310561833656], [76.28176879919124, 21.075309752843566], [76.2621078493982, 21.094701766673836], [76.17263793859053, 21.084600449252036], [76.11396026605382, 21.164640427014774], [76.1274185179509, 21.1779193882698], [76.16684722911697, 21.17072105363428], [76.17272186332383, 21.188289641654194], [76.16403198242256, 21.224172592163995], [76.14440155029348, 21.23809051513757], [76.15921783503552, 21.25914192236246], [76.09867096029728, 21.37392806982524], [76.05237579400813, 21.352701187210585], [75.96874237100019, 21.3939704900003], [75.88810730000029, 21.399629593000213], [75.83262634200025, 21.38330078100023], [75.73834991500036, 21.39343261800019], [75.67341613700034, 21.38035011300036], [75.60891723600031, 21.395000458000254], [75.54814910900035, 21.372489929000324], [75.46840667700036, 21.39420127900047], [75.3983917240003, 21.382980347000398], [75.36138153100023, 21.403230667000287], [75.3019027710003, 21.389249802000336], [75.29962921100031, 21.415660858000308], [75.21985626200018, 21.410869598000374], [75.1150970460003, 21.459560394000277], [75.05774688700023, 21.564939498000342], [74.90187835700084, 21.630229949852776], [74.86486053488602, 21.63402938764648], [74.83156585700016, 21.610620499000333], [74.78906250000017, 21.610860825000316], [74.66227722200017, 21.653121948000205], [74.58914144500017, 21.658749383000156], [74.5612674490003, 21.67793260400026], [74.55243197980025, 21.718357940000203], [74.51122283900025, 21.726749420000317], [74.51786041200029, 21.763708115000384], [74.50364685000022, 21.807182312000236], [74.52749633800016, 21.90878105200011], [74.4934005740003, 21.954490662000296], [74.44863891600022, 21.9711303710003], [74.43627929700028, 21.99948120100038], [74.45391845700016, 22.002269745000206], [74.44603729300013, 22.026519775000224], [74.38831329400023, 22.020179748000317], [74.35463714600024, 21.979198456000233], [74.30204010000023, 21.967439652000223], [74.28980329750027, 21.93581746750027], [74.2006378170002, 21.92564964300027], [74.14603508100015, 21.95405929600031], [74.14396056000015, 21.995766360000232], [74.09763072000021, 22.01995638000028], [74.17817604000038, 22.091304420000313], [74.13080760000025, 22.107674250000287], [74.13650748000026, 22.161580830000275], [74.12219640000046, 22.210452990000476], [74.07899784000023, 22.220943930000374], [74.08828584000025, 22.240226520000476], [74.06070516000028, 22.293018540000446], [74.07377712000027, 22.354252470000233], [74.10875436000026, 22.370463810000444], [74.13912000000039, 22.33324440000041], [74.18849220000038, 22.32484245000029], [74.22747732000033, 22.38138117000028], [74.28351508100019, 22.400348724000253], [74.2519029600004, 22.437486810000337], [74.20369306802553, 22.440720539011636], [74.2015130400004, 22.476790620000372], [74.17381824000023, 22.43500866000028], [74.1451233600003, 22.453308630000265], [74.1277915200003, 22.423523400000192], [74.11148784000028, 22.4273486700003], [74.10584934200023, 22.462288624500275], [74.0763824400002, 22.470284340000262], [74.09049588000016, 22.490572050000253], [74.08097208000015, 22.50592020000022], [74.03561280000037, 22.491475650000382], [74.04137028000031, 22.54338207000029], [74.05914744000023, 22.55835870000027], [74.15676009600014, 22.527087043500217], [74.15713116000029, 22.546133010000347], [74.21041692000028, 22.57673814000009], [74.26147644000042, 22.647194190000505], [74.38166496000031, 22.645564200000308], [74.40304248000018, 22.726842300000328], [74.44204668000026, 22.79061189000015], [74.4386396400003, 22.8141613800002], [74.46622356000017, 22.81801257000012], [74.47755312000021, 22.854267540000137], [74.45343456000018, 22.923077580000324], [74.41742052000035, 22.924447560000317], [74.3950562400002, 22.905847890000416], [74.33841528000028, 22.95983295000036], [74.35386900000026, 23.002099740000403], [74.31498256350045, 23.067200381000475], [74.39363351400044, 23.115737603000298], [74.45005122300046, 23.090601689000323], [74.52060626948213, 23.100452611049946], [74.53816287200056, 23.10776095200032], [74.53735866400012, 23.133784948000425], [74.59980108300056, 23.145239634000347], [74.66352714000038, 23.202685445000327], [74.7106486179822, 23.198355425799548], [74.73670871300016, 23.21471891200042], [74.74007970700035, 23.233286131000398], [74.68910402200049, 23.22392012200038], [74.71131937103178, 23.240254952661644], [74.6938121990002, 23.27195812400032], [74.62057195800043, 23.26411542800031], [74.61038160500038, 23.28447495900042], [74.57719283000017, 23.28168076600042], [74.56391131200047, 23.296845661000418], [74.5383044675595, 23.28130531921545], [74.50975940000023, 23.329170618000262], [74.53372783700019, 23.336054215000388], [74.53643421100048, 23.366333336000423], [74.56192458305162, 23.373416848283455], [74.56499624800017, 23.42386154100035], [74.59348450546878, 23.42485583844757], [74.59929348500026, 23.459377497000276], [74.6528074720004, 23.4635542350004], [74.69642512400014, 23.504083297000363], [74.72270206900032, 23.496232517000408], [74.73077985022144, 23.518522862456734], [74.75727062800047, 23.519468520000316], [74.7764281700002, 23.545573681000292], [74.79813243700022, 23.536077928000395], [74.84295449500013, 23.551313408000283], [74.88073969400034, 23.606713280000406], [74.93481494500037, 23.630988134000404], [74.89989773400026, 23.684066719000327], [74.9192264100003, 23.695996285000263], [74.9352967590001, 23.76425808900035], [74.92300758800053, 23.796415059000424], [74.90681853000041, 23.797769705000405], [74.9013341330002, 23.872271622000312], [74.9170698140004, 23.933920001000445], [74.9659848800004, 23.97359444400047], [74.98758654200032, 24.03354707000034], [74.92794064300023, 24.092660221000415], [74.90552995700028, 24.16553158800042], [74.87776504300035, 24.198927786000354], [74.91088772400047, 24.229728838000312], [74.89432810500034, 24.253815292000354], [74.866407237889, 24.2693126350934], [74.76571974273367, 24.27115512064472], [74.74159213100046, 24.288837241000408], [74.7720023060001, 24.31138982200042], [74.77771176200037, 24.36500144100046], [74.84640840900028, 24.436418328000343], [74.84402386500034, 24.45282068500046], [74.81747263700044, 24.44899860100037], [74.80586897000023, 24.48258558900045], [74.76290728000038, 24.48008342200046], [74.70431720800013, 24.51222483200047], [74.7410784210004, 24.538408070000457], [74.74721087240289, 24.592240536199313], [74.78586012400041, 24.606224688000452], [74.78057973480094, 24.63530086146102], [74.81289661943828, 24.671325477924427], [74.81234644200043, 24.685102462000316], [74.77472859800042, 24.68082770500041], [74.78052694500013, 24.748560180000254], [74.80216575400021, 24.756886053000358], [74.79796893300016, 24.796778098000345], [74.88421813900032, 24.65268773700035], [74.94056615389991, 24.65514343090797], [74.95971126700027, 24.69324777700041], [74.99757214400034, 24.702263849000303], [74.99346032200015, 24.744263463000323], [75.01066258600025, 24.752715158000342], [75.00256402100013, 24.78808572800034], [74.9110386890004, 24.786464688000194], [74.86917108500035, 24.813275730000385], [74.84457345800024, 24.794761758000277], [74.83687901800039, 24.812164090000408], [74.85884591600023, 24.819866369000295], [74.86036974600017, 24.83877110100036], [74.84149701100034, 24.89656239100026], [74.82500051000045, 24.90273451300044], [74.83428365400044, 24.968026526000358], [74.85897865200019, 24.971166449000407], [74.87075251100049, 24.933265359000416], [74.90397169200037, 24.936046566000243], [74.91529026500046, 24.898183905000167], [74.94845043500044, 24.89003495700041], [74.94627831072017, 24.87453952483827], [75.03301883000012, 24.85607255000042], [75.07446519200016, 24.889153926000404], [75.11438265212558, 24.887689682282485], [75.11422807400015, 24.972474448000185], [75.16872508900025, 25.007527716000425], [75.15049159600017, 25.02910710800046], [75.17030184400039, 25.045453021000355], [75.19452390000026, 25.03259221800033], [75.3343852450003, 25.03876856100044], [75.34919087902398, 25.017831371140176], [75.31100372600025, 24.999742739000453], [75.33265062946998, 24.95661835850774], [75.30497958700016, 24.890330822000237], [75.27454321800047, 24.972913634000463], [75.26433440400041, 24.952024168000435], [75.28765847753095, 24.913698420717992], [75.26167660700037, 24.907157021000273], [75.25668987200032, 24.8829976170004], [75.28726519800023, 24.86291952600027], [75.30772117000026, 24.86546540200044], [75.3126091000002, 24.88196857400044], [75.36365173100029, 24.87548718600044], [75.40629351700011, 24.89111410900017], [75.41494789800055, 24.8775465370004], [75.39065336700048, 24.851698695000096], [75.29859563800017, 24.811603889000196], [75.26732274900053, 24.848618466000403], [75.22380922978351, 24.853516269702595], [75.24445000000043, 24.887250533000383], [75.21736238700055, 24.882044538000173], [75.20600980800026, 24.89896025800033], [75.20283328900047, 24.86557169700029], [75.24561785800046, 24.83240842800035], [75.23739621000033, 24.814156995000417], [75.20515126900023, 24.811803509000356], [75.17696160000042, 24.762283139000203], [75.20965753500036, 24.715016137000475], [75.22142322300027, 24.729985906000366], [75.2586262330002, 24.725810855000475], [75.4499165010003, 24.681457984000417], [75.51922269400052, 24.711917707000453], [75.56795423900019, 24.70863047900042], [75.60943975600037, 24.67503749400032], [75.65231794300047, 24.6861089610004], [75.67807262500031, 24.722261196000318], [75.75091624500044, 24.757377680000275], [75.79554366300022, 24.751469129000384], [75.82682156600043, 24.72650659700031], [75.8227040140003, 24.66351659900033], [75.84265768100039, 24.64166022900025], [75.81997403300028, 24.60725942400046], [75.83069850500016, 24.58994757900041], [75.84186509600045, 24.60530445600034], [75.86294989700036, 24.600571069000466], [75.87562605000039, 24.57533652700033], [75.90594570500019, 24.56560451400037], [75.89788458700042, 24.54049419700027], [75.91611606700042, 24.520279827000365], [75.88433649900031, 24.50321137500049], [75.90506985000047, 24.480244738000465], [75.90222248600043, 24.447663687000443], [75.84605468132537, 24.421156544751284], [75.78725953200058, 24.460243226000387], [75.7241156170005, 24.374143118000518], [75.75776415487974, 24.297269649100713], [75.80218041100028, 24.296710964000397], [75.80366332800014, 24.24338089500037], [75.82014646800025, 24.234412897000368], [75.76669281800025, 24.207289526000523], [75.74047200700028, 24.14742917900037], [75.78166496900013, 24.098022199000525], [75.79706361344324, 24.10288286702064], [75.80753236100026, 24.086992384000325], [75.8271069390002, 24.097032496000452], [75.82730935000029, 24.06569579400042], [75.77346288414049, 24.043696622715743], [75.75647806500018, 23.992171745000405], [75.70320312000013, 23.957671288000313], [75.66805296500013, 24.009916887000315], [75.58077599900042, 23.98413928500031], [75.51723556900038, 24.022714432000384], [75.47322896400033, 23.9736141070004], [75.46535309300015, 23.934351727000433], [75.46434591907865, 23.909016169844563], [75.56198611400032, 23.85738026600046], [75.57910633200038, 23.833015835000253], [75.55984138500037, 23.826332909000314], [75.56867936900034, 23.806362621000346], [75.6543906130002, 23.79634599900038], [75.68702364000046, 23.752989366000293], [75.69823264000047, 23.784052675000396], [75.68894342400029, 23.812576698000328], [75.7135900000003, 23.809299257000475], [75.73054172900021, 23.849761626000372], [75.69983902918585, 23.867622500831203], [75.70097377600024, 23.894506376000436], [75.75259143400041, 23.8814366670004], [75.77085984800044, 23.84561694000041], [75.85293243200027, 23.889037318000362], [75.8738636500002, 23.879947249000452], [75.92351920100043, 23.896562777000327], [75.97324379400021, 23.94064979100034], [75.95607784300017, 24.02743082300043], [76.00094836300019, 24.03045154800037], [76.0378323140003, 24.073816526000314], [76.12335437600012, 24.09460224600025], [76.11347977400021, 24.175642674000358], [76.1474116100004, 24.23654861100033], [76.13644072400035, 24.278680173000396], [76.18098714598761, 24.329205666028884], [76.20149073400029, 24.30429904400046], [76.2061388910002, 24.219508176000375], [76.28100396200051, 24.213845837000406], [76.32057570900042, 24.249603855000316], [76.39754693695869, 24.224011798930235], [76.41069531800042, 24.206645563000393], [76.41661865700013, 24.22698302800029], [76.45192481300018, 24.213133368000342], [76.46673649400043, 24.231693512000334], [76.50544693595282, 24.20672111997692], [76.52002047400009, 24.163765531000422], [76.57458215597154, 24.184540863829795], [76.56170842200038, 24.207424113000343], [76.5908846600002, 24.231588610000358], [76.58425139800045, 24.253089575000445], [76.60554428918186, 24.248599489626315], [76.61282370300029, 24.268377901000463], [76.66302696700029, 24.272447894000322], [76.69108181600012, 24.29400340800038], [76.69847291000025, 24.25109777300031], [76.6745978220003, 24.202495376000286], [76.69591831600042, 24.178876701000377], [76.7638243210003, 24.17074320600034], [76.80069864000046, 24.124500592000345], [76.87215632300024, 24.143163420000292], [76.89962505400024, 24.126939344000334], [76.91646162700039, 24.193702509000275], [76.93513284200026, 24.19235164800034], [76.94596767900049, 24.21379452900038], [76.88739958500025, 24.257324505000327], [76.84302249200044, 24.336157557000433], [76.83596446000035, 24.369080408000343], [76.85158591600043, 24.39485531200046], [76.84007968240445, 24.419730866032523], [76.8556472560004, 24.465256670000258], [76.81984825500035, 24.532957563000366], [76.86034986500033, 24.547584786000357], [76.88634127444499, 24.523875174753925], [76.9163811960002, 24.544087381000395], [76.92514712800022, 24.484520485000303], [76.9776870939674, 24.470886949228202], [77.03166687600032, 24.50615384600036], [77.0314306000003, 24.52464070400032], [77.0656715570002, 24.553708043000256], [77.06632868400033, 24.627281902000334], [77.03473640800041, 24.707901047000462], [76.9614129620004, 24.75096958100039], [76.90988203700027, 24.726046562000363], [76.85748862500043, 24.73837338600015], [76.80607318100027, 24.81504320400029], [76.82829889400028, 24.832234627000446], [76.89803656300018, 24.831179516000304], [76.94273967700019, 24.857345988000304], [76.91430123505415, 24.88095199552481], [76.91852155100048, 24.903296223000382], [76.86521412200022, 24.94680351600033], [76.85105648000047, 24.995189231000268], [76.87062695300034, 25.001956754000446], [76.87911662400052, 25.033227609000278], [76.99959046000032, 25.06720726700047], [77.08105864100042, 25.056840464000288], [77.16159782000034, 25.092139950000444], [77.17551419200032, 25.113270636000323], [77.27644982900017, 25.11960129200014], [77.31713339000038, 25.08748076700033], [77.36227505300036, 25.09962622800026], [77.38961326000026, 25.122778578000464], [77.39640628000046, 25.186036962000287], [77.41993385300032, 25.191060361000325], [77.40757842900035, 25.225227395000275], [77.35022906600017, 25.269760855000243], [77.37132667600014, 25.291719913000293], [77.3697718850002, 25.323237074000474], [77.33160513200033, 25.32809336700035], [77.36163016300014, 25.36384753200042], [77.34625348200018, 25.396963995000363], [77.36828407100035, 25.41064964500032], [77.31824715900046, 25.431339727000307], [77.28679277100042, 25.421193359000313], [77.2299912970002, 25.3780567430004], [77.22626444500037, 25.337884225000437], [77.21632870803404, 25.324311213786075], [77.20018885900043, 25.331012971000348], [77.19947015500014, 25.312155467000423], [77.08328046400027, 25.338085835000413], [77.0656499620003, 25.320222863000367], [77.04192750000033, 25.32365057200036], [77.02851515800012, 25.295986047000326], [76.96075084000034, 25.296846077000282], [76.92886893700023, 25.2792887880002], [76.89702889900047, 25.32318118000029], [76.85321015300025, 25.33402043100034], [76.74003487700048, 25.314738665000448], [76.74544847100026, 25.336331764000136], [76.7229825670002, 25.35094125900025], [76.65920928000048, 25.345995832000426], [76.6243528000004, 25.38314913900041], [76.61378738700046, 25.37360101500036], [76.5886935650002, 25.3892066490003], [76.5039769740003, 25.52417333300042], [76.49200888700028, 25.664995427000463], [76.46645517800027, 25.68119518900039], [76.4625554600002, 25.705216583000208], [76.51448547400025, 25.727883331000328], [76.51007477700045, 25.781682098000374], [76.59344007100032, 25.867463920000375], [76.62058737720315, 25.868161469613483], [76.65518308100019, 25.907639023000343], [76.70468631200026, 25.896587671000418], [76.74599818800033, 25.919178965000185], [76.74144361700036, 25.935567540000363], [76.77980008300017, 25.938437811000426], [76.81080421500042, 26.005393995000304], [76.90445511900032, 26.09769988700009], [76.99503047200017, 26.12965913000039], [77.0389642110004, 26.17204444000032], [77.10560771300015, 26.182961424000325], [77.13774734100019, 26.234067688000437], [77.21013884400048, 26.235703786000443], [77.29774149900038, 26.294986570000276], [77.3513033770003, 26.358272876000456], [77.44923345500041, 26.368424177000463], [77.44322553200044, 26.401086610000277], [77.53635897700036, 26.41550754100041], [77.66866752100015, 26.49744105600041], [77.72485792200035, 26.500034288000393], [77.74684704000038, 26.53500975600042], [77.82373539700023, 26.546076338000205], [77.83208794800044, 26.595378476000405], [77.89376256600048, 26.60812948800026], [77.90406962500015, 26.65373738400018], [77.96445685400039, 26.6594204740004], [77.99349444700016, 26.69230746000045], [78.08732759700058, 26.672397994000505], [78.08765655900044, 26.72341346400043], [78.1213995210004, 26.74507121200037], [78.10474942500036, 26.765729508000447], [78.1156098520002, 26.797130302000483], [78.17656179308301, 26.778569890391054], [78.17658069300052, 26.827838813000312], [78.26611506500018, 26.81903532600046], [78.27693323200026, 26.84525166200035], [78.36435693500016, 26.867697551000276]], [[79.38401976900025, 25.04270076000023], [79.41248603900027, 25.05048491400038], [79.41241603500015, 25.071700222000345], [79.39325031900012, 25.080970688000377], [79.35031547079006, 25.162433889495617], [79.34244006700021, 25.135010414000362], [79.36304187500019, 25.118703203000337], [79.36836976100034, 25.079543922000425], [79.3391887718517, 25.082259509882476], [79.34079029400021, 25.051284526375298], [79.35293866800032, 25.068976082000347], [79.38401976900025, 25.04270076000023]], [[79.30489303700023, 25.179177036000397], [79.31889852800037, 25.179344997000328], [79.31902277000034, 25.19889928500038], [79.30489303700023, 25.179177036000397]], [[79.34795482739145, 25.187973119110268], [79.36361246058556, 25.19657620423652], [79.35376839300028, 25.2023442560004], [79.34795482739145, 25.187973119110268]]], [[[80.4954141040003, 25.056693670000357], [80.47799042200018, 25.067241368000168], [80.47938869300015, 25.07223642000031], [80.4954141040003, 25.056693670000357]]], [[[80.50519603700025, 25.107386431000293], [80.52430245500017, 25.088032840000267], [80.48493408200022, 25.10477392000024], [80.50519603700025, 25.107386431000293]]], [[[80.45406499900025, 25.1355786350004], [80.45103637500029, 25.124058966000348], [80.44220036300015, 25.13096569000021], [80.45406499900025, 25.1355786350004]]], [[[78.50516418200027, 25.159264702000257], [78.51406020100029, 25.17619631900027], [78.53479684100023, 25.17992691700016], [78.50516418200027, 25.159264702000257]]]]}, "properties": {"pc11_s_id": "23", "s_name": "Madhya Pradesh"}}, {"type": "Feature", "geometry": {"type": "MultiPolygon", "coordinates": [[[[69.59925288100033, 22.343530501000373], [69.5826752410004, 22.321302660000413], [69.60796016800037, 22.330735189000393], [69.59545318000045, 22.321681087000343], [69.58666728100047, 22.30929099000042], [69.58167480100036, 22.318941240000413], [69.58170792100026, 22.307274991000327], [69.57696312000036, 22.328315640000312], [69.59925288100033, 22.343530501000373]]], [[[69.6564698400004, 22.338912510000284], [69.6551526010004, 22.341049290000342], [69.65759808000047, 22.340993040000342], [69.6564698400004, 22.338912510000284]]], [[[69.6176852410004, 22.3428635100002], [69.6114000000004, 22.34647593000028], [69.61160196000043, 22.349373120000223], [69.6176852410004, 22.3428635100002]]], [[[69.60282084000039, 22.347036000000287], [69.60304404000038, 22.351389570000265], [69.60409308100043, 22.35137526000028], [69.60282084000039, 22.347036000000287]]], [[[69.60041208000041, 22.349692081000228], [69.59860344100042, 22.353738390000274], [69.60098268000036, 22.35520080000026], [69.60041208000041, 22.349692081000228]]], [[[69.45111288100037, 22.358468160000427], [69.45106788000027, 22.349979360000248], [69.43601232000037, 22.353588270000444], [69.45111288100037, 22.358468160000427]]], [[[69.33485664000034, 22.387395600000445], [69.33048948000032, 22.37394474000024], [69.32277504100034, 22.382639280000205], [69.33485664000034, 22.387395600000445]]], [[[69.48457992000039, 22.389814980000267], [69.50220120000034, 22.379938110000353], [69.48259200000041, 22.380799680000393], [69.48457992000039, 22.389814980000267]]], [[[69.6464546400004, 22.438201050000202], [69.63569316000047, 22.433408910000367], [69.6560846400003, 22.42734129000047], [69.6347218810003, 22.407555510000293], [69.58926612000045, 22.437508320000404], [69.6278689210003, 22.459596301000374], [69.6464546400004, 22.438201050000202]]], [[[69.14571588000047, 22.47563223000037], [69.14455704000034, 22.452039720000357], [69.11619516000042, 22.46767893000043], [69.10835904000044, 22.438546470000347], [69.08379876000043, 22.424389110000448], [69.09324192000037, 22.46257944000041], [69.14571588000047, 22.47563223000037]]], [[[68.38682292000038, 23.432942251000327], [68.36825268000047, 23.433775830000286], [68.36828904000043, 23.47878060000039], [68.38669224000046, 23.469110641000327], [68.38682292000038, 23.432942251000327]]], [[[68.39787384000027, 23.447725380000236], [68.38980624000033, 23.463250290000246], [68.40583307900044, 23.469371100000444], [68.39787384000027, 23.447725380000236]]], [[[68.40309240000045, 23.47242786000021], [68.40088992000045, 23.480876340000293], [68.41021644000028, 23.480810640000357], [68.40309240000045, 23.47242786000021]]], [[[68.4526759190004, 23.631781140000328], [68.47138476000038, 23.60055789000046], [68.45298623900032, 23.59980855000026], [68.42849867900031, 23.564771911000435], [68.4253166400004, 23.55101289000038], [68.44363128000032, 23.512858110000366], [68.40369576000046, 23.48249751100036], [68.39146835900027, 23.50101195100035], [68.40626832000032, 23.616502740000442], [68.42660039900028, 23.612632470000335], [68.41331928000034, 23.625748711000313], [68.42920536000042, 23.640054841000392], [68.4526759190004, 23.631781140000328]]], [[[68.48239932000047, 23.566025521000427], [68.4780192000004, 23.573898360000328], [68.48630892000045, 23.57496837000025], [68.48239932000047, 23.566025521000427]]], [[[68.49288036000041, 23.60956725000034], [68.48211024000034, 23.599087381000402], [68.48625888000038, 23.57928756000041], [68.47015895900046, 23.57698716000027], [68.48310419900042, 23.55814431000033], [68.4727873200004, 23.555044530000202], [68.46679908000038, 23.54862834100038], [68.46012180000037, 23.547619710000276], [68.43955464000038, 23.532325110000272], [68.43138300000032, 23.56557102000039], [68.44989708000043, 23.56276932000037], [68.43645144000027, 23.568947911000294], [68.45504256000038, 23.598031320000473], [68.47125696000046, 23.596778880000272], [68.47341444000045, 23.616731521000304], [68.49288036000041, 23.60956725000034]]], [[[68.48653643900036, 23.615974350000272], [68.47696296000044, 23.62115142000033], [68.48467848000035, 23.627074141000378], [68.48653643900036, 23.615974350000272]]], [[[68.48399591900028, 23.629646160000448], [68.48641583900036, 23.632281900000237], [68.48749043900045, 23.630583150000348], [68.48399591900028, 23.629646160000448]]], [[[68.49261575900033, 23.634796410000433], [68.48839584000046, 23.640871770000388], [68.49342900000033, 23.63941242000044], [68.49261575900033, 23.634796410000433]]], [[[69.6627273600003, 22.34137329000032], [69.66271476100042, 22.337777610000217], [69.65946972100033, 22.33823508000023], [69.6627273600003, 22.34137329000032]]], [[[69.65699796000041, 22.34445516000028], [69.6580642810004, 22.346563770000444], [69.65897472000034, 22.34510199000033], [69.65699796000041, 22.34445516000028]]], [[[69.7602855600004, 22.449266640000417], [69.74276436000036, 22.448152080000398], [69.75589104000039, 22.45968522000021], [69.7602855600004, 22.449266640000417]]], [[[69.94743300000033, 22.51552680000026], [69.94385783900037, 22.518563670000333], [69.94494540000039, 22.519672199000468], [69.94743300000033, 22.51552680000026]]], [[[69.94241963900043, 22.522603049000338], [69.93565271900042, 22.530347280000285], [69.93732941900043, 22.53090982500038], [69.94241963900043, 22.522603049000338]]], [[[69.93318420000037, 22.53865373900021], [69.92241192000046, 22.54041270000033], [69.93371483900029, 22.524240690000227], [69.91554455900041, 22.511229209000362], [69.86063591900046, 22.52733750000027], [69.89954436000039, 22.52629998000026], [69.91796268000036, 22.550679900000375], [69.93318420000037, 22.53865373900021]]], [[[69.96018600000036, 22.539077100000327], [69.95985011900041, 22.54283874000032], [69.96351635900032, 22.541769810000346], [69.96018600000036, 22.539077100000327]]], [[[69.94332935900036, 22.55199848900031], [69.95295035900045, 22.537141380000378], [69.93951192000043, 22.538143530000355], [69.94332935900036, 22.55199848900031]]], [[[70.01798508000041, 22.549238910000383], [70.01228123900034, 22.551480810000385], [70.02298404000032, 22.55317380000031], [70.01798508000041, 22.549238910000383]]], [[[70.01229276000032, 22.553866800000264], [70.00186931900038, 22.550089860000412], [69.99725627900045, 22.550394510000388], [70.01229276000032, 22.553866800000264]]], [[[70.01411723900037, 22.55407389000021], [70.02115092000031, 22.558720139000286], [70.02498383900047, 22.557122100000356], [70.01411723900037, 22.55407389000021]]], [[[70.02570960000037, 22.58826039000047], [70.02837036000045, 22.569891480000308], [70.00890371900033, 22.55585166000037], [70.00433928000041, 22.556382750000296], [70.00852572000036, 22.56904241900031], [70.00489800000042, 22.572958139000264], [69.98799923900032, 22.548356550000335], [69.95859012000034, 22.551088769000387], [69.96903299900043, 22.578749010000422], [70.02570960000037, 22.58826039000047]]], [[[69.95524320000033, 22.60645281000029], [69.96144780000031, 22.59816092900047], [69.95402568000031, 22.60125324000046], [69.95524320000033, 22.60645281000029]]], [[[70.41509316000037, 22.99920354000045], [70.42972644000037, 23.04126486000024], [70.45127802000042, 23.0515756420005], [70.44127487900045, 23.01696585000036], [70.41509316000037, 22.99920354000045]]], [[[70.45786908000042, 23.0169724200004], [70.44717384000029, 23.02708275000026], [70.45879680000047, 23.04307431000035], [70.45786908000042, 23.0169724200004]]], [[[70.47573803950041, 23.04958099450039], [70.47326484000047, 23.039259300000367], [70.47146736000042, 23.039268390000245], [70.47573803950041, 23.04958099450039]]], [[[70.40186603900042, 23.045271930000467], [70.39818251900033, 23.051141370000266], [70.40449332000031, 23.05752894000034], [70.40186603900042, 23.045271930000467]]], [[[70.46480952000041, 23.05533474000032], [70.46648495900035, 23.062812750000376], [70.47199188000047, 23.06414196000037], [70.46480952000041, 23.05533474000032]]], [[[70.45389756000026, 23.063412150000374], [70.45276068000038, 23.056933499000195], [70.44728057950039, 23.056142670000384], [70.45389756000026, 23.063412150000374]]], [[[73.00949054300122, 20.232781910001222], [73.00060246300137, 20.212838854001177], [72.97768825400107, 20.222094957000934], [72.98979396100128, 20.235639565001293], [73.00949054300122, 20.232781910001222]]], [[[72.88433532000045, 20.644852860000356], [72.87663420000047, 20.648077290000344], [72.87666912000032, 20.65021659000041], [72.88433532000045, 20.644852860000356]]], [[[71.51288832000046, 20.904394860000195], [71.50413708000042, 20.90392443000036], [71.50988484000027, 20.91150009000029], [71.51288832000046, 20.904394860000195]]], [[[72.67109112000037, 21.128339341000355], [72.69889392000044, 21.138353281000434], [72.6864372000004, 21.098755261000235], [72.67109112000037, 21.128339341000355]]], [[[72.66718547900047, 21.12175692000045], [72.66637152000033, 21.13159248100027], [72.67225536000046, 21.135028410000416], [72.66718547900047, 21.12175692000045]]], [[[72.66677292000031, 21.13643007100046], [72.67198607900048, 21.151961010000207], [72.68491439900043, 21.150347850000344], [72.66677292000031, 21.13643007100046]]], [[[72.76947660000036, 21.173950261000357], [72.76561236000038, 21.16163637100027], [72.75067092000046, 21.156393690000357], [72.75266423900041, 21.172747500000412], [72.76947660000036, 21.173950261000357]]], [[[72.15005988000047, 21.228890490000197], [72.13782707900043, 21.22800165000035], [72.15419411900035, 21.255046650000395], [72.15005988000047, 21.228890490000197]]], [[[72.18817020000034, 21.292507890000365], [72.18882612000044, 21.319878510000365], [72.19696176000036, 21.324528630000202], [72.20329740000034, 21.31123698000033], [72.18817020000034, 21.292507890000365]]], [[[72.75820572000038, 21.665203110000334], [72.77111280000037, 21.65231763000031], [72.75112596000042, 21.63662505000042], [72.78971508000029, 21.656150910000406], [72.81452016000026, 21.646812510000302], [72.8117539200004, 21.616052490000357], [72.76892112000036, 21.612611430000413], [72.75290256000034, 21.626816310000322], [72.76088628000048, 21.61080801000037], [72.74279196000026, 21.606665490000466], [72.74197152000045, 21.62179800000041], [72.73654200000044, 21.605812110000386], [72.69800760000027, 21.59333334000047], [72.68988600000046, 21.564017820000345], [72.63815148000043, 21.537557460000357], [72.60806628000034, 21.559880790000193], [72.61852176000036, 21.642497190000313], [72.64844244000034, 21.650349780000397], [72.66683412000043, 21.634938000000318], [72.67864140000034, 21.65273658000035], [72.75820572000038, 21.665203110000334]]], [[[72.37298952000043, 21.592841850000298], [72.34652736000032, 21.620177550000278], [72.35452296000034, 21.633315840000364], [72.37482300000045, 21.618808380000473], [72.37298952000043, 21.592841850000298]]], [[[72.56349432000036, 21.63181356000041], [72.60302448000027, 21.631768110000223], [72.59801760000045, 21.599576100000434], [72.56429280100042, 21.605259960000353], [72.56349432000036, 21.63181356000041]]], [[[72.54024552000038, 21.61557189000041], [72.53303472000044, 21.625493400000437], [72.54259920000044, 21.62695725000026], [72.54024552000038, 21.61557189000041]]], [[[72.37463364000041, 21.640683240000328], [72.3664789200003, 21.633411690000287], [72.36904787900033, 21.642643440000313], [72.37463364000041, 21.640683240000328]]], [[[72.58754484000042, 21.658423770000354], [72.56325312000047, 21.64787838000035], [72.5899132810004, 21.665716020000275], [72.58754484000042, 21.658423770000354]]], [[[72.34471331900039, 21.816571050000334], [72.30918672000035, 21.857640930000287], [72.28982447900029, 21.977373600000476], [72.33856632000044, 22.02874280900039], [72.38461103900039, 22.0347574190003], [72.43309980000038, 22.001993190000405], [72.44005679900033, 21.942390510000337], [72.40065371900045, 21.894843510000385], [72.38922156000035, 21.82983615000046], [72.34471331900039, 21.816571050000334]]], [[[72.53724888000039, 22.15293210000044], [72.52276644000045, 22.106019240000364], [72.46799244000044, 22.075882290000322], [72.51603732000041, 22.120203420000337], [72.52352604000043, 22.140798930000358], [72.51241140100029, 22.121065530000237], [72.4924645200004, 22.110884730000407], [72.51398208000035, 22.13227827000037], [72.50955228000026, 22.14614691000037], [72.46156500000029, 22.09828140000036], [72.46886364100033, 22.150941030000354], [72.47611512000037, 22.13313678000037], [72.52317324000035, 22.17178746000036], [72.53724888000039, 22.15293210000044]]], [[[71.32743972000037, 24.684764399000244], [71.3550225610004, 24.679030859000306], [71.36456400000037, 24.63087384000039], [71.38204452000042, 24.624525060000394], [71.4905917200004, 24.67662462000027], [71.61483528000036, 24.672174570000266], [71.66137824000037, 24.63312051000031], [71.79969564000027, 24.672458250000318], [71.81842032000043, 24.650800740000363], [71.81388828000041, 24.619958820000363], [71.85958056000038, 24.603985890000388], [71.88255252000039, 24.678195750000384], [71.92976760000045, 24.668272170000364], [71.92543932000041, 24.645461220000357], [71.94984876000035, 24.629324490000442], [71.99850816000031, 24.653604600000335], [72.00099648000037, 24.688926810000453], [72.07400556000027, 24.70895505000027], [72.09833400000042, 24.69911265000036], [72.10044324000035, 24.65433657000034], [72.13401108000045, 24.63474294000042], [72.16058124000045, 24.63924591000034], [72.17458776000046, 24.617256300000406], [72.20636676000032, 24.611335470000256], [72.24011388000048, 24.636281040000313], [72.31469724000027, 24.61283100000037], [72.3573007200003, 24.62373747000038], [72.34635996000031, 24.594591330000412], [72.2824218000004, 24.602126940000403], [72.25458804000044, 24.57999702000029], [72.30036636000045, 24.542102790000342], [72.33503940000048, 24.547787910000352], [72.33744420000033, 24.562604610000392], [72.36015804000027, 24.557777280000323], [72.39261240000042, 24.504530400000363], [72.44590752000028, 24.511419270000317], [72.43365996000034, 24.47723385000029], [72.45752688000033, 24.41296854000035], [72.49951908000037, 24.415648290000377], [72.4936701600003, 24.4574604900003], [72.53927280000033, 24.51490245000025], [72.5757440400003, 24.478172460000337], [72.68144760000035, 24.464259090000382], [72.68836752000044, 24.408810990000404], [72.72899928000038, 24.366502710000475], [72.79373268000035, 24.380939160000366], [72.86450688000048, 24.372966330000395], [72.88346232000032, 24.354191430000412], [72.92112156000036, 24.359827590000236], [72.94827888000032, 24.38272449000044], [72.94330692000034, 24.430326930000376], [72.97515936000042, 24.438114810000457], [72.96715728000032, 24.464029140000378], [73.00917756000041, 24.493812660000344], [73.07825256000046, 24.490676790000407], [73.09545012000035, 24.47637210000022], [73.09942452000041, 24.49703007000045], [73.13773068000035, 24.496588620000352], [73.14773472000047, 24.47410203000038], [73.1220915600004, 24.394259340000247], [73.16327484000033, 24.35899617000041], [73.22279220000041, 24.3760894200002], [73.22628996000026, 24.33628422000038], [73.18359504000034, 24.316374240000414], [73.14984612000035, 24.33640284000029], [73.10468268000045, 24.260026770000252], [73.06813332000041, 24.23692179000045], [73.06432776000048, 24.205586760000358], [73.16996832000046, 24.10557804000041], [73.21299660000028, 24.10097490000038], [73.21211748000042, 24.065095860000383], [73.25481024000032, 24.014534220000257], [73.34144748000045, 24.071965740000394], [73.35302940000037, 24.12108531000041], [73.37718648000038, 24.13327545000044], [73.40970600000043, 24.07677615000034], [73.4404496400004, 24.057051570000397], [73.4635245600004, 23.942480130000433], [73.41206796000046, 23.922684810000362], [73.38034944000043, 23.811179490000256], [73.39901436000042, 23.796604980000325], [73.43269596000033, 23.80221729000033], [73.45993932000044, 23.748646500000405], [73.5207566400004, 23.71573719000031], [73.5251644800004, 23.628720600000406], [73.54694016000042, 23.62575195000028], [73.58870016000043, 23.654508300000373], [73.63744056000036, 23.625415440000324], [73.63622916000031, 23.52455739000044], [73.61599248000033, 23.480010180000363], [73.62521712000046, 23.45460678000029], [73.64556180000034, 23.44083534000032], [73.69232760000034, 23.453196750000473], [73.72565856000034, 23.41345023000025], [73.7533692000004, 23.456027070000346], [73.77864264000038, 23.441891940000346], [73.83073032000033, 23.452415370000324], [73.89587700000044, 23.33470122000034], [73.93605228000047, 23.340427470000407], [73.94246316000027, 23.37012954000039], [73.97553132000041, 23.37516945000027], [73.98695088000045, 23.339250000000334], [74.01779064000038, 23.329974330000255], [74.0378278800004, 23.298864840000363], [74.13155496000036, 23.271114150000358], [74.12213844000036, 23.177132370000436], [74.1635344800003, 23.15326374000034], [74.2110634800004, 23.18521140000047], [74.25768996000039, 23.16564693000032], [74.28818484000038, 23.09124447000039], [74.34725868000038, 23.016751470000372], [74.35387260000033, 22.995425610000325], [74.3377114800004, 22.962043080000342], [74.37263832000048, 22.921577100000377], [74.40097464000041, 22.905451620000235], [74.41742052000046, 22.924447560000203], [74.45875212000038, 22.91745915000041], [74.47775508000046, 22.8476419200004], [74.46301452000046, 22.814995950000366], [74.43863964000036, 22.814161380000428], [74.44204668000037, 22.790611890000264], [74.40304248000041, 22.726842300000214], [74.38088628000042, 22.64478048000035], [74.26147644000031, 22.64719419000039], [74.21041692000034, 22.576738140000316], [74.1571311600004, 22.546133010000403], [74.15687988000036, 22.527032670000267], [74.05914744000046, 22.558358700000497], [74.04137028000059, 22.54338207000052], [74.03561280000042, 22.491475650000268], [74.08097208000038, 22.505920200000332], [74.09049588000039, 22.49057205000048], [74.07638244000043, 22.470284340000376], [74.10582504000041, 22.462318620000474], [74.11148784000056, 22.427348670000356], [74.12779152000059, 22.42352340000042], [74.14512336000053, 22.453308630000322], [74.17381824000051, 22.435008660000392], [74.20151304000046, 22.47679062000043], [74.20369896000051, 22.440707550000297], [74.25190296000045, 22.437486810000394], [74.28353112000048, 22.400303040000267], [74.22747732000045, 22.381381170000395], [74.1884922000005, 22.324842450000347], [74.1391200000005, 22.333244400000297], [74.10875436000049, 22.3704638100005], [74.0737771200005, 22.354252470000517], [74.0607051600004, 22.293018540000503], [74.08828584000054, 22.240226520000533], [74.07899784000045, 22.22094393000043], [74.12219640000052, 22.210452990000533], [74.13650748000055, 22.161580830000503], [74.13080760000054, 22.107674250000514], [74.17817604000044, 22.09130442000037], [74.0976307200005, 22.019956380000224], [74.14396056000044, 21.99576636000029], [74.1467917870005, 21.955687673000398], [74.0466690060004, 21.922809601000324], [73.87960052500046, 21.83864021300036], [73.81051635700038, 21.823337555000364], [73.84496307400042, 21.790681839000456], [73.83120727500045, 21.76288986200035], [73.89636230500037, 21.70028114300038], [73.89810180700039, 21.667270660000327], [73.87026977500045, 21.638790131000405], [73.78761291500035, 21.62504959100039], [73.82315063500033, 21.60067939800041], [73.86078643800028, 21.495822906000456], [73.91047668500039, 21.52017021200021], [73.95728302000026, 21.51647186300039], [73.96631622300026, 21.53907012900038], [73.98568725600035, 21.521360397000365], [73.98352050800048, 21.542041779000385], [74.0255584720004, 21.552619934000347], [74.18183136000039, 21.56176948500041], [74.20523834200031, 21.52921104400042], [74.2391967770003, 21.55029106100028], [74.27011108400029, 21.535631180000337], [74.30996704100028, 21.567321777000416], [74.31581878700041, 21.543170929000382], [74.3355178830003, 21.540229797000393], [74.32772064200026, 21.495750427000416], [74.25759124800038, 21.463750839000227], [74.2310333250004, 21.479820251000262], [74.22263336200041, 21.458990097000367], [74.12892150900035, 21.463520050000227], [74.11097717300032, 21.448101044000282], [74.07814788800033, 21.457811356000263], [74.06716156000044, 21.481931686000394], [74.04854583700035, 21.41942977900038], [73.96869659400033, 21.392061234000323], [73.9528427120004, 21.4023704530004], [73.9484863280004, 21.297550201000263], [73.89199066200041, 21.262411118000443], [73.83213806200047, 21.267450333000227], [73.81877899200038, 21.20385932900041], [73.83590698200038, 21.195180893000384], [73.82254791300039, 21.171920776000206], [73.7963104250004, 21.18173027000023], [73.78366088900037, 21.16506004300038], [73.7416229250004, 21.16711044300041], [73.73668670700039, 21.13828086900031], [73.68131256100048, 21.152120590000266], [73.6363983150004, 21.13265991200035], [73.63745117200034, 21.15313911400034], [73.6131668090004, 21.17605972300032], [73.5883026120004, 21.167900085000383], [73.58879852300032, 21.154190063000385], [73.62901314700042, 21.1416775280004], [73.62872314500038, 21.120149612000375], [73.6577301030004, 21.121049881000317], [73.6599426270003, 21.108379364000257], [73.69338989300036, 21.10099029500026], [73.71058654800026, 21.119022369000277], [73.73889160200048, 21.101329803000283], [73.75260925300029, 21.11408996600028], [73.74224090600029, 21.08156967200034], [73.79148096000057, 21.06477417400049], [73.80919227300058, 21.079096286000492], [73.80006660000055, 21.04712763100048], [73.84328204800045, 20.993490764000512], [73.90644836400043, 20.98315048200044], [73.91538238500038, 20.96482086200035], [73.89501953100046, 20.940139771000418], [73.92732238800056, 20.899110794000705], [73.93106079100056, 20.848390579000466], [73.94509887700048, 20.84013176000076], [73.9383468630005, 20.76078987100044], [73.94953155500065, 20.742309570000714], [73.92090606700054, 20.72352981600045], [73.88556671100065, 20.729610443000638], [73.86360168500062, 20.694299698000464], [73.8226470950006, 20.69382095300074], [73.82543182400053, 20.673618317000717], [73.84535217300055, 20.66707038900057], [73.8382873540005, 20.615760803000512], [73.78705596900062, 20.60225868200058], [73.74820709200048, 20.56735992400047], [73.70101928700046, 20.578380585000446], [73.67070770300052, 20.56233978300071], [73.63677215600052, 20.579290390000494], [73.60730743400063, 20.636301041000536], [73.56294250500059, 20.647390366000536], [73.53837585400055, 20.673860550000597], [73.49843597400064, 20.65341949500049], [73.48261261000056, 20.717229843000666], [73.45369720500042, 20.710470200000316], [73.43991851800035, 20.664840698000205], [73.4027328490003, 20.642599106000375], [73.44036102300026, 20.59511947600032], [73.48081970200036, 20.583599091000394], [73.48179626500047, 20.543359756000314], [73.50074005100043, 20.54024124100033], [73.47226715100038, 20.51404953000025], [73.4759368900003, 20.49501991300042], [73.4297409060004, 20.414390564000314], [73.39134979200077, 20.390199661000622], [73.39157867400104, 20.37289047200079], [73.41478729200094, 20.381570816000817], [73.42343139600115, 20.35209083600091], [73.43694305400106, 20.28212165800079], [73.42041015600091, 20.256999969000844], [73.42991638200107, 20.206230164000942], [73.40264067607183, 20.195057114344422], [73.39528656000073, 20.20916938800076], [73.37632751500098, 20.20532035800062], [73.37431335400072, 20.19265937800077], [73.36759948700092, 20.213371277000704], [73.35285186800081, 20.198471069000675], [73.31114959700062, 20.20721054100079], [73.29405975300114, 20.19386100800085], [73.29363250700112, 20.153881073000946], [73.25952355800092, 20.12466847000087], [73.23548889200077, 20.140991211000426], [73.22148895300086, 20.120798111000624], [73.20069122300077, 20.129699707000896], [73.19609832800086, 20.156112671000812], [73.22915649400102, 20.184299469000848], [73.18017578100086, 20.208608627000842], [73.14218139600104, 20.204389572000878], [73.15238189700085, 20.176059723000833], [73.12802887000083, 20.157119751000835], [73.096160889001, 20.17424011200086], [73.08648681600107, 20.157001495000827], [73.07244873000093, 20.163450241000987], [73.06423950200116, 20.20316124000084], [73.07685852100104, 20.22980117800097], [73.11046600300102, 20.23213005100081], [73.14628601100111, 20.280530930000793], [73.17954254200112, 20.28986167900092], [73.17710113500078, 20.312322617000916], [73.16139984100107, 20.317190170000913], [73.1128692630009, 20.3049411770009], [73.12195587200108, 20.332878113000845], [73.10737609900116, 20.360710144000905], [73.09089660600108, 20.326839447000907], [73.0504760740003, 20.322998047000283], [73.04416656500041, 20.291112900000257], [73.02651977500028, 20.294120789000374], [73.01983642600038, 20.31739807100041], [73.02049255400033, 20.290901184000347], [72.99046325700039, 20.292089462000433], [72.9840927120004, 20.271680832000413], [72.94597625700027, 20.29343032800034], [72.92459106400037, 20.278659821000304], [72.94084930400038, 20.246820450000314], [72.96962738000042, 20.233940125000288], [72.96924591100043, 20.210910797000338], [72.87454223600037, 20.225809097000422], [72.87200164800032, 20.208240509000404], [72.85028839100045, 20.207941055000276], [72.84967041000039, 20.1892509460003], [72.83553314200037, 20.18766021700037], [72.83534240700033, 20.144641876000378], [72.80206298800039, 20.148469925000313], [72.80184936500041, 20.125019073000317], [72.73777711250034, 20.136516315000335], [72.75039916900045, 20.202390155000387], [72.73808316000037, 20.24631774000045], [72.77340744000031, 20.354062770000326], [72.80424288000046, 20.374903440000367], [72.89840772000042, 20.381554170000356], [72.88535160000032, 20.397426390000362], [72.90322056000036, 20.415169260000255], [72.85859604000046, 20.4187757400004], [72.87491340000037, 20.44529937000044], [72.89390952000036, 20.44307835000035], [72.8858073600004, 20.46008169000038], [72.85352724000046, 20.460675240000285], [72.87984432000047, 20.49977259000042], [72.88617312000048, 20.65226616000035], [72.86523480000034, 20.65585725000028], [72.8289356400004, 20.768146021000348], [72.85967244000034, 20.738041470000383], [72.8721799520003, 20.748277936000193], [72.82384596000043, 20.794686301000354], [72.78423372100036, 20.90297115100026], [72.78158844050046, 20.93380474550048], [72.82604664000041, 20.95508290550049], [72.8064086410003, 20.96399358000025], [72.81052272100038, 20.951554050000425], [72.78143292100043, 20.9382028200003], [72.76728636000047, 20.92020975000031], [72.72349164100041, 21.044290861000434], [72.75788052299879, 21.056396912608704], [72.69532380000044, 21.061085041000354], [72.68869080000036, 21.08259963100039], [72.71211168000036, 21.13809768100043], [72.74653272000035, 21.143706390000432], [72.78988212000047, 21.177567001000284], [72.78830555150034, 21.18469665150036], [72.75124080000035, 21.17443140100039], [72.73695924000032, 21.144552840000472], [72.66689280000048, 21.154229369000404], [72.65273184000029, 21.07623384000044], [72.6219990000003, 21.08379294000025], [72.6075129600004, 21.185533981000276], [72.61597187900031, 21.169630891000395], [72.63049392000045, 21.17383501600034], [72.6075406800004, 21.205112760000475], [72.64222344000035, 21.212153280000393], [72.65504598871098, 21.231524770284068], [72.62384364100046, 21.240472320000322], [72.63019152100037, 21.261538259000417], [72.60731460100044, 21.237373440000397], [72.61706304000046, 21.28892949000027], [72.60479964000046, 21.313956060000237], [72.6348366010003, 21.362940450000337], [72.66400272000044, 21.36687353900038], [72.67302612100036, 21.354207210000368], [72.66936600100041, 21.37112379000041], [72.63332280100047, 21.374061390000293], [72.69458976000027, 21.422192220000284], [72.67243428000035, 21.414660390000392], [72.66833028000042, 21.44821031900034], [72.7522473600003, 21.55542057000042], [72.83316888000036, 21.62756124000032], [72.80948844000034, 21.663224911000327], [72.7399663200004, 21.689586090000375], [72.70500060000035, 21.677215140000328], [72.59768100000048, 21.680257230000336], [72.53797032100033, 21.643485570000337], [72.51298272000042, 21.655495890000395], [72.50654664000047, 21.69087525000043], [72.53238600000037, 21.782367090000378], [72.61889004000028, 21.921704640000314], [72.61200036000042, 21.941327430000342], [72.68921856000031, 21.968234550000318], [72.71233992000043, 21.954131190000453], [72.72848124000029, 21.956170680000298], [72.70705116000033, 21.96490428000027], [72.71327520000034, 21.986964720000344], [72.63311472000044, 21.962027160000446], [72.58547736100036, 21.922332750000407], [72.5490806400004, 21.925992510000356], [72.59474520000043, 21.918453390000423], [72.57176460000039, 21.879799830000366], [72.5295438000004, 21.890013210000404], [72.56408562000041, 21.906940725000425], [72.51193764000027, 21.90096279000028], [72.48808512100032, 21.933853740000472], [72.4768315210004, 22.00523940000022], [72.50164092000045, 22.02799716000044], [72.49800780000038, 22.049853931000257], [72.4878946800003, 22.031684010000333], [72.47450124100033, 22.041505260000406], [72.53541288000037, 22.11830928000046], [72.54916380000037, 22.18482513000032], [72.53420760000029, 22.18421835000038], [72.59858568000038, 22.22337069000031], [72.50507784000041, 22.217029650000256], [72.4120992000004, 22.167743131000293], [72.31016556000031, 22.161553920000415], [72.36651600000039, 22.11182325000044], [72.28036584000046, 21.988446210000404], [72.22930056000035, 22.01337846000024], [72.21771252000042, 22.042992870000376], [72.21059748000039, 22.01310936000033], [72.19899252000033, 22.024469340000394], [72.18405612000032, 22.01885442000031], [72.17240004000041, 22.03996338000036], [72.18133092000039, 22.012628580000353], [72.2404846800004, 22.001499540000225], [72.29654100100038, 21.73977963000044], [72.26073432000044, 21.773766599000282], [72.24162480000041, 21.77313228000031], [72.31678488000034, 21.642760980000446], [72.24477084000034, 21.458642040000257], [72.11619288000031, 21.281838841000365], [72.11047067900034, 21.198797640000407], [72.02342861900036, 21.15600889500024], [72.01305036000042, 21.130862400000353], [71.99502012100032, 21.13803333100043], [71.97697332100029, 21.118450321000353], [71.8996096810003, 21.107820510000238], [71.81242056000048, 21.068878051000354], [71.80685316000046, 21.038765940000246], [71.71835328100036, 21.017079180000394], [71.71494912000031, 20.99653344100028], [71.69377068100027, 21.00160656000037], [71.67635568100036, 20.983405321000475], [71.67798432000035, 20.995324470000355], [71.6568570000004, 20.9971092600004], [71.63845128000037, 20.97319077000043], [71.53306272000026, 20.944920240000272], [71.59490064000033, 20.995009920000257], [71.55539136000033, 20.96866800000032], [71.53542000000044, 20.985279750000416], [71.54123220000048, 20.961137520000193], [71.4764847600004, 20.890117260000352], [71.43616548000034, 20.869030170000315], [71.38049868000041, 20.874876120000295], [71.38192680000043, 20.85715089000047], [71.32276188000037, 20.848071690000268], [71.16053760000074, 20.780983530000526], [71.14913748000055, 20.758510350000563], [71.09428536000047, 20.758726980000517], [71.0648485200008, 20.734284420000563], [70.91309124000071, 20.739073410000458], [70.87778496000067, 20.728751580000505], [70.87362840000031, 20.70506232000031], [70.83681444000041, 20.697564330000205], [70.81524360000031, 20.72610972000041], [70.79314140000031, 20.73060252000039], [70.81484076000038, 20.718351630000313], [70.81243092000028, 20.700145980000343], [70.83572220000042, 20.69543691000041], [70.83900792000031, 20.690922330000433], [70.82308116000041, 20.691623700000378], [70.65490356000043, 20.760241950000307], [70.65719640000043, 20.789769060000197], [70.61359068000047, 20.771987940000315], [70.5449923200004, 20.807416620000197], [70.58157624000046, 20.798595180000405], [70.58077812000033, 20.816581320000353], [70.54027740000038, 20.818206270000474], [70.53929892000042, 20.803926240000408], [70.44842340000048, 20.847935430000405], [70.40783448000036, 20.879073450000305], [70.41312900000037, 20.891148840000426], [70.40377080000036, 20.883668670000418], [70.32010356000035, 20.927573640000446], [70.1589211200004, 21.054092220000257], [70.1349760800004, 21.079177200000288], [70.14977460000034, 21.07214415000027], [70.15491720000045, 21.07357371000029], [70.03584468000037, 21.170664630000374], [70.04695032000035, 21.20228568000033], [70.03259424000038, 21.17926539000041], [70.02154368000032, 21.18594141000034], [69.76240740000026, 21.472462530000314], [69.7895244000004, 21.45084417000038], [69.80333832000048, 21.459573810000393], [69.78636360000036, 21.45582675000037], [69.72462828000045, 21.51391806000038], [69.7092498000004, 21.53270466000032], [69.72722208000027, 21.53889981000026], [69.7288474800003, 21.551471370000343], [69.70488588000029, 21.535604730000443], [69.59324232000046, 21.642180534000374], [69.62886612000028, 21.64875291000027], [69.58970172000045, 21.661813260000315], [69.57919800000036, 21.651881490000278], [69.59040660000034, 21.637910430000375], [69.5793456000003, 21.638657250000335], [69.44482404000041, 21.761522550000393], [69.4616158800003, 21.749588370000254], [69.48528084000026, 21.74043429000028], [69.49192392000032, 21.741630390000296], [69.43133916000039, 21.768294420000245], [69.21860508000026, 21.957273900000416], [68.95766196000028, 22.2383474100003], [68.93630388000042, 22.30407999000039], [68.97066912000037, 22.393139310000322], [68.99661618750048, 22.402638428000273], [68.9833162800004, 22.4122762800003], [69.06751128000036, 22.480667730000278], [69.08393628000044, 22.47455916000041], [69.0431119200004, 22.438454130000366], [69.03489888000047, 22.393929150000474], [69.07802256000036, 22.38678153000029], [69.10235604000042, 22.409603550000327], [69.13003608000042, 22.398111720000372], [69.1929000000004, 22.421666430000414], [69.19929864000034, 22.39275366000038], [69.17752656000027, 22.378780530000313], [69.15792276000042, 22.3155489600004], [69.22244808000045, 22.25822157000033], [69.31905696000047, 22.289567400000408], [69.33880980000043, 22.309085610000295], [69.33252888000032, 22.327470180000205], [69.41677104000047, 22.315757580000422], [69.48261828000045, 22.33256238100023], [69.52478544100035, 22.38134679000035], [69.5128644010004, 22.425663240000347], [69.5531566810003, 22.398842520000414], [69.55678116100034, 22.340601630000435], [69.5747332810003, 22.368219480000448], [69.59227428000048, 22.36536882100023], [69.57665028000042, 22.339189440000325], [69.57660888100042, 22.305547710000326], [69.59073985933367, 22.305611387333613], [69.59575974300031, 22.320323815000336], [69.61029126100038, 22.33053196500032], [69.60719664000044, 22.353938190000292], [69.61411426200044, 22.335011913000415], [69.60629443900046, 22.322918080000306], [69.59905393600047, 22.31888944500031], [69.59270938455768, 22.306161769351604], [69.61010486200036, 22.32548731400044], [69.61850532100038, 22.341272130000334], [69.61844052000026, 22.36781223000031], [69.68227356100033, 22.299935220000464], [69.67221588000046, 22.336057890000347], [69.66154908100026, 22.347019620000367], [69.6470450410003, 22.351898700000447], [69.6634797610003, 22.394586060000336], [69.69974256100045, 22.397261130000288], [69.71385888100048, 22.45675068000037], [69.73012440000042, 22.456828440000265], [69.7281703200004, 22.43954691000033], [69.75294048000035, 22.423316760000375], [69.75984636000027, 22.438394280000352], [69.79361184000038, 22.39674660000037], [69.8296449590004, 22.459856490000334], [69.86771856000036, 22.446973260000334], [69.91192475900039, 22.46642414900043], [69.93006480000037, 22.509902699000236], [69.95340612000041, 22.50509723900035], [69.95467475900045, 22.493508030000385], [69.98038343900043, 22.46821172900036], [69.95588328000036, 22.49604621000026], [69.96786335900032, 22.503197070000397], [69.95580407900047, 22.509302309000304], [69.97630824000032, 22.50689751000033], [69.94959192000027, 22.511104740000462], [69.94468512000037, 22.526029439000354], [69.98181731900041, 22.54137354000028], [69.97730868000048, 22.524069960000304], [69.98960519900032, 22.52273292000035], [69.97813848000038, 22.524547230000337], [69.98463719900047, 22.539327660000424], [69.98235443900046, 22.543257600000345], [69.97580172000033, 22.54357817900035], [70.00150391900036, 22.54757490000037], [69.99314111900031, 22.53778821000043], [69.99551927900046, 22.519171350000363], [69.99679943900031, 22.540989420000244], [70.00512407900038, 22.5277539300003], [70.00369991900033, 22.545699569000362], [70.02581796000032, 22.550406029000385], [70.01545463900038, 22.538287530000332], [70.01361756000034, 22.53189708000042], [70.02178199900038, 22.537996200000407], [70.0278940800003, 22.518935010000348], [70.03866384000037, 22.56055631900034], [70.08621948000035, 22.540712849000386], [70.11677627900042, 22.548335400000383], [70.11968543900042, 22.534549470000343], [70.12700531900032, 22.548862620000307], [70.17114348000041, 22.555994130000443], [70.16718743900037, 22.572270900000376], [70.2192736800003, 22.650807420000206], [70.24588848000047, 22.64977125000047], [70.24881780000038, 22.660805250000408], [70.23507660000047, 22.65832620000043], [70.24406184000031, 22.67266113000028], [70.22659500000037, 22.67792766000025], [70.25769216000032, 22.69400940000037], [70.24368672000037, 22.70080791000032], [70.25596452000036, 22.737465540000244], [70.30120140000048, 22.768468560000258], [70.30762380000039, 22.80303108000021], [70.42291992000048, 22.977574650000406], [70.45917588000037, 22.991514209000286], [70.49385648000032, 23.05731806900036], [70.49809332000041, 23.0892525900004], [70.44280488000032, 23.063094810000393], [70.40765628000037, 23.03121078000038], [70.40827080000037, 23.05827504000041], [70.39728288000038, 23.059434150000243], [70.39354860000032, 23.046275520000222], [70.40113452000037, 23.02450929000031], [70.38405143900047, 23.022637289000386], [70.39994076000039, 23.011162560000344], [70.39499580000034, 23.004781649000392], [70.37924940000045, 23.0004153900004], [70.35667019900035, 22.983934950000332], [70.3913263210004, 22.998314340000434], [70.39451736000035, 22.962735899000336], [70.37675064000047, 22.93245108000042], [70.25112396000043, 22.922934300000406], [70.21818615100034, 23.016292154000382], [70.2278920800004, 22.952173770000343], [70.19358588000034, 22.926981150000415], [70.12228428000043, 22.95890028100041], [70.1497152000004, 22.934742750000453], [70.09644276000034, 22.902360750000298], [70.01853336000028, 22.88624409100038], [69.95130552000029, 22.893099300000472], [69.90156180000031, 22.864447530000348], [69.84405324000039, 22.865024250000317], [69.75343944000042, 22.81168251000031], [69.75009288000047, 22.778068590000316], [69.71588244000031, 22.74360363000045], [69.5777720400003, 22.766117310000368], [69.54146388000032, 22.780479330000333], [69.55330608000031, 22.797154440000327], [69.53869296000039, 22.78404612000037], [69.44632668000042, 22.77630360000029], [69.33252744000038, 22.8301920910003], [69.27205500000031, 22.822207471000468], [69.19264295900041, 22.838011831000358], [68.86791684000048, 23.03315964000035], [68.76131940000033, 23.081279940000286], [68.6283487200003, 23.17260636000043], [68.57089164000035, 23.24992833000033], [68.5441598400003, 23.254825950000225], [68.53717836000033, 23.27817438000045], [68.52660120000041, 23.265689580000412], [68.52485592000039, 23.279133330000377], [68.50443960000047, 23.280556410000372], [68.52170160000037, 23.30570835000026], [68.46558869100033, 23.336554882000428], [68.49936002500039, 23.395398807000277], [68.48965182400048, 23.404155222000327], [68.5441652760004, 23.398182775000407], [68.52132245000041, 23.419954844000358], [68.52313044000044, 23.440526730000386], [68.50388484000041, 23.408290800000373], [68.48902224000045, 23.41308735000024], [68.49847116000046, 23.451450030000217], [68.48565948000038, 23.469481350000308], [68.49692892000041, 23.47619400000025], [68.49569268000045, 23.482770030000438], [68.46937956000039, 23.476747681000347], [68.48843579900029, 23.460071130000472], [68.48487612000037, 23.39073612000027], [68.4389584800004, 23.399687971000446], [68.45059619900047, 23.44133448000042], [68.4161053190004, 23.40581868100037], [68.39493444000044, 23.419729800000198], [68.40743651900044, 23.463066330000345], [68.42674151900042, 23.462420400000326], [68.44238099900036, 23.477232960000435], [68.41164959900033, 23.474002771000414], [68.48702459900045, 23.514400980000346], [68.48715023900036, 23.533830540000338], [68.46531299900045, 23.509165590000237], [68.44631147900031, 23.527498320000404], [68.48493659900032, 23.55886476000029], [68.49534707900034, 23.602717350000432], [68.49582084000036, 23.64140610000038], [68.48512452000034, 23.641891201000306], [68.47521839900043, 23.627201761000435], [68.45596847900032, 23.636241270000426], [68.45903567900046, 23.65622964100038], [68.51816207900032, 23.675206051000373], [68.5612159200004, 23.71779711000039], [68.62914612000043, 23.753095651000365], [68.65925904000045, 23.813537491000375], [68.67272520000034, 23.813375221000456], [68.68461059900045, 23.78422746000024], [68.71087728000026, 23.785464781000258], [68.68663956000034, 23.787416881000297], [68.67604008000035, 23.815081710000356], [68.74261092100039, 23.82737130000021], [68.72509008000031, 23.83429014000035], [68.77879992000038, 23.875621199000193], [68.79513672000047, 23.844509009000262], [68.78941164000031, 23.876167859000304], [68.80412808000045, 23.881708350000338], [68.81176728100041, 23.897450520000405], [68.75833212000043, 23.87380976900039], [68.75578476000032, 23.894483579000337], [68.74586424100045, 23.882551559000206], [68.71638708000035, 23.89099706900032], [68.73527376000038, 23.88380993900023], [68.73104448000038, 23.861763360000282], [68.71378284000036, 23.84889092900022], [68.71807152000048, 23.857951049000235], [68.70800664100034, 23.867296739000437], [68.71030524000037, 23.84611784900028], [68.6907190800004, 23.83878627000024], [68.67764784000047, 23.849486549000346], [68.68763568100042, 23.869129049000378], [68.67372240000043, 23.850129060000256], [68.66632944000048, 23.862065669000344], [68.66988480000032, 23.83928189900047], [68.64559200000048, 23.83933238900022], [68.65698744000042, 23.85660689900027], [68.64286068100034, 23.836374719000275], [68.62434912000032, 23.84659493900034], [68.63266836000031, 23.83543106900032], [68.60479356000036, 23.80742891900036], [68.59793304000027, 23.831302769000388], [68.59315224000034, 23.772159720000275], [68.5727164800004, 23.76549198000032], [68.56120836000048, 23.780649869000456], [68.55088932000041, 23.78447423900036], [68.5696154410004, 23.76053531900044], [68.54217120000044, 23.751354599000194], [68.53211136000033, 23.7539092490004], [68.5317722400003, 23.77660526900047], [68.52290508100037, 23.786692650000475], [68.52800952000041, 23.752783619000354], [68.48522532100043, 23.73658388900037], [68.4976914000004, 23.75687132900032], [68.47794792000036, 23.77194470900031], [68.49129384100036, 23.78283614900033], [68.47631460000042, 23.778449459000456], [68.47056756000046, 23.79485573900024], [68.47706304000036, 23.764944779000416], [68.49449100100037, 23.754791699000407], [68.47149924000041, 23.73041861900043], [68.43268440100042, 23.734932839000408], [68.4588610810004, 23.76827477900042], [68.45744268000038, 23.786256059000323], [68.44729248100032, 23.800077719000342], [68.42006460000033, 23.811317819000408], [68.45435604000039, 23.784977609000407], [68.42730420000032, 23.733835290000286], [68.44213260100042, 23.725224809000395], [68.4039038400004, 23.694999659000302], [68.33423808000038, 23.581756889000303], [68.2447341600004, 23.57738999900033], [68.13347652000033, 23.61527288900038], [68.17852404000041, 23.648742180000397], [68.17610772000035, 23.73449021900035], [68.20015968000035, 23.78474216900031], [68.20648344000045, 23.862061800000276], [68.24411100000037, 23.8945038290002], [68.27995044000045, 23.89294313900041], [68.27884128000034, 23.937217559000317], [68.31562896000037, 23.91260606900039], [68.34087432100046, 23.92917408000028], [68.33976156000028, 23.962239630000397], [68.35669524000042, 23.96980502900044], [68.37542208000036, 23.940884069000447], [68.38737840000039, 23.964924419000397], [68.75341380000026, 23.963130360000207], [68.77660464000047, 24.29530298900039], [68.8303238400004, 24.309610649000263], [68.85178272000041, 24.209602469000345], [68.89163544000041, 24.197112719000245], [68.95130292000027, 24.277945679000425], [68.97467448100042, 24.238873799000203], [69.00467112000035, 24.227255879000325], [69.09707628100045, 24.270539939000344], [69.20402148000028, 24.236781839000344], [69.31454328000041, 24.27835940900036], [69.43593096000035, 24.275457810000376], [69.50559204000041, 24.256929689000287], [69.6051313200004, 24.27984143900028], [69.7293435600003, 24.177525299000365], [70.00568028000032, 24.169349879000322], [70.0642875610003, 24.195675599000367], [70.12381896000039, 24.293323799000405], [70.57926324000039, 24.42252860900038], [70.61628492000045, 24.40273445900027], [70.57663200000047, 24.346816109000258], [70.59204972000038, 24.312422069000206], [70.57693620000043, 24.29587709900028], [70.5924936000003, 24.287688539000442], [70.57900584000043, 24.254659260000437], [70.66008072100044, 24.227356859000338], [70.81044948000033, 24.22486358900045], [70.89864984000042, 24.259138019000204], [70.88961348000043, 24.292780920000382], [70.96404204000038, 24.348176009000326], [71.00266392000032, 24.362465399000314], [71.05141764000047, 24.349201559000278], [71.13581208000045, 24.403561109000236], [71.12293920000042, 24.43280327900021], [71.01161424000031, 24.444079919000444], [71.01922932000048, 24.524564219000354], [71.00214408100038, 24.543146969000475], [71.00246052100044, 24.58654002000037], [71.02426212000034, 24.632312579000313], [71.11083708000041, 24.682403519000445], [71.24230188000035, 24.72577127900047], [71.24470128000047, 24.661495889000378], [71.27561340100044, 24.657664319000276], [71.32743972000037, 24.684764399000244]], [[74.17229400000048, 22.39589502000041], [74.18016792000043, 22.420294650000415], [74.1679232400005, 22.42193103000045], [74.15930592000058, 22.411968570000397], [74.17229400000048, 22.39589502000041]], [[72.98451250900041, 20.298512782000387], [72.9832758750004, 20.33403293100031], [72.96148872000026, 20.334423060000347], [72.95619234900039, 20.31472320900042], [72.98451250900041, 20.298512782000387]]], [[[70.48555956000041, 23.056547580000313], [70.46612838000044, 23.053170195000348], [70.48819691900042, 23.0689784690004], [70.48555956000041, 23.056547580000313]]]]}, "properties": {"pc11_s_id": "24", "s_name": "Gujarat"}}, {"type": "Feature", "geometry": {"type": "MultiPolygon", "coordinates": [[[[72.83953656100003, 20.41097656300006], [72.85348972000007, 20.40675063999999], [72.86268038800006, 20.381248767000002], [72.87811136341261, 20.371888006111448], [72.82041176900037, 20.36943187700033], [72.83953656100003, 20.41097656300006]]], [[[72.83671723, 20.45216446300002], [72.88466220000029, 20.460830760000313], [72.89396388000021, 20.444394419999988], [72.87491340000031, 20.445299370000257], [72.8585323200003, 20.41943364000027], [72.90368352000027, 20.41470999000041], [72.88537009124191, 20.397473611031856], [72.8984145600004, 20.38198473000041], [72.88929612000018, 20.373775470000098], [72.86457662000001, 20.38195546600012], [72.85420217000014, 20.412745692000065], [72.829823573, 20.41458396200002], [72.83671723, 20.45216446300002]]], [[[71.00107045300014, 20.73404555000011], [70.976610195, 20.703374097000047], [70.87069594000019, 20.709413859000268], [70.87778496000054, 20.72875158000058], [70.91309124000075, 20.739073410000895], [71.00107045300014, 20.73404555000011]]]]}, "properties": {"pc11_s_id": "25", "s_name": "Daman and Diu"}}, {"type": "Feature", "geometry": {"type": "MultiPolygon", "coordinates": [[[[73.11650848400006, 20.312709808000136], [73.17710113499999, 20.31232261700012], [73.17887878400012, 20.286460876000035], [73.15820312500011, 20.290481567000086], [73.11046600300006, 20.232130051000183], [73.07685852100008, 20.229801178000173], [73.06423950200019, 20.203161240000043], [73.07244873000013, 20.16345024100019], [73.0864868160001, 20.15700149500003], [73.09616088900003, 20.174240112000064], [73.12802887000004, 20.15711975100004], [73.15238189700005, 20.176059723000037], [73.14575195300017, 20.206979752000166], [73.227783203, 20.187049866000166], [73.19609832800006, 20.156112671000074], [73.21499639400014, 20.119007751000026], [73.18879843000019, 20.05181895200019], [73.13518890900014, 20.09019971400005], [73.10146005000018, 20.079878802000167], [73.0568154130001, 20.101502154000173], [73.04670270300005, 20.06042670800008], [73.00155837900007, 20.115618306000158], [73.01322963600006, 20.130251992000012], [73.00266578000014, 20.140807756000186], [72.99231036600008, 20.11830757300004], [72.97285113400011, 20.11507150600005], [72.96321431700005, 20.136724601000083], [72.97771713200018, 20.181595287000107], [72.96171525700004, 20.19670486500013], [72.9744873050002, 20.22583961500004], [72.92230987500011, 20.274400711000055], [72.94597625700004, 20.293430328000113], [72.98409271200012, 20.271680832000186], [72.9904632570001, 20.29208946200015], [73.02049255400004, 20.290901184000063], [73.01983642600015, 20.317398071000184], [73.02651977500005, 20.29412078900009], [73.04416656500018, 20.29111290000003], [73.05047607400007, 20.322998047000056], [73.09089660600011, 20.32683944700011], [73.10338592500011, 20.3603610990001], [73.1214599610002, 20.336429596000187], [73.11650848400006, 20.312709808000136]], [[72.98418418200009, 20.213909611000076], [73.00060246300006, 20.21283885400004], [73.00949054300003, 20.23278191000003], [72.98460138100006, 20.232686731000058], [72.98418418200009, 20.213909611000076]]], [[[72.96171120000014, 20.334616380000057], [72.99223634200018, 20.320964199000173], [72.98451250900013, 20.29851278200016], [72.9561923490001, 20.314723209000192], [72.96171120000014, 20.334616380000057]]]]}, "properties": {"pc11_s_id": "26", "s_name": "Dadra and Nagar Haveli"}}, {"type": "Feature", "geometry": {"type": "MultiPolygon", "coordinates": [[[[72.76709329400029, 19.23770417100036], [72.76612247400044, 19.240083632000335], [72.76730268700032, 19.239702918000262], [72.76709329400029, 19.23770417100036]]], [[[72.76808315000034, 19.24259634200041], [72.76562754600036, 19.243738484000403], [72.76562754600036, 19.244956768000293], [72.76808315000034, 19.24259634200041]]], [[[72.7606782670004, 19.265153633000295], [72.75906023400034, 19.26852295000026], [72.75987876800042, 19.269646055000408], [72.7606782670004, 19.265153633000295]]], [[[72.7740231770004, 19.267065480000326], [72.77487026500046, 19.268207621000386], [72.77474653300038, 19.267017891000364], [72.7740231770004, 19.267065480000326]]], [[[72.77581639800036, 19.26759932200025], [72.77682766900045, 19.268610593000346], [72.77685741200048, 19.267718295000407], [72.77581639800036, 19.26759932200025]]], [[[72.77486461400048, 19.269740837000256], [72.77685741200048, 19.271049541000366], [72.7765599800004, 19.268937769000388], [72.77486461400048, 19.269740837000256]]], [[[72.7632944850003, 19.271079284000393], [72.76296730900026, 19.272655677000387], [72.76409755300034, 19.272417731000417], [72.7632944850003, 19.271079284000393]]], [[[72.73275951600027, 19.452315053000348], [72.71848275000048, 19.47420609400035], [72.73656665400034, 19.472873596000454], [72.73275951600027, 19.452315053000348]]], [[[72.72033745400046, 19.5242152550004], [72.72326419100023, 19.522573427000452], [72.72026607000038, 19.523215881000283], [72.72033745400046, 19.5242152550004]]], [[[72.72333557500042, 19.528069982000375], [72.72604816100034, 19.533566537000354], [72.72569124200038, 19.528355517000307], [72.72333557500042, 19.528069982000375]]], [[[73.65271241200026, 15.746009962000187], [73.65082755600048, 15.747616981000192], [73.65332469100042, 15.747089302000347], [73.65271241200026, 15.746009962000187]]], [[[73.28291844200044, 16.95712382200037], [73.28362825100044, 16.960189407000257], [73.28418456400038, 16.96003611800046], [73.28291844200044, 16.95712382200037]]], [[[73.08433057200028, 17.812664048000443], [73.08723861200042, 17.815968488000294], [73.08625148000044, 17.8119711840003], [73.08433057200028, 17.812664048000443]]], [[[72.96587427000043, 18.29915599700047], [72.96389539400047, 18.29669321500046], [72.9622777440004, 18.29857559600032], [72.96587427000043, 18.29915599700047]]], [[[72.96749815500038, 18.302340582000454], [72.96695745600033, 18.30483989100037], [72.96752329800046, 18.305216671000267], [72.96749815500038, 18.302340582000454]]], [[[72.81812969200035, 18.707767961000286], [72.81408460800031, 18.702295201000254], [72.80926619900032, 18.703425445000335], [72.81812969200035, 18.707767961000286]]], [[[74.44263231800034, 22.0217053960003], [74.44863891600028, 21.971130371000356], [74.49340057400036, 21.954490662000353], [74.52749633800045, 21.908781052000393], [74.50364685100038, 21.807182312000293], [74.51786041300028, 21.76370811500044], [74.51138305700027, 21.725851059000377], [74.55237579300041, 21.71839904800032], [74.55680084200037, 21.68425941500044], [74.58779182300032, 21.65927980200047], [74.66227722200028, 21.653121948000432], [74.79308319100033, 21.61033821100034], [74.8324584960003, 21.610900879000326], [74.86486053500033, 21.634029388000442], [74.90187835700038, 21.630229950000285], [75.05774688700029, 21.56493949900033], [75.12297821000038, 21.45333290100035], [75.21985626200046, 21.41086959800043], [75.29962921100042, 21.41566085800042], [75.30190277100041, 21.389249802000393], [75.36138153100029, 21.403230667000344], [75.39839172400036, 21.382980347000455], [75.46840667700047, 21.394201279000356], [75.54814910900046, 21.37248992900038], [75.60891723600037, 21.39500045800031], [75.67341613800033, 21.380350113000418], [75.95939636200029, 21.396190643000295], [76.0523757930003, 21.35270118700032], [76.09867095900046, 21.373928070000318], [76.15921783400034, 21.25914192200031], [76.14440155000028, 21.238090515000295], [76.16403198200038, 21.224172592000457], [76.17272186300045, 21.188289642000314], [76.16684722900038, 21.170721054000467], [76.11431884800027, 21.170459747000393], [76.13566589400028, 21.126211166000417], [76.16845703100034, 21.105411530000367], [76.16864776600039, 21.085821152000392], [76.26210784900042, 21.0947017670004], [76.28176879900036, 21.075309753000454], [76.37637329100028, 21.077310562000378], [76.41182708700046, 21.10726928700035], [76.45269012500034, 21.11486816400037], [76.49117279100028, 21.19782066300047], [76.52919769300036, 21.18929290800037], [76.55938720700038, 21.205810547000397], [76.62336731000028, 21.19265937800037], [76.64257812500023, 21.247720718000323], [76.65849304200032, 21.247810364000316], [76.66107177700042, 21.28242111200035], [76.62452697800029, 21.335100174000388], [76.73208618200044, 21.40880966200035], [76.74339294400033, 21.44314003000028], [76.78418731700037, 21.46648979200046], [76.79180145300046, 21.489891052000473], [76.76293182400036, 21.522649765000324], [76.78782653800027, 21.54013061500035], [76.78024292000038, 21.562467575000426], [76.79534912100036, 21.597539902000392], [76.83354950000029, 21.593069077000393], [76.85214996300039, 21.6150302890004], [76.9011230470004, 21.600809097000422], [77.07232666000033, 21.722930908000308], [77.15777587900027, 21.713409424000474], [77.17144775400038, 21.727260590000412], [77.20742034900024, 21.694009781000375], [77.2246017460003, 21.717889786000455], [77.28314971900039, 21.72422027600038], [77.2862396240003, 21.762750626000354], [77.40113067600026, 21.756179810000447], [77.47776794400022, 21.770221710000385], [77.54218292200034, 21.7010307310004], [77.5713272090004, 21.62704086300033], [77.57099914600036, 21.562620163000418], [77.60711669900047, 21.54277038600037], [77.56698608400035, 21.529750824000303], [77.45751190200042, 21.556570053000428], [77.41990661600039, 21.53869819600044], [77.43830871600028, 21.472919464000256], [77.46930694600042, 21.456899643000384], [77.48702240000034, 21.377750397000455], [77.51508719900028, 21.382148492000454], [77.53189548800037, 21.41954367800031], [77.55938811600032, 21.399868859000378], [77.56212434900033, 21.378760775000387], [77.60148620600046, 21.36527061500027], [77.60154724100045, 21.393558502000417], [77.6509704590004, 21.39339065600035], [77.66722106900045, 21.37149047900033], [77.69352722200034, 21.39654159500037], [77.70524597200045, 21.359069824000358], [77.79344940200042, 21.390739441000278], [77.7993698120004, 21.41230011000033], [77.88186645500042, 21.377691269000366], [77.98027801500041, 21.402799606000315], [78.16934204100033, 21.49850082400036], [78.17726898200027, 21.556699753000316], [78.26925659200037, 21.570711136000455], [78.25540924100034, 21.585239410000327], [78.26612091100037, 21.594280243000412], [78.30410766600045, 21.571430206000457], [78.3367767330003, 21.590520859000378], [78.36096191400043, 21.578298569000424], [78.37951660200036, 21.618650436000394], [78.4225616460003, 21.601949692000403], [78.41349792500046, 21.57773971600045], [78.4300994870004, 21.501750946000357], [78.48040008500027, 21.506120682000414], [78.5085601810004, 21.528432846000328], [78.56652832000026, 21.515697479000437], [78.58486938500039, 21.486881256000288], [78.68406677200045, 21.4819602970004], [78.72418975800036, 21.464380264000397], [78.74648284900042, 21.493869781000456], [78.77218627900032, 21.467130661000283], [78.78462219200031, 21.489139557000385], [78.87985229500038, 21.484970093000356], [78.8957672120003, 21.500568390000353], [78.93183136000033, 21.487400055000364], [78.94064331100031, 21.513700485000413], [78.90442657500046, 21.55484008800039], [78.9278259280004, 21.560289383000338], [78.91163635300035, 21.57090950000037], [78.9132385250004, 21.59235954300027], [78.99444580100044, 21.61874961900031], [79.00955200200036, 21.601499557000352], [79.08808898900037, 21.599189758000307], [79.14782714800032, 21.66052055400047], [79.21990203900032, 21.65081024200032], [79.22869110100032, 21.723928452000393], [79.3490219120003, 21.67889022800034], [79.3947372440004, 21.674591064000253], [79.41577911400043, 21.69144821200041], [79.48857879600047, 21.674121857000443], [79.51161956800047, 21.631130219000454], [79.49819183300048, 21.612369537000347], [79.50582122800034, 21.590280533000396], [79.53755950900029, 21.568990707000296], [79.53662109400034, 21.544218063000358], [79.64747619600035, 21.557172775000367], [79.65814209000035, 21.577331543000298], [79.73262023900043, 21.60252952600041], [79.79181671100042, 21.581409454000323], [79.85707855200036, 21.530921936000425], [79.91581726100037, 21.524480820000406], [79.93638610800042, 21.556800842000428], [79.96624755900035, 21.55727005000034], [79.99355316200035, 21.534711838000476], [80.02822876000045, 21.55734062200031], [80.06356811500046, 21.554580688000385], [80.11493682900044, 21.60700988800039], [80.14787292500046, 21.60630035400027], [80.18821716300044, 21.6342010500004], [80.26022338800044, 21.620149612000432], [80.29537200900029, 21.57547950700041], [80.34353611700033, 21.569460156000332], [80.32939199600042, 21.54794653100032], [80.3692321780004, 21.52291107200034], [80.41130828900043, 21.438201904000437], [80.38907623300037, 21.40737915000028], [80.40336608900037, 21.376489639000397], [80.44040679900036, 21.37210083000025], [80.4483184810004, 21.402330399000448], [80.51140594500026, 21.391860962000464], [80.59316253700047, 21.32479095500031], [80.65653228800034, 21.3307724000004], [80.6737899780004, 21.30908012400039], [80.60344696000027, 21.227422714000397], [80.45729827900033, 21.172840118000465], [80.43865203800021, 21.121400833000394], [80.44924926800041, 21.111940384000377], [80.43331909200037, 21.097150803000318], [80.4473419190004, 21.036621094000452], [80.42375946100032, 21.009590149000417], [80.45555877700048, 20.932109833000368], [80.54183960000046, 20.93391990700036], [80.55589294400045, 20.81968116800033], [80.54553222700036, 20.765369415000464], [80.57974184500046, 20.686521572000288], [80.50760650600023, 20.654600143000266], [80.48159790000034, 20.61709976200035], [80.51190185500042, 20.58511924700042], [80.56730651900023, 20.61240768400046], [80.62232208300031, 20.603862763000336], [80.59468841600034, 20.446420669000418], [80.60343933100046, 20.433250427000303], [80.58602142300043, 20.395610809000345], [80.61776733400029, 20.333681107000473], [80.54202270500025, 20.30684852600035], [80.51082611100026, 20.26961135900035], [80.46544647200028, 20.271621704000324], [80.38295745800042, 20.241720200000373], [80.4139862060004, 20.19023132300032], [80.38601684600042, 20.162809372000424], [80.39383697500045, 20.144020081000406], [80.43962860100027, 20.12911987300032], [80.45133972200034, 20.14487075800031], [80.49803161600045, 20.13891983000036], [80.54036712600032, 20.109832764000316], [80.54615783700046, 20.065710068000328], [80.53253936800047, 20.0039329530004], [80.54554748500038, 19.98718071000036], [80.52037811300028, 19.930879593000384], [80.48047637900032, 19.927801132000468], [80.44370269800032, 19.95267105100038], [80.40629577600038, 19.932500839000397], [80.40767669700034, 19.905902863000392], [80.48265075700033, 19.898899078000454], [80.49752044700034, 19.86874961900031], [80.43242540300025, 19.810804350000353], [80.39752960200036, 19.816230774000474], [80.39470672600038, 19.794578552000416], [80.45243835400032, 19.792900085000383], [80.47808837900027, 19.77240943900034], [80.48023986800041, 19.79544067400036], [80.45954895000028, 19.811330795000345], [80.46916198700035, 19.824661255000365], [80.54242706300033, 19.819271088000335], [80.53967285200042, 19.77459907500031], [80.66584014900036, 19.692211151000436], [80.6568527220004, 19.61226081800038], [80.72099304200032, 19.60839080800025], [80.76426696800024, 19.584831238000334], [80.76641082700041, 19.568319321000388], [80.82760620100044, 19.56267166100031], [80.84538269000035, 19.52917289700042], [80.87905120800042, 19.519029617000342], [80.89206695600035, 19.465681076000408], [80.86749267600027, 19.443460464000395], [80.78793334900024, 19.426700592000316], [80.81273651100042, 19.38274002100036], [80.84500885000034, 19.360910416000422], [80.74923706100037, 19.286741257000358], [80.68860626200046, 19.28348922700036], [80.67189025900035, 19.326448441000366], [80.61015319800038, 19.30714035000034], [80.56781768800033, 19.4009208680003], [80.51383972200028, 19.348199844000362], [80.47558593800045, 19.335042953000368], [80.44542694100039, 19.269889832000388], [80.37918090800042, 19.23261070300026], [80.38667297400036, 19.18902015700047], [80.32485199000047, 19.141532898000378], [80.32211303700024, 19.074871063000444], [80.28884124700033, 19.046289444000365], [80.29341125500025, 19.021591187000467], [80.26772308300042, 18.987329483000337], [80.26763916000027, 18.928789139000457], [80.3357315060004, 18.856119156000375], [80.34622192400042, 18.811080933000255], [80.29415893600037, 18.79059028600011], [80.27182006800035, 18.76222038300034], [80.24215698200044, 18.759748459000264], [80.26753997800046, 18.717969894000362], [80.2555566830004, 18.70961239100012], [80.21064875000042, 18.712980860000414], [80.17130198300026, 18.692179612000416], [80.14781670300044, 18.706741913000315], [80.11076849500034, 18.699389379000365], [80.01432894000038, 18.76827477500035], [79.94130328200032, 18.790475146000176], [79.91560510300042, 18.824025546000428], [79.96049197700034, 18.86596512100033], [79.9587073820004, 18.95929947900032], [79.93621651800044, 19.04291211700047], [79.87918083800031, 19.039842612000427], [79.86162041500035, 19.0987342720004], [79.94445159500026, 19.169425536000404], [79.92579662000031, 19.218537611000443], [79.9671040630003, 19.302009103000444], [79.97595565800043, 19.39985254000038], [79.93816981700047, 19.47827957500033], [79.8660494220004, 19.511955838000404], [79.79423557300032, 19.595481057000313], [79.7473916220004, 19.609308079000414], [79.70337159300033, 19.582598629000415], [79.62681243500026, 19.57337821700031], [79.59570098200027, 19.50716971500026], [79.5559639840003, 19.522636211000474], [79.54109235200048, 19.55469944800035], [79.51279186700037, 19.51617746100038], [79.46861841000037, 19.50487026200034], [79.36896429900037, 19.575427182000453], [79.3291629600003, 19.582513026000356], [79.31555876600038, 19.571247942000355], [79.30803004600023, 19.59026949800034], [79.24818184300022, 19.621221527000444], [79.25634815300037, 19.587585466000462], [79.2071789710003, 19.499583480000467], [79.22134152300043, 19.46760352400031], [79.19238824200033, 19.46075067700042], [79.09511587600048, 19.534418789000313], [79.0637069900003, 19.526233444000468], [78.99555922700034, 19.554025548000368], [78.95368071400037, 19.540129496000418], [78.94701822300021, 19.560116968000386], [78.97461997000039, 19.582198366000455], [78.95882034900046, 19.60846761600044], [78.96967069100026, 19.653582197000446], [78.85815893700033, 19.657475590000445], [78.83543508400032, 19.76127957600039], [78.80075904100028, 19.757072601000345], [78.78449979600032, 19.776224595000315], [78.73721831000029, 19.782508843000358], [78.71736806600029, 19.767047598000318], [78.69153282400038, 19.789890341000387], [78.55008736600047, 19.82290758100038], [78.51288062700047, 19.81582533400035], [78.48993813400034, 19.791685841000458], [78.47357913800033, 19.815526084000453], [78.42001340400031, 19.818817833000367], [78.38639766400036, 19.84634882500029], [78.3808116660004, 19.879166565000332], [78.33003893100044, 19.886248813000464], [78.33243293000032, 19.910388305000254], [78.31427843600034, 19.915475554000466], [78.28466998200048, 19.850515611000446], [78.33503841200047, 19.838865770000325], [78.3631921950003, 19.77679039200035], [78.33909301400035, 19.704435741000452], [78.3088262700004, 19.682221093000408], [78.27593260100042, 19.693356971000412], [78.25942866000042, 19.669257790000472], [78.2979188210004, 19.613692616000378], [78.27096428700037, 19.564009471000304], [78.29163704400031, 19.542879857000344], [78.29500636100028, 19.495309672000303], [78.3131093000004, 19.490055823000375], [78.3018592080004, 19.444827028000475], [78.27576128000038, 19.465385571000354], [78.28295677000028, 19.44859609400038], [78.24555164300023, 19.425981697000395], [78.21488931400029, 19.429194564000397], [78.12614493600029, 19.39241761400035], [78.11597987900046, 19.373172534000332], [78.19187516700026, 19.308413123000435], [78.16966051900022, 19.226750021000328], [78.14618951500029, 19.221381957000403], [78.11432377400047, 19.24245446400039], [78.05607456800033, 19.229548268000315], [78.04134094600039, 19.26307011400047], [77.98946369000043, 19.307575995000434], [77.87109839900035, 19.282809792000364], [77.91622579700027, 19.259962538000423], [77.8499578080004, 19.216120969000315], [77.85983257200036, 19.172755292000375], [77.83181441800025, 19.130757805000314], [77.85067164700024, 19.079956313000366], [77.82628217100034, 19.077933771000403], [77.81057772900039, 19.103512977000264], [77.79385780900037, 19.045987936000472], [77.75759482300043, 19.053468961000476], [77.75668111000039, 19.030340600000443], [77.76931128900031, 18.974616003000392], [77.81220107400031, 18.975091895000332], [77.81791178000032, 18.940530224000327], [77.85402010100034, 18.941779441000392], [77.84711966400045, 18.908050581000282], [77.88346593100027, 18.902042442000322], [77.91725427700032, 18.859569063000095], [77.95818100700035, 18.855583466000326], [77.93997813000027, 18.82328228300031], [77.89893242800036, 18.82649455500035], [77.84408585200043, 18.79990407900044], [77.79319512900048, 18.689080682000338], [77.7762414700004, 18.68574943700031], [77.76731849100048, 18.701037474000373], [77.74435669200034, 18.685452004000297], [77.73335843600034, 18.651012395000294], [77.74809205900038, 18.547591502000387], [77.70703208000043, 18.55273113700008], [77.6587329720004, 18.532687776000387], [77.65116892700047, 18.54976472000044], [77.59624437500042, 18.542908722000334], [77.60551475500046, 18.476902474000383], [77.54044323900035, 18.46654445200045], [77.58765174500036, 18.441179398000315], [77.53982457900031, 18.429282093000268], [77.54810510300035, 18.38064591000034], [77.51575395100036, 18.35530940900037], [77.5303733600004, 18.329611230000296], [77.55801317900034, 18.325328200000115], [77.56563426300028, 18.29592815900037], [77.54602750400028, 18.282365231000313], [77.50943139400027, 18.299354582000262], [77.4926323990004, 18.26085490300045], [77.45932946300042, 18.254658787000437], [77.43580135200028, 18.275959722000266], [77.43054750200048, 18.308739177000405], [77.36121952700034, 18.305541181000308], [77.35071182700028, 18.33717849500033], [77.39930993800044, 18.33569371100043], [77.41677508700036, 18.393438185000377], [77.37054216000035, 18.401718709000363], [77.35364798700039, 18.44935551900045], [77.32560987800036, 18.420742415000348], [77.31183136700048, 18.44006625300011], [77.23893641000029, 18.402119890000392], [77.24344786800037, 18.367227474000345], [77.21743171700047, 18.365788467000357], [77.22406527400034, 18.340309580000337], [77.19873714900035, 18.315735268000253], [77.21260731200033, 18.288145703000396], [77.17446436200044, 18.288748754000267], [77.13456338400039, 18.2076068490004], [77.09815763000029, 18.19618543600029], [77.10872243700021, 18.155710804000194], [77.05175814100033, 18.15856615700028], [77.03776691000047, 18.187262457000372], [77.0050731160004, 18.164562399000317], [76.9872509530004, 18.198160389000407], [76.95869742100047, 18.18654861900046], [76.9191507790004, 18.121398976000194], [76.96198107700036, 18.09674776000037], [76.94246949700033, 18.04401890500037], [76.90906186400025, 18.015179837000403], [76.91896042200034, 17.917526758000406], [76.89573688200034, 17.918478542000457], [76.88964546200026, 17.89896696200043], [76.83463049600039, 17.897912841000334], [76.79965356200046, 17.871378615000253], [76.7673903550002, 17.902737246000413], [76.7454643630004, 17.899205267000298], [76.73973549800041, 17.86063725300039], [76.75837143600029, 17.862674071000356], [76.78773398500033, 17.82987558100035], [76.76335878700041, 17.790102890000128], [76.71806574600032, 17.78190564700037], [76.72779155500046, 17.73900967600042], [76.70174121600036, 17.726550818000362], [76.69255649700045, 17.682578378000414], [76.66478818700045, 17.68893153900035], [76.61853146500027, 17.764574605000462], [76.58136428400036, 17.70009121100037], [76.5695621570004, 17.70908557400037], [76.57220811800039, 17.756127518000255], [76.52932071300046, 17.76006790600036], [76.5205071890004, 17.716980626000236], [76.4811984930003, 17.706035105000467], [76.48361602600039, 17.66368069900045], [76.4236721930003, 17.643070440000372], [76.41661178700036, 17.602228873000172], [76.33180779700047, 17.596232631000362], [76.33847028700035, 17.544836274000318], [76.36578650000035, 17.519899522000287], [76.34437135100046, 17.510952749000353], [76.34399063700039, 17.493249559000333], [76.37378148900041, 17.489823135000336], [76.32990422800043, 17.468883878000383], [76.33380654400037, 17.434905175000324], [76.3694984590004, 17.437094279000462], [76.36378775200035, 17.37903543100026], [76.40842644100042, 17.372658475000378], [76.41270947100043, 17.35428903600024], [76.38301379700027, 17.314504448000434], [76.35560240700033, 17.315075519000345], [76.34246778200043, 17.35486010700015], [76.31496121300029, 17.348578330000464], [76.3177213870004, 17.332683530000338], [76.27717537200033, 17.335824419000403], [76.27374894800033, 17.360190100000352], [76.25252415600033, 17.362093668000114], [76.24424363200029, 17.380653464000318], [76.17124176800041, 17.35486010700015], [76.17571515500026, 17.300608396000314], [76.16438892000042, 17.302226429000314], [76.16258053000041, 17.34343869400044], [76.12003576700033, 17.370088657000395], [76.07853796700033, 17.33306424400041], [76.05664692600033, 17.3575251030004], [76.01391180600041, 17.355431178000458], [75.93072584900034, 17.325449969000374], [75.89132197500038, 17.358667244000117], [75.88294627200037, 17.4190103760003], [75.86219737200048, 17.3869352410004], [75.84497007500033, 17.416059844000245], [75.8216513570004, 17.421389837000277], [75.81327565400045, 17.37303918900045], [75.79566764300046, 17.36980312200029], [75.73351612100038, 17.420818766000366], [75.68687868600045, 17.413965918000372], [75.67393441800039, 17.45612996700038], [75.63310286700033, 17.477354759000434], [75.60397826400026, 17.421294658000306], [75.60873718600021, 17.398737368000354], [75.57656687300039, 17.373610260000362], [75.5841811490003, 17.351624040000388], [75.60902272100031, 17.34077369800019], [75.60108554200036, 17.308067229000414], [75.62065292300036, 17.301815894000185], [75.6333116550004, 17.27288164800035], [75.65748697900028, 17.270597366000345], [75.66557714700036, 17.216726369000355], [75.62931416100037, 17.172849108000378], [75.6531087710004, 17.114885438000442], [75.67499981200046, 17.11498061600031], [75.68118641100028, 17.067962467000314], [75.6437812840004, 17.03731500900028], [75.67461909800039, 17.029700734000244], [75.67842623600046, 16.956032621000418], [75.65215698600048, 16.94937013000026], [75.61589400100041, 16.966121535000468], [75.61189650600033, 16.99952916800015], [75.5771563760004, 17.00600130200047], [75.56897103000028, 16.96298064700028], [75.53166108100032, 16.96298064700028], [75.4951125600004, 16.940518535000365], [75.4889259610004, 16.970404565000308], [75.45599422100037, 16.986775257000318], [75.42372873000028, 16.964122788000395], [75.39298609400021, 16.97801884000029], [75.34777633500028, 16.95422423000025], [75.28781391700034, 16.95374833800031], [75.28295981700035, 16.867231136000385], [75.24222344400033, 16.864090248000423], [75.21947579700031, 16.840390816000422], [75.18882833900028, 16.845435273000476], [75.18958976700043, 16.872561129000417], [75.14342822300034, 16.872656307000113], [75.13505252100026, 16.89445217000025], [75.09641007400035, 16.917294996000408], [75.0882247280004, 16.94977463800035], [75.02455035200029, 16.93164314500035], [75.02176638200035, 16.950274325000407], [74.9685140450004, 16.951416466000296], [74.95887722800035, 16.93150037800035], [74.9376762300003, 16.941779649000466], [74.92818218100035, 16.931785913000454], [74.96337440900038, 16.9055166640004], [74.95722533100036, 16.880719184000327], [74.91184577300032, 16.855843347000246], [74.92164534600033, 16.773677703000317], [74.77676244000043, 16.745786613000462], [74.68970307100028, 16.695610212000247], [74.69098764100033, 16.67472206700046], [74.65365311300036, 16.637810034000324], [74.68465749000035, 16.616799394000452], [74.68125486000037, 16.602641601000414], [74.63518373600033, 16.60429770600041], [74.62913038800042, 16.5787137410004], [74.56306227300036, 16.559007045000385], [74.54141250900034, 16.633937462000404], [74.48925472400038, 16.631320055000458], [74.47309866000029, 16.66098003600041], [74.45813004500036, 16.645158880000338], [74.4714550260004, 16.604410610000343], [74.39947831400042, 16.584391411000297], [74.37352522600048, 16.5275552990002], [74.33865898400046, 16.53529132300008], [74.34008666000045, 16.55373214600047], [74.29719687600033, 16.56128693500034], [74.3001712020004, 16.508165468000414], [74.26712524800035, 16.555906974000266], [74.27569130700044, 16.51079239300043], [74.25256294600035, 16.501940798000305], [74.26369882400036, 16.483152574000258], [74.28597057900043, 16.509935787000416], [74.29166225000034, 16.46420254600031], [74.32899202700037, 16.454280194000376], [74.33690373500042, 16.41371038400041], [74.3593301550004, 16.41073605800034], [74.34469171100034, 16.377304631000413], [74.31676635600036, 16.36896699900035], [74.31509597500047, 16.320958994000136], [74.32880167000036, 16.32205354600029], [74.31952177200026, 16.31129838200036], [74.3402706720002, 16.296307778000312], [74.32364199200032, 16.2680911690004], [74.36630371700045, 16.293382676000192], [74.38406044500044, 16.27687516500032], [74.40871761000034, 16.283359197000323], [74.41897308700038, 16.257208920000323], [74.50101690200029, 16.230725519000316], [74.50869704100046, 16.20048643200022], [74.4816092570004, 16.14697235400041], [74.4836080040003, 16.089770111000462], [74.42337789800041, 16.10877605600035], [74.36136319500042, 16.056993036000335], [74.38188604600037, 16.057082266000464], [74.37362146500038, 16.045430283000314], [74.38454170300042, 16.041220124000404], [74.43156580200042, 16.057876351000345], [74.46373016600035, 16.04644899000033], [74.44087544300038, 15.96361400400042], [74.39494675300034, 15.905277385000431], [74.40076453500035, 15.850383219000435], [74.36525108000029, 15.823554797000384], [74.35466247800048, 15.771979979000378], [74.27851972600024, 15.73961931000025], [74.25912711900037, 15.749613046000434], [74.23354791300028, 15.739143417000435], [74.21510709000029, 15.750862263000329], [74.22182906800026, 15.781973716000266], [74.20975330300041, 15.781616796000435], [74.19880375800028, 15.754913128000396], [74.16053333600036, 15.75141697200047], [74.12391110300041, 15.725295693000419], [74.13089092900043, 15.688036659000431], [74.09115961300034, 15.675650278000262], [74.12012365700036, 15.652502481000397], [74.01903637400045, 15.608817133000343], [73.9680718290004, 15.63032371300045], [73.96332513500045, 15.691038891000346], [73.94661140100044, 15.697905864000347], [73.95427886500033, 15.711535822000258], [73.93837135500041, 15.738356332000194], [73.87481386500036, 15.752904547000355], [73.87955294100044, 15.773002796000355], [73.85956888700036, 15.799438845000395], [73.8262526140004, 15.744910926000387], [73.78888243300042, 15.728780939000274], [73.74762963500041, 15.738059250000333], [73.6747818470003, 15.726196440000422], [73.65241229900039, 15.744544714000313], [73.68047556700031, 15.751370198000359], [73.66278746200044, 15.756977212000265], [73.65385670200027, 15.792122206000272], [73.6643481770003, 15.807266924000317], [73.6525561060003, 15.794087551000473], [73.63087950600038, 15.855995921000101], [73.61324920500027, 15.855071053000358], [73.62018571700042, 15.869840043000352], [73.58952972700024, 15.900498925000306], [73.59252637500038, 15.918308921000403], [73.56978394000026, 15.910501472000362], [73.57076306900035, 15.925534454000399], [73.54827963100047, 15.926759248000337], [73.54183203300045, 15.942586713000253], [73.51099169100041, 15.937103291000426], [73.48404455200023, 16.037101241000187], [73.45183836000035, 16.046573693000425], [73.46880187600044, 16.05063792400034], [73.45266800900038, 16.06062641200043], [73.47284433800041, 16.076672860000087], [73.45482242800034, 16.080533957000455], [73.4698032200003, 16.0969593410004], [73.46576075900043, 16.152033243000346], [73.48137430300034, 16.151439854000387], [73.46839392200025, 16.15655783300025], [73.46383224500039, 16.152626632000135], [73.4586400920004, 16.138607820000175], [73.46145868900027, 16.090432064000254], [73.41490997100033, 16.28949216000035], [73.41082560200033, 16.27787842900034], [73.38518798400037, 16.338055881000344], [73.39284805800037, 16.361723358000404], [73.36804154300034, 16.364460646000225], [73.37169725400042, 16.390026797000417], [73.37253703000044, 16.377048429000354], [73.37793635100036, 16.39268927100045], [73.39983107300037, 16.3987172840001], [73.40606294200046, 16.407928701000287], [73.36494317500035, 16.39708690400039], [73.30942537100043, 16.54043835200025], [73.33313188100027, 16.56215141700028], [73.36181920300032, 16.51669233900043], [73.37056605200041, 16.523293542000317], [73.34443354700034, 16.557899957000416], [73.36264839600045, 16.551394977000427], [73.38434908000045, 16.55767675400034], [73.39691263400044, 16.550395603000368], [73.40062459300032, 16.56067487500036], [73.3946174180004, 16.561486489000345], [73.36339638000032, 16.55369749100032], [73.35426793400035, 16.567577691000395], [73.37857412800042, 16.572181948000377], [73.35455346900045, 16.575929599000403], [73.3470052660004, 16.56397181000017], [73.35155534800026, 16.58174738100041], [73.31907190100031, 16.586446596000258], [73.31964779100036, 16.609366510000427], [73.35057976900026, 16.5955958440004], [73.34254670900032, 16.6101748020003], [73.37941645700045, 16.633190139000476], [73.33350237800028, 16.619427336000456], [73.34075497500044, 16.6378729180002], [73.32396549800046, 16.636102599000367], [73.32693506500038, 16.68904084700017], [73.30262607300045, 16.761046555000405], [73.31891603800045, 16.806329754000387], [73.29359486200042, 16.81703486200047], [73.28631350200033, 16.88062315000036], [73.3061582070003, 16.888332604000368], [73.27681945200027, 16.892187331000343], [73.28174493700038, 16.948937476000367], [73.29530786500032, 16.980917432000354], [73.31236860000035, 16.954790950000245], [73.33199915300037, 16.950722071000314], [73.33018600400032, 16.973871848000385], [73.35831123300034, 16.97715550400028], [73.37430121100033, 16.93789439700032], [73.37872700800028, 16.937751629000388], [73.39400314800037, 16.953313304000403], [73.37775618800026, 16.93903653800021], [73.35828267900047, 16.98038205300037], [73.33464035500037, 16.977526700000453], [73.31031274600042, 16.965077360000294], [73.2911818790003, 16.98752043600024], [73.26816773200028, 16.989062327000397], [73.28290135500032, 17.011733831000413], [73.2535408430004, 17.02551624000023], [73.2556341160003, 17.048445914000297], [73.2791082530004, 17.0475324180004], [73.28768009300029, 17.0755948460004], [73.2933519480004, 17.067413219000343], [73.30678528800041, 17.076996612000414], [73.28199239600036, 17.077753900000346], [73.24894002600047, 17.192219278000437], [73.23030574900048, 17.19978739300018], [73.24475383600031, 17.19824550300035], [73.2407563410004, 17.22771274800033], [73.18799653700046, 17.299123773000474], [73.2239859000004, 17.301642601000367], [73.2272695570004, 17.28129820900034], [73.24882747300029, 17.282083432000377], [73.26091946800045, 17.264387417000364], [73.26742215500036, 17.292379263000385], [73.23294503200043, 17.290242441000316], [73.24167286700037, 17.313319516000433], [73.21680132200032, 17.328614028000402], [73.23063111100038, 17.335228744000233], [73.20609886800031, 17.38448953500034], [73.1847917210003, 17.38256811000025], [73.16642796100035, 17.404398676000312], [73.19499923300037, 17.435890090000385], [73.17230100400042, 17.51936888600045], [73.13591673200034, 17.55500097900034], [73.17117960500025, 17.578279432000386], [73.1462559340003, 17.57910730400033], [73.16274567400046, 17.587307831000373], [73.13690155800026, 17.608757076000416], [73.12651456300034, 17.63707157000033], [73.14520198900044, 17.639513963000354], [73.11313880600039, 17.688176272000305], [73.13857122400043, 17.7064561330003], [73.08840709700036, 17.8076206220004], [73.09052895500042, 17.839962215000185], [73.11134562200033, 17.83771219700037], [73.08638904100036, 17.841977396000402], [73.07131357000026, 17.891621265000424], [73.04538928300036, 17.90680372700035], [73.04612057400038, 17.929412314000217], [73.06183379700047, 17.926685003000443], [73.02837272800042, 17.949236893000318], [73.02740388800038, 17.972487652000382], [73.06145692700034, 17.99205936800047], [73.03366052700034, 17.978698131000442], [73.00279959100021, 18.02059697600015], [73.05722854800035, 18.04363068000032], [73.04319673500027, 18.06111476400031], [73.0151952260004, 18.027779787000384], [72.99043495400042, 18.053092759000265], [72.98964833600036, 18.062595015000454], [72.99943084200027, 18.069467034000354], [73.00191302300038, 18.07451516000043], [73.00206150800034, 18.081716673000415], [72.96897164400036, 18.132443442000465], [72.99448878300035, 18.15811209900039], [72.96627875600029, 18.210187337000377], [72.9302441990003, 18.2205237160004], [72.93907326400034, 18.286374773000205], [72.96643164300042, 18.281888989000322], [72.98093901400023, 18.243954994000376], [73.0202593270003, 18.2475427800004], [73.0722400870003, 18.212912384000333], [73.04415049600044, 18.24546370600035], [73.06328136300033, 18.26987697500033], [72.98438493300034, 18.272011220000422], [72.98620764700036, 18.291591333000383], [72.95067303200034, 18.336505972000396], [72.91853928900031, 18.347476820000395], [72.91065694100041, 18.369446863000405], [72.92459085000036, 18.38717893900025], [72.90937651100035, 18.39682499000037], [72.89426331600032, 18.459685624000315], [72.91207849200038, 18.50963448900029], [72.90504474300042, 18.544183669000404], [72.9131869550003, 18.53052590900029], [72.92808684600044, 18.538577278000446], [72.88119329100027, 18.620836209000345], [72.85820349900041, 18.631896061000475], [72.84968360800042, 18.698117227000466], [72.86899727600041, 18.812902402000418], [72.91330321300035, 18.79975029300033], [72.94248404500036, 18.82622472200012], [72.93151292800042, 18.79795843100038], [72.99471001200027, 18.78075130400032], [72.97124574800023, 18.813288416000375], [72.99956322500032, 18.80958805100039], [72.96346794000044, 18.839038595000318], [72.92346137100026, 18.8458432310004], [72.89718139600035, 18.891950509000253], [72.90964521900037, 18.915058148000412], [72.9456351000004, 18.921046196000418], [72.95197045100048, 18.971846327000378], [72.97746828400028, 18.965484904000448], [72.99999397700043, 18.97633060800041], [73.01825012800043, 18.991945587000373], [72.95938117700041, 18.989753083000323], [72.97891179300046, 19.035667162000436], [72.96680509600031, 19.0894620170003], [72.98165293200032, 19.149024684000324], [72.97946793700027, 19.15599799400036], [72.96832372100033, 19.13266261400031], [72.95779764700035, 19.144830268000362], [72.9553230070004, 19.10906221000033], [72.94112238400038, 19.125147367000295], [72.95147779800027, 19.097831155000392], [72.93411725100032, 19.09389076700029], [72.95016724300046, 19.093413702000362], [72.9580515870004, 19.068986156000335], [72.9415761990004, 19.061033997000266], [72.93071561800036, 19.076870262000398], [72.9179141180004, 19.07991597200032], [72.91317662200026, 19.065532389000282], [72.92367717300033, 19.07432899700035], [72.94271286100047, 19.05807252000028], [72.95893126700031, 19.06486826000031], [72.95357818200034, 19.02782154500028], [72.90344097500042, 18.99152287400028], [72.86530201600038, 18.998524096000267], [72.84359406400034, 18.930123825000408], [72.79847209100035, 18.878320264000195], [72.80446452200033, 18.909619761000272], [72.82588514300033, 18.92324574500026], [72.81403106500022, 18.95333393000027], [72.79370585500038, 18.93824553200028], [72.79095757700037, 18.952486607000253], [72.81345776100022, 18.98338152800028], [72.81305986000041, 19.028154136000353], [72.8276507150004, 19.0208016010003], [72.83862772800046, 19.044939990000273], [72.8163786280004, 19.039775673000292], [72.82593680500048, 19.092499280000368], [72.81114971900041, 19.13178212800028], [72.80215194400046, 19.143022871000312], [72.79285284300033, 19.128698589000294], [72.77918284000032, 19.133302846000333], [72.79591662000041, 19.198600782000312], [72.78035938400035, 19.192205505000402], [72.78217669700035, 19.260285415000396], [72.77697162600037, 19.27590062800033], [72.76715634900029, 19.269803259000412], [72.7934655930004, 19.315857856000434], [72.82311719900042, 19.319107105000455], [72.74133598600042, 19.375697896000418], [72.7598957820004, 19.393186934000425], [72.73961236400027, 19.45707397500047], [72.78341930200037, 19.505823575000306], [72.75217464300044, 19.493020521000346], [72.73489975600046, 19.51579196300031], [72.72212205000034, 19.51557781200046], [72.72797552400039, 19.49687524800038], [72.71776763600047, 19.50708313600029], [72.7161258080003, 19.52185958900037], [72.72861797900038, 19.51579196300031], [72.73040491100039, 19.530379614000367], [72.72469420400034, 19.53970710000044], [72.70891318600042, 19.543803222000463], [72.71969016200035, 19.613600744000394], [72.69768014700026, 19.66273661400038], [72.70529442200029, 19.70175977500037], [72.6711253620004, 19.72593509900031], [72.68540148300042, 19.792266540000412], [72.67838207300031, 19.810469417000263], [72.65649103100037, 19.80666227900042], [72.64340399600036, 19.84116446400043], [72.64709216000034, 19.869955942000388], [72.66130249500043, 19.859330875000467], [72.67843461500041, 19.87089505600045], [72.64871514700042, 19.940875004000418], [72.66501445500023, 19.938138624000317], [72.68806709800043, 19.975284241000395], [72.70442589200036, 19.97662268800036], [72.73718754600037, 19.94250556700041], [72.7527135290004, 19.941970188000425], [72.75424828200033, 19.921090418000347], [72.75699655900041, 19.915344019000315], [72.75571165000042, 19.912310207000473], [72.75853131200029, 19.911917595000318], [72.75403413000038, 19.942791102000342], [72.73351127900037, 19.953284525000356], [72.74920977300042, 19.964883803000305], [72.71028626500043, 19.980094980000445], [72.70152984900028, 20.0789853790003], [72.73108114800033, 20.135805478000407], [72.80184936500041, 20.125019073000317], [72.80206298800022, 20.148469925000313], [72.83534240700033, 20.144641876000378], [72.83553314200037, 20.18766021700037], [72.84964977500033, 20.189307437000423], [72.85028839100045, 20.207941055000276], [72.87200164800032, 20.208240509000404], [72.87454223600037, 20.225809097000422], [72.96582978400028, 20.212180241000397], [72.96308344700032, 20.18430192400041], [72.97771713200046, 20.18159528700039], [72.96352364700033, 20.13113286800035], [72.97482608700045, 20.114405257000328], [72.99290047300042, 20.11884057200041], [72.9988205710003, 20.140826792000382], [73.01165062500036, 20.13347901700041], [73.00155837900036, 20.115618306000442], [73.04405555300048, 20.0619138710004], [73.05681541300038, 20.1015021540004], [73.10146005000041, 20.07987880200045], [73.13518890900025, 20.090199714000335], [73.18014908900022, 20.051807055000438], [73.20778186800032, 20.085752404000402], [73.2126143950004, 20.123219454000377], [73.23548889200043, 20.140991211000426], [73.26129150400033, 20.125591278000286], [73.29363250700044, 20.153881073000377], [73.2940597530004, 20.19386100800034], [73.31114959700028, 20.20721054100045], [73.35285186800041, 20.198471069000277], [73.3675994870004, 20.213371277000363], [73.37431335400032, 20.19265937800037], [73.39528656000033, 20.20916938800042], [73.39807891800046, 20.196001053000373], [73.42682647700042, 20.201570511000398], [73.4204101560004, 20.256999969000276], [73.43694305400038, 20.28212165800045], [73.41478729200037, 20.381570816000476], [73.39157867400036, 20.37289047200045], [73.39134979200043, 20.390199661000395], [73.42974090600023, 20.414390564000314], [73.4759368900003, 20.49501991300042], [73.47226715100038, 20.51404953000025], [73.50074005100043, 20.54024124100033], [73.48179626500047, 20.543359756000314], [73.48081970200036, 20.583599091000394], [73.43750000000045, 20.59747123700032], [73.40158081100037, 20.649209976000463], [73.43991851800035, 20.664840698000376], [73.45868682900044, 20.714319229000353], [73.48261261000039, 20.717229843000325], [73.49843597400047, 20.65341949500032], [73.53837585400038, 20.673860550000427], [73.56294250500025, 20.647390366000366], [73.62219238300037, 20.625299454000412], [73.63677215600029, 20.579290390000324], [73.67070770300035, 20.56233978300037], [73.70101928700029, 20.578380585000446], [73.74820709200031, 20.5673599240003], [73.78705596900045, 20.60225868200041], [73.83828735400033, 20.61576080300034], [73.84535217300038, 20.6670703890004], [73.82543182400036, 20.673618317000376], [73.82264709500043, 20.693820953000397], [73.86360168500045, 20.694299698000464], [73.88556671100042, 20.72961044300041], [73.92090606700037, 20.72352981600028], [73.94953155500042, 20.742309570000373], [73.93834686300033, 20.76078987100044], [73.9450988770003, 20.840131760000418], [73.93106079100039, 20.848390579000466], [73.92732238800022, 20.899110794000364], [73.89501953100046, 20.940139771000418], [73.91533046600046, 20.964791557000467], [73.90644836400043, 20.98315048200044], [73.84328204800045, 20.99349076400034], [73.80006660000038, 21.047127631000308], [73.80919227300024, 21.079096286000322], [73.7914809600004, 21.06477417400032], [73.74224090600029, 21.08156967200034], [73.75260925300029, 21.11408996600045], [73.73889160200048, 21.101329803000453], [73.71058654800026, 21.119022369000447], [73.69338989300036, 21.10099029500043], [73.6599426270003, 21.108379364000257], [73.6577301030004, 21.121049881000317], [73.62872314500021, 21.120149612000375], [73.62908172600032, 21.141660690000435], [73.58879852300032, 21.154190063000385], [73.58830261200023, 21.167900085000383], [73.6131668090004, 21.17605972300032], [73.63745117200034, 21.15313911400034], [73.6363983150004, 21.13265991200035], [73.68131256100048, 21.152120590000266], [73.73668670700039, 21.13828086900031], [73.7416229250004, 21.16711044300041], [73.7836608890002, 21.16506004300038], [73.7963104250004, 21.181730270000457], [73.82254791300039, 21.171920776000434], [73.83590698200021, 21.195180893000384], [73.81877899200038, 21.20385932900041], [73.83213806200047, 21.267450333000397], [73.89199066200041, 21.262411118000443], [73.9484863280004, 21.297550201000433], [73.95284271200023, 21.4023704530004], [73.96869659400033, 21.392061234000323], [74.04854583700035, 21.41942977900038], [74.06716156000027, 21.481931686000394], [74.07814788800033, 21.457811356000434], [74.10898590100038, 21.44802284200034], [74.12892150900035, 21.463520050000454], [74.22263336200041, 21.458990097000367], [74.22904968300043, 21.479600906000314], [74.24967193600025, 21.46286964400042], [74.30591583300031, 21.47939109800035], [74.32772064200026, 21.495750427000416], [74.33550809800033, 21.540137254000285], [74.31581878700041, 21.543170929000382], [74.30996704100028, 21.567321777000416], [74.27011108400029, 21.535631180000337], [74.2391967770003, 21.55029106100028], [74.20523834200031, 21.52921104400042], [74.18286895800026, 21.561559677000446], [74.14582824700034, 21.550340652000386], [74.06920623800033, 21.559509277000416], [73.98352050800048, 21.542041779000385], [73.98568725600035, 21.521360397000365], [73.96631622300026, 21.53907012900038], [73.95728302000026, 21.51647186300039], [73.91047668500039, 21.520170212000437], [73.86078643800028, 21.495822906000456], [73.82315063500033, 21.60067939800041], [73.78761291500035, 21.62504959100039], [73.88562774700034, 21.6450595860004], [73.89636230500037, 21.70028114300038], [73.83120727500028, 21.76288986200035], [73.84496307400025, 21.790681839000456], [73.81051635700038, 21.823337555000364], [73.87960052500046, 21.83864021300036], [74.13816070600035, 21.953371048000463], [74.20163726800047, 21.92552948000042], [74.29064941400037, 21.93605995200039], [74.30204010000034, 21.967439651000348], [74.35463714600036, 21.97919845600046], [74.38831329300041, 22.020179749000476], [74.44263231800034, 22.0217053960003]], [[77.29092626600033, 18.45866585700037], [77.2977041190004, 18.47852669500037], [77.25942604100032, 18.480269295000312], [77.26025885200039, 18.453797791000284], [77.29092626600033, 18.45866585700037]], [[74.3768637420003, 15.890744290000441], [74.36657484000023, 15.88038754500036], [74.33923127300045, 15.851338357000202], [74.37965102200036, 15.852935349000177], [74.3768637420003, 15.890744290000441]], [[74.27664428400033, 15.828676559000314], [74.25744230500038, 15.825392972000316], [74.25850757800038, 15.795109327000262], [74.29545711200046, 15.785633045000452], [74.30652396500034, 15.796364701000414], [74.27664428400033, 15.828676559000314]]], [[[72.9060063650004, 18.95737799200026], [72.89696917200041, 18.95945256500039], [72.89984768300047, 18.96478254700031], [72.9060063650004, 18.95737799200026]]], [[[72.93206214500026, 18.951280821000353], [72.92098771400032, 18.962206800000445], [72.93759127700037, 18.972240906000422], [72.9440433440003, 18.965128048000395], [72.93206214500026, 18.951280821000353]]], [[[72.81048461800032, 19.073567761000277], [72.80667748000047, 19.073805707000417], [72.81024667200035, 19.077969764000272], [72.81048461800032, 19.073567761000277]]]]}, "properties": {"pc11_s_id": "27", "s_name": "Maharashtra"}}, {"type": "Feature", "geometry": {"type": "Polygon", "coordinates": [[[78.32435318300008, 19.89363031000005], [78.38081166600006, 19.879166565000048], [78.40285640900004, 19.831585829000062], [78.43337990000003, 19.813132084000074], [78.47357913800005, 19.815526084000055], [78.48993813400006, 19.79168584100006], [78.51288062700007, 19.815825334000067], [78.55008736600007, 19.822907581000038], [78.69153282400003, 19.789890341000046], [78.71736806600006, 19.767047598000033], [78.73721831000006, 19.782508843000073], [78.78449979600003, 19.77622459500003], [78.80075904100005, 19.75707260100006], [78.83543508400004, 19.76127957600005], [78.85815893700004, 19.657475590000047], [78.96967069100003, 19.65358219700005], [78.95882034900006, 19.60846761600004], [78.97461997000005, 19.582198366000057], [78.94701822300004, 19.560116968000045], [78.95368071400003, 19.540129496000077], [78.99555922700006, 19.554025548000027], [79.06370699000007, 19.52623344400007], [79.09511587600008, 19.53441878900003], [79.19238824200005, 19.460750677000078], [79.22134152300004, 19.467603524000026], [79.20717897100008, 19.49958348000007], [79.25634815300003, 19.587585466000064], [79.24818184300005, 19.621221527000046], [79.30803004600006, 19.590269498000055], [79.31555876600004, 19.57124794200007], [79.32916296000008, 19.582513026000072], [79.36896429900008, 19.575427182000055], [79.46861841000003, 19.504870262000054], [79.51279186700003, 19.51617746100004], [79.54109235200008, 19.554699448000065], [79.55596398400007, 19.522636211000076], [79.59570098200004, 19.507169715000032], [79.62681243500003, 19.573378217000027], [79.70337159300004, 19.582598629000074], [79.74739162200007, 19.609308079000073], [79.79423557300004, 19.59548105700003], [79.86604942200006, 19.511955838000063], [79.93816981700007, 19.478279575000045], [79.97595565800003, 19.39985254000004], [79.96710406300008, 19.302009103000046], [79.92579662000009, 19.218537611000045], [79.94445159500003, 19.169425536000062], [79.86162041500006, 19.09873427200006], [79.87918083800008, 19.03984261200003], [79.93621651800004, 19.04291211700007], [79.95870738200006, 18.959299479000038], [79.96049197700006, 18.865965121000045], [79.91646170900003, 18.834804505000022], [79.92310040500007, 18.808963558000073], [80.05359004700006, 18.744718111000054], [80.08421371000009, 18.70609945900003], [80.14781670300005, 18.70674191300003], [80.17130198300003, 18.692179612000075], [80.26753997800006, 18.717969894000078], [80.34184342000003, 18.586440719000052], [80.36251831100003, 18.60374069200003], [80.38156127900004, 18.593599319000077], [80.48346710200008, 18.628120422000052], [80.63268280000005, 18.51884079000007], [80.65077972400007, 18.472280502000046], [80.69889068600008, 18.436000824000075], [80.69100952100007, 18.41934967000003], [80.72653961200007, 18.408990860000074], [80.71626281700003, 18.382940292000058], [80.74462127700008, 18.302181244000053], [80.78811645500008, 18.254039764000026], [80.73326873800005, 18.218790054000067], [80.73455810500008, 18.171712875000026], [80.79792785600006, 18.166299820000063], [80.82958984400005, 18.234119415000066], [80.85910034200003, 18.226001740000072], [80.86749267600004, 18.207258224000043], [80.84819793700007, 18.19765090900006], [80.86202240000006, 18.132669449000048], [80.97367858900003, 18.168149948000064], [80.94399261500007, 18.081020355000078], [80.96595764200003, 18.043468475000054], [81.00434875500008, 17.838348389000032], [81.04522705100004, 17.783990860000074], [81.07360076900005, 17.786291122000023], [81.15956878700007, 17.852630615000066], [81.26336669900007, 17.810462952000023], [81.40925598100006, 17.804838181000036], [81.41941833500005, 17.820598602000075], [81.46684265100004, 17.82492065400004], [81.48583984400005, 17.802610397000024], [81.55393981900005, 17.81636810300006], [81.57251405300008, 17.83564264900002], [81.61569976800007, 17.822010040000066], [81.66306304900007, 17.876930237000067], [81.68828582800006, 17.88479995700004], [81.70335604700006, 17.86123357100007], [81.80104064900007, 17.936080933000028], [81.95176696800007, 17.992099762000066], [82.00168609600007, 18.023660660000075], [82.00157928500005, 18.044811249000077], [82.02465820300006, 18.057880402000023], [82.04432327600006, 18.04600119400004], [82.07221221900005, 18.065637589000062], [82.12708282500006, 18.051000595000062], [82.13236999500003, 18.035619736000058], [82.16034698500005, 18.043598175000056], [82.17740631100008, 18.010570526000038], [82.26107788100006, 17.982400894000023], [82.26695251500007, 18.04827117900004], [82.29789733900003, 18.06196022000006], [82.31320953400007, 18.034757614000057], [82.32306705300005, 18.05767986500007], [82.33725036200008, 18.050062626000056], [82.33336639400005, 18.14237976100003], [82.35756683300008, 18.125101089000054], [82.36429595900006, 18.134859085000073], [82.34873199500004, 18.161832809000032], [82.31030273400006, 18.174602509000067], [82.30609893800005, 18.195659637000063], [82.33281707800006, 18.215789795000035], [82.32131958000008, 18.22245979300004], [82.33689880400004, 18.26624107400005], [82.37187957800006, 18.27410125700004], [82.39301300000005, 18.306440353000028], [82.38436889600007, 18.318700790000037], [82.34874725300006, 18.306150436000053], [82.33444213900003, 18.31713295000003], [82.38442993200005, 18.36911010700004], [82.36128997800006, 18.40991020200005], [82.47400665300006, 18.536832809000032], [82.49915313700006, 18.501750946000072], [82.52313232400007, 18.503929138000046], [82.51613616900005, 18.455881119000026], [82.53015136700003, 18.434310913000047], [82.55377197300004, 18.437650681000036], [82.53515625000006, 18.38956069900007], [82.60050964400006, 18.368709564000028], [82.60382843000008, 18.320371628000032], [82.57643890400004, 18.30681037900007], [82.59503346500009, 18.301232193000033], [82.58846241900005, 18.27507134600006], [82.62687683100006, 18.22874069200003], [82.64530944800003, 18.240449905000048], [82.65883636500007, 18.28660965000006], [82.76705169700006, 18.331079483000053], [82.79329681400003, 18.394969940000067], [82.77622222900004, 18.419691086000057], [82.79917144800004, 18.439401627000052], [82.84490966800007, 18.409772873000065], [82.88461303700007, 18.412759781000034], [82.88490295400004, 18.37862014800004], [82.90274810800008, 18.355911255000024], [82.97644805900006, 18.35491180400004], [83.01718139600007, 18.384500504000073], [83.05339050300006, 18.37529945400007], [83.06649780300006, 18.392259598000066], [83.05982971200007, 18.428632736000054], [83.03743743900003, 18.418949127000076], [83.03732299800004, 18.434829712000067], [83.01541137700008, 18.444429398000068], [83.09420125200006, 18.540336721000074], [83.06105484600005, 18.57623768600007], [83.09021235900008, 18.630916037000077], [83.08704834000008, 18.667044086000033], [83.12546769000005, 18.66160472300004], [83.14930793300005, 18.699417621000066], [83.13918693600004, 18.718785882000077], [83.10874533700007, 18.70089523400003], [83.07747474000007, 18.707374696000045], [83.08304227100007, 18.72494474100006], [83.13295745800008, 18.772449493000067], [83.20170593300008, 18.74222946200007], [83.20506286600005, 18.71586036700006], [83.21939086900005, 18.76581955000006], [83.26609802200005, 18.75700950600003], [83.27950286900005, 18.789600372000052], [83.35629272500006, 18.80011940000003], [83.35887908900008, 18.83200073200004], [83.37283325200008, 18.821210861000054], [83.39630127000004, 18.83070945700007], [83.41133880600006, 18.859340668000073], [83.34661102300004, 18.926870346000044], [83.38022613500004, 18.923282623000034], [83.34577551200005, 18.957094077000022], [83.34136962900004, 18.91839981100003], [83.32202911400003, 18.923250198000062], [83.33302307100007, 18.93931961100003], [83.31636724400005, 18.990404756000032], [83.34633636500007, 19.009889603000033], [83.36232757600004, 18.994729996000046], [83.40885162400008, 18.99619102500003], [83.40878295900006, 18.979890823000062], [83.45548248300008, 18.945579529000042], [83.44851684600008, 18.999631882000074], [83.47460174600008, 19.00031280500008], [83.47796630900007, 19.021190643000068], [83.45939636200006, 19.069671631000062], [83.47323608400006, 19.077762604000043], [83.49362945600006, 19.053089142000033], [83.50538635300006, 19.064771652000047], [83.51367187500006, 19.024780273000033], [83.49355316200007, 19.026800156000036], [83.49539947500006, 19.01109123200007], [83.53138732900004, 19.005420685000047], [83.55229950000006, 19.047189713000023], [83.54643249500003, 19.07382965100004], [83.55766296400003, 19.05138015700004], [83.57876586900005, 19.049789429000043], [83.58444976800007, 19.07973098800005], [83.60441589400006, 19.088180542000032], [83.59429840400009, 19.120331320000048], [83.62759951900006, 19.16246132400005], [83.65969848600008, 19.06974029500003], [83.69702148400006, 19.01647949200003], [83.72325134300007, 19.011899948000064], [83.70575122700006, 18.98523654400003], [83.72630310100004, 18.97556114200006], [83.74582672100007, 18.918172836000053], [83.78006744400005, 18.907720566000023], [83.73956298800005, 18.978441238000073], [83.78830719000007, 19.007810593000045], [83.81476593000008, 18.953178406000063], [83.81693601300003, 18.909412737000025], [83.84027099600007, 18.90406036400003], [83.83709716800007, 18.86470985400007], [83.88686477800007, 18.80545156000005], [83.90197753900009, 18.816921234000063], [83.93978881800007, 18.796600342000033], [84.02706146200006, 18.80220031700003], [84.07437654600005, 18.761937113000045], [84.11710935700006, 18.76194666300006], [84.12294006300004, 18.748268127000074], [84.15136718800005, 18.77576065100004], [84.17981720000006, 18.768970490000072], [84.22698974600007, 18.78716087300006], [84.25218963600008, 18.77248191800004], [84.27854919400005, 18.78968048100006], [84.30905215700005, 18.778461633000063], [84.33222198500005, 18.792022705000022], [84.32932281500007, 18.808998108000026], [84.35740624400006, 18.837548965000053], [84.32840376700005, 18.878148819000046], [84.33546485000005, 18.887106861000063], [84.37005204400003, 18.85944498400005], [84.38191599900006, 18.875681014000065], [84.36155986800009, 18.89212039800003], [84.39245351900007, 18.877398052000046], [84.37988936400006, 18.904690454000047], [84.41617912500004, 18.896351051000067], [84.40973225700003, 18.920693193000034], [84.42743362100003, 18.910513131000073], [84.43834776900007, 18.92408507700003], [84.42674718600006, 18.973396300000047], [84.44925488800004, 18.979067461000056], [84.43287354200004, 19.012174729000037], [84.42050112400005, 19.016992171000027], [84.41155369300003, 19.032299047000038], [84.47563031900006, 18.993266772000027], [84.50711059600008, 19.035448074000044], [84.55359649700006, 19.047409058000028], [84.56613922100007, 19.065038681000033], [84.58769226100009, 19.012990952000052], [84.61271667500006, 19.054830551000066], [84.65453338600008, 19.052310944000055], [84.66458892800006, 19.066291809000063], [84.65416717500005, 19.08101272600004], [84.61982727100008, 19.07650947600007], [84.59184265100004, 19.123840332000043], [84.66117095900006, 19.12186050400004], [84.66501617400007, 19.15673065200002], [84.70208740200007, 19.15114975000006], [84.69754791300005, 19.10881805400004], [84.76156386800005, 19.071724731000074], [84.66956336000004, 18.951812322000023], [84.61037470000008, 18.900709928000026], [84.54879424900008, 18.78742973800007], [84.42510653600004, 18.668551966000052], [84.40823139900004, 18.671721408000053], [84.42926107500006, 18.66391201700003], [84.44710703300007, 18.687854153000046], [84.43842437900008, 18.66034758400008], [84.36361388600005, 18.588751090000073], [84.35580616100003, 18.55529729500006], [84.15118227000005, 18.37603655600003], [84.12589018600005, 18.311735588000033], [83.94680536600004, 18.212089948000028], [83.75098218300008, 18.129494624000074], [83.56884211600004, 18.010361586000045], [83.53196047100005, 17.951053520000073], [83.46069335900006, 17.905971527000077], [83.45764160200008, 17.920972824000046], [83.45485687300004, 17.889030457000047], [83.41153746300006, 17.846303179000074], [83.41074575000005, 17.810625768000023], [83.35371656000007, 17.75570520100007], [83.34546690600007, 17.72550264800003], [83.29800545200004, 17.69484226800006], [83.28263556900004, 17.660624546000065], [83.23305244200003, 17.625008552000054], [83.19549745600006, 17.63820154900003], [83.19631599000007, 17.621602429000063], [83.23589622400004, 17.611804800000073], [83.21203628100005, 17.590909702000033], [83.02211915100008, 17.509059948000072], [82.99121455700003, 17.472709758000065], [82.60324582000004, 17.290610508000043], [82.46114104100008, 17.19133223800003], [82.33128014600004, 17.072124647000066], [82.29258826900008, 17.02664512000007], [82.27049077400005, 16.941003291000072], [82.25065026900006, 16.930276949000074], [82.27147055200004, 16.879415970000025], [82.31628345200005, 16.84795246500005], [82.35149947500008, 16.851378889000046], [82.35835232300008, 16.948841612000024], [82.32580129600007, 16.99148155300003], [82.35911375000006, 16.961976236000055], [82.36304349700004, 16.888292782000065], [82.33337159400008, 16.735206272000028], [82.36171161100003, 16.73843290600007], [82.36822359600006, 16.718018290000032], [82.32907002100006, 16.666601340000057], [82.31226507800005, 16.596407241000065], [82.28460384400006, 16.638047808000067], [82.26053195100008, 16.646765782000045], [82.25946119400004, 16.641866914000047], [82.29187443100005, 16.60717588800003], [82.26517687800003, 16.597324919000073], [82.26046554500005, 16.58604627400007], [82.29458618200005, 16.602363586000024], [82.29902648900008, 16.58930969200003], [82.26958465600006, 16.56347465500005], [82.31041717500005, 16.56875038100003], [81.95486996800008, 16.40000942000006], [81.86190804900008, 16.37679756800003], [81.72223368800007, 16.31374185100003], [81.67833108100007, 16.33203635900003], [81.48066374900003, 16.352227180000057], [81.39164708100003, 16.344469573000026], [81.29652560100004, 16.300368406000075], [81.20311923800006, 16.186355651000042], [81.18664445200005, 16.11134615000003], [81.13655679800007, 16.022770714000046], [81.14048290900007, 15.976906603000032], [81.11862825000009, 15.98135643300003], [81.11275982900008, 16.005205063000062], [81.06485418400007, 16.005757880000033], [81.10459491200004, 16.004477906000034], [81.11527393300008, 15.982034829000042], [81.13480454900008, 15.970213667000053], [80.99818839600005, 15.831882086000064], [80.99401244200004, 15.805612836000023], [81.01549804700005, 15.76348943000005], [80.94331858100009, 15.721195719000036], [80.82371030100006, 15.713705527000059], [80.79686998000005, 15.743286986000044], [80.78170667300003, 15.772796868000057], [80.78598970200005, 15.789928987000053], [80.81073609700007, 15.739008521000073], [80.79360397800008, 15.802778076000038], [80.80597717500007, 15.842277129000024], [80.77338145500005, 15.865432336000026], [80.70446629300005, 15.880555252000022], [80.53560159000006, 15.848778426000024], [80.54446551600006, 15.855693304000056], [80.54386120700008, 15.860244817000023], [80.33010683500004, 15.750593564000042], [80.33865096100004, 15.743363299000066], [80.28631191300008, 15.690411942000026], [80.24647973600008, 15.620455789000061], [80.23148913200004, 15.53565179900005], [80.17707574600007, 15.492714140000032], [80.21258920100007, 15.498924533000036], [80.20673572700008, 15.473333430000025], [80.10810360900007, 15.34107004200007], [80.08413031700007, 15.26801032800006], [80.08541732800006, 15.192746017000047], [80.04790781400004, 15.087408419000042], [80.10015905200004, 14.776033760000075], [80.14178878000007, 14.709693934000029], [80.17124616800004, 14.612991513000054], [80.19677572600006, 14.589253503000066], [80.17724395400006, 14.472421410000038], [80.17303706700005, 14.475752655000065], [80.16685046900005, 14.472364303000063], [80.17699649000008, 14.471279268000046], [80.17035303500006, 14.356522623000046], [80.12656827600006, 14.18183609700003], [80.14789776400005, 14.038550904000033], [80.25197145700008, 13.78402537200003], [80.23376367400004, 13.658566854000071], [80.26476294900004, 13.56903178500005], [80.24013552800005, 13.470997992000036], [80.20888130700007, 13.486231004000047], [80.14558288600006, 13.48182186200006], [80.13336197400008, 13.497297877000051], [80.06923074100007, 13.47582562100007], [80.07202898700007, 13.53548822600004], [80.03044790600006, 13.522068066000031], [79.98877004100007, 13.53998118000004], [79.98841312200005, 13.515294272000062], [80.03130290700005, 13.48947712000006], [79.99555150500004, 13.486205361000032], [79.96521337700005, 13.46080461500003], [79.96372621400008, 13.421662481000055], [79.93130605800008, 13.40881339200007], [79.95397042400003, 13.389063866000072], [79.92904557000008, 13.351111462000063], [79.91221088300006, 13.357952413000021], [79.88484589200004, 13.333570671000075], [79.81093983300008, 13.335569418000034], [79.78762111500004, 13.315581946000066], [79.75228611900008, 13.331690897000044], [79.73878981700005, 13.280028039000058], [79.71794573800008, 13.270034303000045], [79.78085868700003, 13.226597242000025], [79.74992569400007, 13.19608065500006], [79.72803465300007, 13.22421778100005], [79.69573347000005, 13.213034315000073], [79.70049239200006, 13.233319220000055], [79.67538907800008, 13.23385459800005], [79.66694199200003, 13.249915960000067], [79.68121875800006, 13.255507694000073], [79.66355126000008, 13.28186022400007], [79.65360841400008, 13.267098471000054], [79.58091588000008, 13.287918755000021], [79.55379002500007, 13.265254389000063], [79.49491918500007, 13.320904033000033], [79.44705632700004, 13.32875625400004], [79.39523166600003, 13.315835781000033], [79.35982528600005, 13.296562147000031], [79.39599468000006, 13.280960814000025], [79.40194333300008, 13.22323509000006], [79.44425014900008, 13.23503721700007], [79.42411990900007, 13.216429832000074], [79.43268596900003, 13.186781748000044], [79.41108046300008, 13.199821194000037], [79.35830401800007, 13.192302097000038], [79.36199218200005, 13.160500601000024], [79.34143363900006, 13.170779872000026], [79.36134972800005, 13.122524403000057], [79.34079118500006, 13.139085452000074], [79.33929212400005, 13.122595787000023], [79.30938229900005, 13.12966278600004], [79.31080997600003, 13.10582058700004], [79.29689012900008, 13.125593908000042], [79.29446307900008, 13.108675940000069], [79.27890140400007, 13.113458657000024], [79.26833659700003, 13.154290208000077], [79.24749251900005, 13.161357207000037], [79.22115188500004, 13.130376624000064], [79.22393585500004, 13.10032403200006], [79.16847061900006, 13.060777390000055], [79.17225396200007, 13.027726677000032], [79.14584194400004, 13.014806203000035], [79.10087013100008, 13.03479367600005], [79.06539236800006, 13.021087980000061], [79.01934979700007, 13.064346582000042], [79.00393089000005, 13.04807106800007], [78.98822644700005, 13.053995926000027], [79.00428780900006, 13.074982772000055], [78.98694153800005, 13.079908256000067], [78.91677123300008, 13.077838125000028], [78.89542746800004, 13.046215089000043], [78.93318951400005, 13.023300879000033], [78.88550511600005, 13.027512525000077], [78.88193592400006, 13.103250769000056], [78.86251952200007, 13.087546326000052], [78.81519204300008, 13.093114265000054], [78.74923338400004, 13.054781148000075], [78.70954397400004, 13.065631490000044], [78.70019269300008, 13.011665315000073], [78.64986709200008, 13.026798687000053], [78.61310442000007, 12.984182540000063], [78.64572683000006, 12.923006598000029], [78.62052833800004, 12.920008477000067], [78.60125470400004, 12.882603350000068], [78.55396057300004, 12.76082457900003], [78.54723859600006, 12.698839619000069], [78.53474642600008, 12.68509823200003], [78.53569821000008, 12.710201546000064], [78.50000629500005, 12.746428840000021], [78.51172514000007, 12.714068170000075], [78.49768632000007, 12.67439065800005], [78.47026303200005, 12.666003058000058], [78.46919227500007, 12.620555352000054], [78.40316223200006, 12.615380025000036], [78.30964941400003, 12.661006189000034], [78.26955549600007, 12.701278567000031], [78.22928311900006, 12.678495228000031], [78.20233572300003, 12.68468182600003], [78.24451166900008, 12.707941058000074], [78.22934260500006, 12.753150817000062], [78.25843151600003, 12.85624096500004], [78.33177840200005, 12.873789490000036], [78.32350977500005, 12.893836449000048], [78.35313406400007, 12.941485155000066], [78.38930187200003, 12.91186086600004], [78.43915158000004, 12.917155167000033], [78.45816347300007, 12.874420047000058], [78.47205952500008, 12.879750040000033], [78.46596323200004, 12.910626877000027], [78.41870713600008, 12.935753986000066], [78.41827883300004, 12.95160119600007], [78.43833769000008, 12.985579899000072], [78.46896135300005, 12.977513526000052], [78.46303649500004, 13.043400802000065], [78.51443285300007, 13.058320022000032], [78.50829384300005, 13.089157837000073], [78.53477724400005, 13.099294341000075], [78.51436146900005, 13.123422075000065], [78.57353866400007, 13.166894828000068], [78.54184424300007, 13.18930935000003], [78.57418111900006, 13.204228571000044], [78.55983296900007, 13.22121792300004], [78.58096258200004, 13.25419725200004], [78.56575782700008, 13.300596742000039], [78.52649672000007, 13.260907332000045], [78.47096010000007, 13.309876640000027], [78.44790312300006, 13.303237943000056], [78.42406092400006, 13.320584214000064], [78.38972530100006, 13.31009079100005], [78.37509161600008, 13.327722597000047], [78.39543600800005, 13.319442073000062], [78.40171778500007, 13.335075132000043], [78.36110038500004, 13.349637433000055], [78.36888122300007, 13.493904154000063], [78.39964765400003, 13.56942824600003], [78.33211855000008, 13.583847780000042], [78.26458944700005, 13.573925427000063], [78.24481612600005, 13.59062924400007], [78.19756003100008, 13.552724430000069], [78.20933836300003, 13.619254160000025], [78.17160606000004, 13.626701873000059], [78.17164175200008, 13.648830860000032], [78.13241633700005, 13.656112011000062], [78.08541008500003, 13.640659791000076], [78.06884903600007, 13.695006680000063], [78.11225040500005, 13.691770613000074], [78.12005503700004, 13.715470045000075], [78.09064489900004, 13.744309112000053], [78.12929923400003, 13.793433594000021], [78.11402309400006, 13.876429194000025], [78.08665929200004, 13.874906339000063], [78.08090099700007, 13.896226309000042], [78.04915898700006, 13.909741648000022], [78.05011077100005, 13.873621430000071], [78.00109387500004, 13.884995253000056], [77.98253407900006, 13.84121317100005], [77.95912018200005, 13.835216929000069], [77.95022099800008, 13.894608276000042], [77.98477077200005, 13.913643964000073], [77.98182024000005, 13.960186221000072], [77.96768624200007, 13.96637282000006], [77.91657542000007, 13.910503075000065], [77.89282839900005, 13.92122254700007], [77.88922351500008, 13.940210646000025], [77.82180148800006, 13.945385974000033], [77.81323542800004, 13.920972704000064], [77.83782715800004, 13.872788618000072], [77.78618095600007, 13.849981485000058], [77.79142766800004, 13.826531896000063], [77.72293488300005, 13.806651500000044], [77.72268504000004, 13.752721016000066], [77.70533876900004, 13.779811180000024], [77.67596432300007, 13.770888201000048], [77.67996181700005, 13.79319564800005], [77.62149846000005, 13.777919508000025], [77.64498374000004, 13.760037859000022], [77.63438324200007, 13.747795532000055], [77.60111837700003, 13.76128707600003], [77.56570485900005, 13.734146943000042], [77.54959590800007, 13.763223957000037], [77.53111185400007, 13.764176546000044], [77.53182569200004, 13.704571047000059], [77.51689457400005, 13.724766723000073], [77.48786515000006, 13.726848751000034], [77.49226715300006, 13.699960842000053], [77.45549444000005, 13.688091137000072], [77.46585513600007, 13.812360631000047], [77.44818763800004, 13.819112352000047], [77.43834261800004, 13.804805842000064], [77.41883103700007, 13.81703032300004], [77.43445791500005, 13.850926076000064], [77.38402979200004, 13.844450091000056], [77.36669373300003, 13.859582978000049], [77.33126497300003, 13.837150698000073], [77.31595405100006, 13.870910390000063], [77.26298894400009, 13.849281735000034], [77.25175302200006, 13.905144840000048], [77.23703554700006, 13.908112072000051], [77.22465869600006, 13.871064769000043], [77.21697733200006, 13.889308010000036], [77.20353494400007, 13.866037994000067], [77.18698612200006, 13.872420304000059], [77.18922965700006, 13.92614278800005], [77.16922746000006, 13.910168319000036], [77.17423540800007, 13.869351657000038], [77.13352989700007, 13.859782750000022], [77.17448568100008, 13.834795763000045], [77.16313595800005, 13.809874763000039], [77.18363584500008, 13.787145989000066], [77.17703716900007, 13.76784852700007], [77.09603475300008, 13.772804866000058], [77.08585812800004, 13.74849241100003], [77.02899220300003, 13.78544499700007], [77.02031127800007, 13.743800019000048], [77.00318404700005, 13.75127851800005], [76.98216449800003, 13.826537980000069], [77.01649066100003, 13.863239656000076], [77.02596895800008, 13.905975135000062], [77.04967657800006, 13.910536120000074], [77.04544816500004, 13.933531086000073], [76.99442214500004, 13.967881005000038], [76.99810419000005, 13.996624712000028], [76.93548566700008, 14.04033415200007], [76.93743358800003, 14.061333687000058], [76.98242580400006, 14.075087907000068], [76.94268347200006, 14.133145445000025], [76.89726366300005, 14.142623742000069], [76.90700326600006, 14.17112989800006], [76.95063610100004, 14.175349630000028], [76.95766954200008, 14.198630320000063], [76.97236943300004, 14.182312737000075], [77.03067665900005, 14.176123309000047], [77.02919963600004, 14.065909289000047], [77.07688636600005, 14.05746916000004], [77.07702703400008, 14.046356323000055], [77.12692608200007, 14.051687971000035], [77.14943309300008, 14.004071576000058], [77.24614290600005, 14.013566721000075], [77.27945411300004, 14.038969081000062], [77.28036846000003, 14.015829061000034], [77.32460880400004, 14.035171023000032], [77.33930869500006, 13.99866746500004], [77.36139370000006, 13.993040712000038], [77.35330524300008, 13.962304575000076], [77.37236586800003, 13.957099829000072], [77.35168755200004, 13.921158946000048], [77.36054968700006, 13.908498752000071], [77.40014796000008, 13.91103079100003], [77.40570437800005, 13.89408019800004], [77.43714664000004, 13.921195043000068], [77.41274281400007, 13.949488876000032], [77.43305229600008, 13.948855618000039], [77.44060641700008, 13.979483983000023], [77.42941343200005, 13.99398917700006], [77.38418463800008, 13.97822762800007], [77.39181473800005, 14.019215744000064], [77.33832617400003, 14.032147045000045], [77.34348563200007, 14.061862914000073], [77.36236010700003, 14.06565087100006], [77.40082746300004, 14.12122934200005], [77.35122996000007, 14.107537963000027], [77.35414479900004, 14.13537765600006], [77.38115168200005, 14.137697631000037], [77.39382231200005, 14.177910522000047], [77.50299495700006, 14.153668524000068], [77.51489821100006, 14.17836138000007], [77.48935609300008, 14.220477197000037], [77.49554185200003, 14.266544865000071], [77.47434680300006, 14.284170723000045], [77.44408005900004, 14.273986630000024], [77.43917837000004, 14.315722376000053], [77.42328357000008, 14.313913985000056], [77.39829923000008, 14.34327653400004], [77.37160167700006, 14.318054247000077], [77.41276635300005, 14.197225218000028], [77.38897174200008, 14.185042377000059], [77.35313706000005, 14.229252763000034], [77.35098158100004, 14.280862366000065], [77.27759900400008, 14.279910581000024], [77.27874114500008, 14.340348891000076], [77.23372174300005, 14.316173567000021], [77.13624105200006, 14.332396420000066], [77.09416028400005, 14.207224874000076], [77.07612397000008, 14.206130322000035], [77.05727863900006, 14.238538580000068], [76.94430183000003, 14.249198566000075], [76.92859738800007, 14.282796555000061], [76.96169990800007, 14.298141953000027], [76.88126492400005, 14.353899438000042], [76.88112215600006, 14.396872503000054], [76.91245965800005, 14.422427915000071], [76.94201256300005, 14.401655220000066], [76.93965689700008, 14.45283742600003], [76.95457611800003, 14.451481134000062], [76.96942285500006, 14.483207955000069], [76.85965320300005, 14.475190181000073], [76.85108714400008, 14.51183388100003], [76.80435072800003, 14.531302983000046], [76.76407835000003, 14.605066274000023], [76.77425054600008, 14.680078782000066], [76.80315049300003, 14.73838945500006], [76.78478105400006, 14.786930459000075], [76.83446420000007, 14.789500277000059], [76.85446521800003, 14.812758268000039], [76.84355776800004, 14.890709411000046], [76.86246020700008, 14.896591439000076], [76.86400209700008, 14.970316658000058], [76.82693961300004, 14.95706781900003], [76.76058120400006, 14.975627615000064], [76.75298596500005, 14.990189917000066], [76.78085421200007, 15.008921034000025], [76.76605137400009, 15.063912662000064], [76.79454541900003, 15.098593306000055], [76.86004008400005, 15.060700389000033], [76.87235379400005, 15.03280120900007], [76.94476079300006, 15.03008862400003], [76.98311770400005, 15.012337845000047], [77.00500874500005, 15.032087371000046], [77.05159859200006, 15.029136839000046], [77.04964743400006, 15.00439044500007], [77.08344778600008, 15.000078614000074], [77.08499443600004, 15.023516305000044], [77.11235823800007, 15.02976239000003], [77.12627808400003, 15.099659057000054], [77.15227369600007, 15.130175645000065], [77.14005096200003, 15.15707212600006], [77.17134087300008, 15.16873148600007], [77.15700462100006, 15.226373928000044], [77.12726135900004, 15.237200476000055], [77.17502903900004, 15.26973960600003], [77.12666649300007, 15.29829313700003], [77.11632773600007, 15.331629385000042], [77.06959512100008, 15.327248204000057], [77.02982322300005, 15.403892228000075], [77.03410625400005, 15.427496481000048], [76.96795723700006, 15.494654389000061], [77.03060368600006, 15.496253387000024], [77.03895935300005, 15.626356009000062], [77.08750035900005, 15.65026959200003], [77.10760680300007, 15.630103660000032], [77.12783222200005, 15.635160014000064], [77.12569070700005, 15.66276176200006], [77.07994840000003, 15.690932976000056], [77.07916317700005, 15.72435250600006], [77.04882504900007, 15.728992455000025], [77.06643306200004, 15.828751357000044], [77.02360276400003, 15.83743639000005], [77.06958584700004, 15.906083841000054], [77.15559622400008, 15.94570662500007], [77.24957541500004, 15.96548470600004], [77.47308990800008, 15.933277769000028], [77.50877717600008, 15.938520606000054], [77.51495844500005, 15.953446108000037], [77.50003294300006, 16.02867667000004], [77.50938022700007, 16.109485450000022], [77.49038413300008, 16.165719919000026], [77.51538332100006, 16.234824796000055], [77.49511031400004, 16.236538008000025], [77.49168389000005, 16.254479144000072], [77.50715038600003, 16.272800994000022], [77.53760748700006, 16.266138503000036], [77.56592307300008, 16.29659560400006], [77.59233509000006, 16.288981329000023], [77.58971768300006, 16.34013974000004], [77.48385413100004, 16.38238526200007], [77.41540788800006, 16.36791204800005], [77.29781302100008, 16.404698134000057], [77.25691720100008, 16.465548042000023], [77.31632763200008, 16.487723290000076], [77.37243532300005, 16.48429686700007], [77.38071584700003, 16.512564863000023], [77.41655053000005, 16.52046467400004], [77.41920001100004, 16.542476909000072], [77.39974791700007, 16.56629607900004], [77.46206005200008, 16.583398455000065], [77.45855946200004, 16.62527921700007], [77.47590573200006, 16.646658674000037], [77.44409476100003, 16.64419884000006], [77.42699238500006, 16.66531655600005], [77.47517647100005, 16.688665017000062], [77.47710978300006, 16.71766469800002], [77.43591536400004, 16.726885109000023], [77.44721780400005, 16.773433315000034], [77.48900708800005, 16.792469003000065], [77.47024163000003, 16.817141873000025], [77.46487965800003, 16.901877334000062], [77.47987026200008, 16.916392047000045], [77.49114295900006, 16.993010691000052], [77.50913763200003, 17.00847718700004], [77.47032267500003, 17.09853978700005], [77.49189470700003, 17.141556164000065], [77.47144015500004, 17.12295228200003], [77.38113961000005, 17.140976699000078], [77.38322163800007, 17.189696163000065], [77.40190040700008, 17.193027409000024], [77.39856916200006, 17.219498912000063], [77.38143704200007, 17.222532725000065], [77.46998154600004, 17.282188192000035], [77.45226550600006, 17.305857642000035], [77.47185323000008, 17.380039718000035], [77.49915040700006, 17.359252747000028], [77.54369391700004, 17.37113101600005], [77.55337038200008, 17.402671101000067], [77.53324014200007, 17.414425639000058], [77.54061647100008, 17.436840161000077], [77.61924020800006, 17.441482490000055], [77.62560732200006, 17.473555739000062], [77.65299967700008, 17.484901009000055], [77.66627775100005, 17.515512956000066], [77.66717004900005, 17.493800374000045], [77.69477179600005, 17.491182967000043], [77.71154840400004, 17.565945377000048], [77.70544508700004, 17.58443378900006], [77.66729042900005, 17.556558403000054], [77.60029670500006, 17.54549391000006], [77.58926790300006, 17.57975220000003], [77.54066741200006, 17.568925652000075], [77.52692602500008, 17.590311058000054], [77.49560042000007, 17.56047856500004], [77.43706647300007, 17.600531172000046], [77.45684527600008, 17.701568445000078], [77.54974538200008, 17.73924721000003], [77.58504103000007, 17.770952199000078], [77.57593959200005, 17.79230786200003], [77.52653603300007, 17.81839270300003], [77.51678024200004, 17.852954374000035], [77.57338167100005, 17.85185387300004], [77.57822982300007, 17.880437149000045], [77.60794334200006, 17.893167265000045], [77.59848498500008, 17.922464379000075], [77.62650313800003, 17.922107459000074], [77.63361177800004, 17.970945897000036], [77.65204546200005, 17.967006699000024], [77.64619724300007, 17.996264353000072], [77.54545086400003, 18.04787486200007], [77.56073890100004, 18.069944363000047], [77.59321854300003, 18.07931349100005], [77.60279587400004, 18.123630952000042], [77.56475721600003, 18.20440770500005], [77.59972217300003, 18.274335973000063], [77.54968370200004, 18.284900142000026], [77.56926327000008, 18.301114805000054], [77.55801317900006, 18.325328200000058], [77.53037336000006, 18.32961123000007], [77.51575395100008, 18.35530940900003], [77.54810510300007, 18.380645910000055], [77.53982457900008, 18.42928209300004], [77.58669996100008, 18.447032872000023], [77.53834931300008, 18.463403563000043], [77.60551475500006, 18.476902474000042], [77.59624437500008, 18.54290872200005], [77.65116892700007, 18.54976472000004], [77.65873297200005, 18.532687776000046], [77.70703208000003, 18.552731137000023], [77.74809205900004, 18.547591502000046], [77.73335843600006, 18.65512410300005], [77.74846126200003, 18.69140065700003], [77.76731849100008, 18.70103747400003], [77.77624147000006, 18.685749437000027], [77.79319512900008, 18.689080682000053], [77.83278341200008, 18.785329880000063], [77.86020670000005, 18.811503951000077], [77.94670010700008, 18.82708942100004], [77.95818100700006, 18.85558346600004], [77.91725427700004, 18.859569063000038], [77.88346593100005, 18.902042442000038], [77.84711966400005, 18.908050581000055], [77.85402010100006, 18.94177944100005], [77.81791178000003, 18.940530224000042], [77.81220107400003, 18.97509189500005], [77.76931128900003, 18.97461600300005], [77.75668111000005, 19.030340600000045], [77.75759482300003, 19.05346896100008], [77.79385780900003, 19.045987936000074], [77.81057772900004, 19.103512977000037], [77.82628217100006, 19.077933771000062], [77.85067164700007, 19.079956313000025], [77.83181441800008, 19.13075780500003], [77.85983257200007, 19.172755292000033], [77.84995780800006, 19.21612096900003], [77.91622579700004, 19.259962538000025], [77.87109839900006, 19.282809792000023], [77.98946369000004, 19.307575995000036], [78.04134094600005, 19.263070114000072], [78.05607456800004, 19.22954826800003], [78.11432377400007, 19.242454464000048], [78.14618951500006, 19.221381957000062], [78.16966051900005, 19.226750021000043], [78.19187516700003, 19.308413123000037], [78.11597987900007, 19.373172534000048], [78.12614493600006, 19.392417614000067], [78.21488931400006, 19.429194564000056], [78.24555164300006, 19.425981697000054], [78.28295677000006, 19.448596094000038], [78.27576128000004, 19.46538557100007], [78.30185920800005, 19.444827028000077], [78.31310930000006, 19.490055823000034], [78.29500636100005, 19.495309672000076], [78.29163704400008, 19.54287985700006], [78.27096428700008, 19.564009471000077], [78.29791882100005, 19.613692616000037], [78.25942866000008, 19.669257790000074], [78.27593260100008, 19.69335697100007], [78.30882627000005, 19.682221093000067], [78.34097754700008, 19.707747951000044], [78.36159319700005, 19.790610301000072], [78.33503841200007, 19.83886577000004], [78.28415601800003, 19.85200039500006], [78.31427843600005, 19.915475554000068], [78.33033818100006, 19.91407905400007], [78.32435318300008, 19.89363031000005]], [[82.22613899600003, 16.757949506000045], [82.22458520800006, 16.753367061000063], [82.22626272800005, 16.75477094300004], [82.23250915400007, 16.755871563000028], [82.22613899600003, 16.757949506000045]], [[82.23189969900005, 16.754755035000073], [82.22460900300007, 16.752824544000077], [82.22561789400004, 16.750711582000065], [82.22531332300008, 16.74907451300004], [82.22278157700003, 16.747970443000042], [82.22240086300008, 16.746085910000033], [82.21834626100008, 16.741783845000043], [82.21874601100006, 16.737824422000074], [82.21689954900006, 16.73277996400003], [82.22308614800005, 16.717779842000027], [82.27386384500005, 16.70780990000003], [82.31053134000007, 16.734635944000047], [82.30541888300007, 16.746943963000035], [82.28950166300007, 16.726222170000028], [82.24493435900007, 16.72132048000003], [82.21792985600007, 16.733209060000036], [82.23189969900005, 16.754755035000073]], [[82.30855135400003, 16.730886369000075], [82.31070476600007, 16.730577039000025], [82.31096650700005, 16.732789938000053], [82.30855135400003, 16.730886369000075]], [[82.26779011700006, 16.704243406000046], [82.25458886700005, 16.70749850800007], [82.26306212800006, 16.689957122000067], [82.26779011700006, 16.704243406000046]], [[82.20601811900008, 16.718375619000028], [82.21488875000006, 16.721640240000056], [82.20254410600006, 16.720098349000068], [82.20601811900008, 16.718375619000028]], [[82.19509178900006, 16.723095558000068], [82.21979059400007, 16.72547977800002], [82.21613574200006, 16.732489670000064], [82.21863417600008, 16.743097307000028], [82.22223192100006, 16.748608139000055], [82.22501589000007, 16.750035815000047], [82.22311708100005, 16.75654562400007], [82.20555665800003, 16.734749761000046], [82.18687788900007, 16.737343374000034], [82.19509178900006, 16.723095558000068]], [[84.32964089500007, 18.77430263100007], [84.31843160500006, 18.780536656000038], [84.31631059400007, 18.77822206700006], [84.32964089500007, 18.77430263100007]], [[84.34642731300005, 18.782841830000052], [84.34349951900003, 18.788799949000065], [84.34074936000007, 18.787146705000055], [84.34642731300005, 18.782841830000052]]]}, "properties": {"pc11_s_id": "28", "s_name": "Andhra Pradesh"}}, {"type": "Feature", "geometry": {"type": "MultiPolygon", "coordinates": [[[[74.09073846900003, 14.793926268000064], [74.08655537700008, 14.795910739000021], [74.08731204600008, 14.796952943000065], [74.09073846900003, 14.793926268000064]]], [[[74.05539547800004, 14.817384898000057], [74.05087450300005, 14.818003558000044], [74.05139798400006, 14.818979137000042], [74.05539547800004, 14.817384898000057]]], [[[74.06734037300004, 14.81916949400005], [74.06753073000004, 14.814815080000074], [74.06522265200005, 14.81759905000007], [74.06734037300004, 14.81916949400005]]], [[[74.05858395600006, 14.82009748400003], [74.06327149400005, 14.817099363000068], [74.05753699300004, 14.81700418500003], [74.05858395600006, 14.82009748400003]]], [[[74.09251150100005, 14.834386147000032], [74.09415332900005, 14.83831225800003], [74.09600930900007, 14.835885208000036], [74.09251150100005, 14.834386147000032]]], [[[74.09846015300008, 14.843832607000024], [74.09453404300007, 14.84116761100006], [74.09317775000005, 14.84573617600006], [74.09846015300008, 14.843832607000024]]], [[[74.09475967800006, 14.877862479000044], [74.09704039100006, 14.877469868000048], [74.09473707300003, 14.876065986000071], [74.09475967800006, 14.877862479000044]]], [[[74.09207568900007, 14.882717481000043], [74.09278952700004, 14.881967951000036], [74.09203999700003, 14.881515854000043], [74.09207568900007, 14.882717481000043]]], [[[74.24184561500005, 14.713640448000035], [74.24449157600003, 14.708519848000037], [74.23897122600005, 14.713431055000058], [74.24184561500005, 14.713640448000035]]], [[[74.15831992100004, 14.738145159000055], [74.15277577700004, 14.739477657000066], [74.15391791800005, 14.742999259000044], [74.15831992100004, 14.738145159000055]]], [[[74.12535843700005, 14.752609307000057], [74.12414491200008, 14.755714504000025], [74.12685749800005, 14.754001292000055], [74.12535843700005, 14.752609307000057]]], [[[77.50616330600008, 17.02096935800006], [77.46487965800003, 16.901877334000062], [77.47024163000003, 16.817141873000025], [77.48900708800005, 16.792469003000065], [77.44721780400005, 16.773433315000034], [77.43591536400004, 16.726885109000023], [77.47710978300006, 16.71766469800002], [77.47517647100005, 16.688665017000062], [77.42699238500006, 16.66531655600005], [77.44409476100003, 16.64419884000006], [77.47428417300006, 16.65401411600004], [77.45855946200004, 16.62527921700007], [77.46533181100006, 16.587116363000064], [77.39974791700007, 16.56629607900004], [77.41821615200007, 16.523034492000022], [77.38071584700003, 16.512564863000023], [77.37243532300005, 16.48429686700007], [77.31366263600006, 16.487247398000022], [77.25691720200007, 16.463168581000048], [77.29781302200007, 16.404698135000046], [77.41540788800006, 16.36791204800005], [77.48385413100004, 16.38238526200007], [77.58971768400005, 16.34013974000004], [77.59233509000006, 16.288981329000023], [77.56592307300008, 16.29659560400006], [77.53760748800005, 16.266138503000036], [77.50715038600003, 16.272800994000022], [77.49168389000005, 16.254479144000072], [77.49511031400004, 16.23653800900007], [77.51538332200005, 16.234824797000044], [77.49038413300008, 16.165719919000026], [77.50938022700007, 16.109485450000022], [77.50003294300006, 16.028676671000028], [77.51495844500005, 15.953446108000037], [77.48626022500008, 15.933099310000046], [77.25808436900007, 15.965084955000066], [77.18392132700006, 15.954767613000058], [77.08410056000008, 15.918813957000054], [77.02984884900008, 15.852664941000057], [77.03145498500004, 15.831606711000063], [77.06643306200004, 15.828751357000044], [77.04882504900007, 15.728992455000025], [77.07916317700005, 15.72435250600006], [77.07994840000003, 15.690932976000056], [77.12569070700005, 15.66276176200006], [77.12783222200005, 15.635160014000064], [77.10760680300007, 15.630103660000032], [77.08750035900005, 15.65026959200003], [77.03895935300005, 15.626356009000062], [77.03060368600006, 15.496253387000024], [76.97600952500005, 15.501239346000034], [76.97559955000008, 15.51201242600007], [76.96795723700006, 15.494654389000061], [77.03410625400005, 15.427496481000048], [77.02982322300005, 15.403892228000075], [77.06959512100008, 15.327248204000057], [77.11632773600007, 15.331629385000042], [77.12666649300007, 15.29829313700003], [77.17502903900004, 15.26973960600003], [77.12726135900004, 15.237200476000055], [77.15700462100006, 15.226373928000044], [77.17479109300007, 15.183127224000032], [77.14005096200003, 15.15707212600006], [77.15283063700008, 15.150927889000059], [77.15001320800008, 15.123929560000022], [77.12627808400003, 15.099659057000054], [77.11235823800007, 15.02976239000003], [77.08499443600004, 15.023516305000044], [77.08249600200008, 14.999721695000062], [77.04964743400006, 15.00439044500007], [77.05159859200006, 15.029136839000046], [77.00500874500005, 15.032087371000046], [76.98311770400005, 15.012337845000047], [76.94476079300006, 15.03008862400003], [76.87235379400005, 15.03280120900007], [76.83065374000006, 15.081818106000071], [76.79454541900003, 15.098593306000055], [76.77021543100005, 15.083364756000037], [76.78412835000006, 15.020618464000052], [76.75304307200008, 14.991731807000065], [76.76058120400006, 14.975627615000064], [76.82693961300004, 14.95706781900003], [76.86325970600006, 14.971001943000033], [76.86662902200004, 14.941420484000048], [76.86246020700008, 14.896591439000076], [76.84355776800004, 14.890709411000046], [76.85646396500005, 14.868323442000076], [76.84230141300003, 14.834972916000027], [76.85280911300003, 14.807961275000025], [76.83824681200008, 14.807961275000025], [76.83446420000007, 14.789500277000059], [76.78478105400006, 14.786930459000075], [76.80315049300003, 14.73838945500006], [76.77425054600008, 14.680078782000066], [76.76407835000003, 14.605066274000023], [76.80435072800003, 14.531302983000046], [76.85108714400008, 14.51183388100003], [76.85965320300005, 14.475190181000073], [76.96942285500006, 14.483207955000069], [76.95457611800003, 14.451481134000062], [76.93965689700008, 14.45283742600003], [76.94201256300005, 14.401655220000066], [76.91245965800005, 14.422427915000071], [76.88112215600006, 14.396872503000054], [76.88126492400005, 14.353899438000042], [76.96169990800007, 14.298141953000027], [76.92859738800007, 14.282796555000061], [76.94601504200006, 14.247770889000037], [77.05727863900006, 14.238538580000068], [77.07612397000008, 14.206130322000035], [77.09416028400005, 14.207224874000076], [77.13624105200006, 14.332396420000066], [77.23372174300005, 14.316173567000021], [77.27874114500008, 14.340348891000076], [77.27759900400008, 14.279910581000024], [77.35098158100004, 14.280862366000065], [77.35313706000005, 14.229252763000034], [77.38897174200008, 14.185042377000059], [77.41276635300005, 14.197225218000028], [77.40044074500008, 14.261423075000039], [77.38226166200008, 14.267800031000036], [77.37183962300008, 14.303111232000049], [77.37388596000005, 14.327857627000071], [77.39563423300007, 14.343371713000067], [77.42328357000008, 14.313913985000056], [77.43741756900005, 14.318387372000075], [77.44146265200004, 14.27612814500003], [77.47434680300006, 14.284170723000045], [77.49810130300006, 14.25890028200007], [77.48935609300008, 14.220477197000037], [77.51489821100006, 14.17836138000007], [77.50299495700006, 14.153668524000068], [77.39382231200005, 14.177910522000047], [77.38115168200005, 14.137697631000037], [77.35325250200003, 14.132641276000072], [77.35122996000007, 14.107537963000027], [77.40082746300004, 14.12122934200005], [77.36236010700003, 14.06565087100006], [77.34348563200007, 14.061862914000073], [77.33832617400003, 14.032147045000045], [77.39181473800005, 14.019215744000064], [77.38418463800008, 13.97822762800007], [77.42941343200005, 13.99398917700006], [77.44060641700008, 13.979483983000023], [77.43305229600008, 13.948855618000039], [77.41274281400007, 13.949488876000032], [77.43714664000004, 13.921195043000068], [77.40570437800005, 13.89408019800004], [77.40014796000008, 13.91103079100003], [77.36054968700006, 13.908498752000071], [77.35168755200004, 13.921158946000048], [77.37236586800003, 13.957099829000072], [77.35330524300008, 13.962304575000076], [77.36139370000006, 13.993040712000038], [77.33930869500006, 13.99866746500004], [77.32460880400004, 14.035171023000032], [77.28036846000003, 14.015829061000034], [77.27945411300004, 14.038969081000062], [77.24614290600005, 14.013566721000075], [77.14943309300008, 14.004071576000058], [77.12692608200007, 14.051687971000035], [77.07702703400008, 14.046356323000055], [77.07688636600005, 14.05746916000004], [77.02919963600004, 14.065909289000047], [77.03067665900005, 14.176123309000047], [76.97236943300004, 14.182312737000075], [76.95766954200008, 14.198630320000063], [76.95063610100004, 14.175349630000028], [76.90652816400006, 14.170678551000037], [76.89726366300005, 14.142623742000069], [76.94268347200006, 14.133145445000025], [76.98242580400006, 14.075087907000068], [76.93743358800003, 14.061333687000058], [76.93548566700008, 14.04033415200007], [76.99810419000005, 13.996624712000028], [76.99442214500004, 13.967881005000038], [77.04544816500004, 13.933531086000073], [77.04967657800006, 13.910536120000074], [77.02596895800008, 13.905975135000062], [77.01649066100003, 13.863239656000076], [76.98216449800003, 13.826537980000069], [77.00318404700005, 13.75127851800005], [77.02031127800007, 13.743800019000048], [77.02899220300003, 13.78544499700007], [77.08585812800004, 13.74849241100003], [77.09603475300008, 13.772804866000058], [77.17703716900007, 13.76784852700007], [77.18363584500008, 13.787145989000066], [77.16313595800005, 13.809874763000039], [77.17448568100008, 13.834795763000045], [77.13352989700007, 13.859782750000022], [77.17423540800007, 13.869351657000038], [77.16922746000006, 13.910168319000036], [77.18922965700006, 13.92614278800005], [77.18698612200006, 13.872420304000059], [77.20353494400007, 13.866037994000067], [77.21697733200006, 13.889308010000036], [77.22465869600006, 13.871064769000043], [77.23703554700006, 13.908112072000051], [77.25175302200006, 13.905144840000048], [77.26298894400009, 13.849281735000034], [77.31595405100006, 13.870910390000063], [77.33126497300003, 13.837150698000073], [77.36669373300003, 13.859582978000049], [77.38402979200004, 13.844450091000056], [77.43445791500005, 13.850926076000064], [77.41883103700007, 13.81703032300004], [77.43834261800004, 13.804805842000064], [77.44818763800004, 13.819112352000047], [77.46585513600007, 13.812360631000047], [77.45549444000005, 13.688091137000072], [77.49226715300006, 13.699960842000053], [77.48786515000006, 13.726848751000034], [77.51689457400005, 13.724766723000073], [77.53182569200004, 13.704571048000048], [77.53111185400007, 13.764176546000044], [77.54959590800007, 13.763223957000037], [77.56570485900005, 13.734146944000031], [77.60111837700003, 13.76128707600003], [77.63438324200007, 13.747795532000055], [77.64498374000004, 13.760037859000022], [77.62149846000005, 13.777919508000025], [77.67996181700005, 13.79319564800005], [77.67596432300007, 13.770888201000048], [77.70533876900004, 13.779811180000024], [77.72268504000004, 13.752721016000066], [77.72293488300005, 13.806651500000044], [77.79142766800004, 13.826531896000063], [77.78618095600007, 13.849981485000058], [77.83782715800004, 13.872788618000072], [77.81323542800004, 13.920972704000064], [77.82180148800006, 13.945385974000033], [77.88922351500008, 13.940210646000025], [77.89282839900005, 13.92122254700007], [77.91657542000007, 13.910503075000065], [77.95954848500008, 13.964707197000052], [77.97710890800005, 13.964802375000033], [77.98348586300006, 13.908313971000041], [77.95022099800008, 13.894608276000042], [77.95821598700007, 13.835788000000036], [77.98253407900006, 13.84121317100005], [78.00109387500004, 13.884995253000056], [78.05011077100005, 13.873621430000071], [78.04915898700006, 13.909741648000022], [78.08090099700007, 13.896226309000042], [78.08665929200004, 13.874906339000063], [78.11402309400006, 13.876429194000025], [78.12387406200008, 13.848351554000033], [78.11597425200006, 13.817275793000022], [78.12929923400003, 13.793433594000021], [78.09064489900004, 13.745641610000064], [78.11938878800004, 13.717754327000023], [78.11263111900007, 13.69253204100005], [78.06884903600007, 13.695006680000063], [78.08541008500003, 13.640659791000076], [78.13241633700005, 13.656112011000062], [78.17164175200008, 13.648830860000032], [78.17160606000004, 13.626701873000059], [78.20933836300003, 13.619254160000025], [78.19756003100008, 13.552724430000069], [78.24481612600005, 13.59062924400007], [78.26458944700005, 13.573925428000052], [78.33211855000008, 13.583847780000042], [78.39850551200004, 13.570784539000044], [78.36888122300007, 13.493904154000063], [78.36110038500004, 13.349637433000055], [78.40171778500007, 13.335075132000043], [78.39543600800005, 13.319442073000062], [78.37509161600008, 13.327722597000047], [78.38972530100006, 13.31009079100005], [78.42406092400006, 13.320584214000064], [78.44790312300006, 13.303237944000045], [78.47096010000007, 13.309876640000027], [78.52649672000007, 13.260907333000034], [78.56575782700008, 13.300596742000039], [78.58096258200004, 13.25419725300003], [78.55983296900007, 13.22121792300004], [78.57418111900006, 13.204228572000034], [78.54184424300007, 13.18930935000003], [78.57353866400007, 13.166894828000068], [78.51436146900005, 13.123422076000054], [78.53477724400005, 13.099294341000075], [78.50829384300005, 13.089157837000073], [78.51443285300007, 13.058320022000032], [78.46303649500004, 13.043400802000065], [78.46896135300005, 12.977513526000052], [78.43833769000008, 12.985579899000072], [78.41827883300004, 12.95160119600007], [78.41870713600008, 12.935753986000066], [78.46596323200004, 12.910626877000027], [78.47205952500008, 12.879750040000033], [78.45816347300007, 12.874420047000058], [78.43915158000004, 12.917155167000033], [78.38930187200003, 12.91186086700003], [78.35313406400007, 12.941485156000056], [78.32350977500005, 12.893836449000048], [78.33177840200005, 12.873789490000036], [78.25843151600003, 12.85624096500004], [78.23100822800006, 12.75790974000006], [78.13532332800008, 12.781260879000058], [78.04711194900005, 12.85470056400004], [78.01817770300005, 12.856508954000049], [78.00155954800005, 12.823520107000036], [78.01075378500008, 12.809985733000076], [77.99213688200007, 12.80638798700005], [77.95067715400006, 12.856185348000054], [77.93942706200005, 12.821578467000052], [77.92052462400005, 12.826147032000051], [77.92303733500006, 12.853215780000028], [77.94119738100005, 12.866350405000048], [77.93268842900005, 12.886908948000041], [77.88126351700004, 12.867873260000067], [77.83443158700004, 12.871876624000038], [77.79365156400007, 12.843620841000075], [77.81095500500004, 12.829286968000076], [77.80924179300007, 12.794280338000021], [77.78183040200008, 12.766811841000049], [77.79622138300005, 12.746710154000027], [77.76606885300004, 12.734888992000037], [77.77434937700008, 12.71238880900006], [77.76875288500008, 12.697255436000034], [77.74168413700005, 12.697712293000052], [77.74533898900006, 12.673950995000041], [77.71587174300004, 12.683830517000047], [77.69411395200007, 12.658703409000054], [77.66630281200008, 12.684001839000075], [77.60279975700007, 12.668411610000021], [77.61161474500005, 12.630799545000059], [77.58591656600004, 12.551206575000037], [77.59162727300003, 12.51587157800003], [77.62232232000008, 12.507662438000068], [77.58770116200003, 12.479822744000046], [77.61708750500003, 12.476372526000034], [77.63731292400007, 12.493028753000033], [77.62482075400004, 12.385953007000069], [77.55343692400004, 12.290179702000046], [77.48740688100008, 12.274713205000069], [77.47634238700005, 12.20954770000003], [77.50917894900005, 12.19431915000007], [77.61006809600008, 12.205264671000066], [77.72951703800004, 12.181470061000027], [77.74902861800007, 12.137212086000034], [77.77900982700004, 12.113417476000052], [77.69668047700003, 12.012528329000077], [77.67469804200005, 11.948933364000027], [77.53364359400007, 11.931230174000063], [77.49385900600004, 11.941699803000063], [77.48377009100005, 11.890113088000021], [77.46225976400007, 11.89886950500005], [77.46549583100006, 11.847282790000065], [77.42837623900004, 11.76162219400004], [77.36746203700005, 11.790937153000073], [77.33567045000007, 11.772282939000036], [77.29341321100003, 11.809972841000047], [77.25286719500008, 11.812828194000076], [77.24220721000006, 11.796457503000056], [77.10933810700004, 11.773805034000077], [77.11524184500007, 11.722601220000058], [77.08098046600009, 11.736684766000053], [77.05585335800004, 11.769616510000048], [77.06327727600006, 11.789794339000025], [77.03376642600006, 11.769617183000037], [77.02843643300008, 11.803881421000028], [76.98503506400004, 11.809401771000068], [76.96820037800006, 11.777743042000054], [76.91139074600005, 11.793209539000031], [76.89413965400007, 11.77744560900004], [76.88610897300003, 11.735210176000066], [76.83306682200003, 11.649252148000073], [76.85329224000003, 11.596904006000045], [76.75835174600007, 11.617605316000038], [76.58276656000004, 11.611732807000067], [76.56135141000004, 11.620727169000077], [76.54750294800004, 11.681831728000077], [76.51438085000007, 11.697678938000024], [76.46212788700007, 11.66241532600003], [76.41565513800003, 11.672205294000037], [76.40566140200008, 11.708896583000069], [76.42707655100008, 11.724886560000073], [76.41582923400006, 11.752659288000075], [76.34349362000006, 11.735146455000063], [76.27877228000006, 11.811669921000032], [76.22453008700006, 11.807553453000025], [76.19483441400007, 11.87056158100006], [76.12078558700006, 11.852668034000033], [76.10992538000005, 11.979252458000076], [75.99781504200007, 11.931856496000023], [75.87806010500003, 11.94910894000003], [75.82537883800006, 11.98894111800007], [75.79454102400007, 12.053757636000057], [75.79882405300003, 12.079313047000028], [75.71581561900007, 12.07411154500005], [75.70439420600007, 12.108613730000059], [75.66513309900006, 12.101713293000046], [75.63753135200005, 12.147636890000058], [75.58170919700007, 12.159819731000027], [75.48348504600006, 12.293069547000073], [75.41476621200007, 12.29059490700007], [75.42866226500007, 12.308488454000042], [75.41000729000007, 12.348082685000065], [75.41971549100003, 12.371306225000069], [75.36470235300004, 12.414326880000033], [75.36889020400008, 12.45639575000007], [75.39363659900005, 12.452017542000021], [75.42276120100007, 12.470482159000028], [75.41757943000005, 12.498067132000074], [75.38055501700006, 12.502159805000076], [75.36104343700003, 12.466182355000058], [75.33924757400007, 12.463422180000066], [75.33315615400005, 12.497781597000028], [75.30474709600003, 12.50239719800004], [75.30284352700005, 12.522099135000076], [75.27930844600007, 12.525251465000053], [75.27086136000008, 12.544763045000025], [75.27306236100003, 12.568081763000066], [75.29156267000008, 12.58155546100005], [75.31520856400005, 12.572037617000035], [75.32784945000003, 12.591370737000034], [75.27589848000008, 12.617604265000068], [75.23760559000004, 12.568923074000054], [75.22111592500005, 12.568780306000065], [75.20127122000008, 12.588410860000067], [75.20334135100006, 12.629385178000064], [75.16137360800008, 12.62169952000005], [75.14055332400005, 12.642371087000072], [75.16181975700005, 12.66854515700004], [75.15334334200008, 12.682438348000062], [75.12973909000004, 12.676061393000055], [75.08709914800005, 12.704614925000044], [75.08833646800008, 12.675966214000027], [75.04731456000007, 12.668542297000045], [75.05379938400006, 12.72075718900004], [75.01230158500005, 12.714380233000043], [75.00183195600005, 12.719615047000048], [75.01401479700007, 12.728609410000047], [74.98450948000004, 12.735129133000044], [75.00823464400008, 12.768110986000067], [75.00204804600008, 12.792738408000048], [74.92949420400004, 12.780431090000036], [74.88380855300005, 12.753590771000063], [74.86410096100008, 12.759079107000048], [74.82151385500003, 12.852718149000054], [74.71502554100005, 13.319030933000022], [74.68969321600008, 13.348721729000033], [74.69753182000005, 13.40514005600005], [74.67642600000005, 13.581652438000049], [74.60745208400004, 13.866429956000047], [74.56934080300005, 13.946920705000025], [74.54868238600005, 13.94887215700004], [74.51481789700006, 13.986943533000044], [74.46958615900007, 14.18549213700004], [74.44139668400004, 14.22443439600005], [74.39298051800006, 14.417742029000067], [74.35840695000007, 14.501487159000021], [74.30986495400003, 14.521090943000047], [74.31154247400008, 14.549787243000026], [74.26960799800008, 14.627070332000073], [74.28368683800005, 14.64679964100003], [74.28774262900004, 14.642888104000065], [74.29921470300008, 14.642369784000039], [74.27960201700006, 14.649355955000033], [74.29243323900005, 14.66262494600005], [74.27562573300008, 14.660497727000063], [74.26752524500006, 14.704215944000055], [74.25208441600006, 14.704553633000046], [74.26747516700004, 14.711180091000074], [74.26648878100008, 14.71471428500007], [74.23342611700008, 14.748152866000055], [74.20485230500003, 14.736712371000067], [74.20458461600003, 14.718551135000041], [74.16534782100007, 14.760601903000065], [74.15226818600007, 14.74763428700004], [74.14083177700007, 14.77918182600007], [74.11930241400006, 14.774175440000022], [74.09351862700004, 14.79924238500007], [74.11331949700008, 14.796750323000026], [74.12623997000003, 14.818700851000074], [74.08658054900008, 14.902140324000072], [74.12384292700006, 14.925476359000072], [74.16577251200005, 14.913695425000071], [74.15391630000005, 14.941247002000068], [74.16347654700007, 14.957281116000047], [74.20152934000004, 14.922427619000075], [74.23664630800005, 14.964507759000071], [74.25222875800006, 14.958523195000055], [74.26261705700006, 14.978358825000043], [74.25157555200008, 14.996132008000075], [74.29382509900006, 15.038452325000037], [74.27330186900008, 15.097898924000049], [74.28526195800004, 15.144748506000042], [74.31958529300005, 15.183459565000078], [74.29948668000003, 15.224081408000075], [74.25971407500003, 15.238589209000054], [74.25207094100006, 15.256423188000042], [74.27457572400004, 15.280484908000062], [74.32609611100008, 15.281971073000022], [74.33612323000006, 15.294715611000072], [74.31965656800008, 15.322644930000024], [74.32320591900003, 15.365353515000038], [74.27723891400007, 15.389442553000038], [74.27857719400004, 15.440762677000066], [74.25198615500005, 15.490337219000025], [74.28284918500003, 15.533905859000072], [74.26346238800005, 15.565014459000054], [74.24507391300006, 15.56710838500004], [74.26327203100004, 15.615040247000024], [74.24339877300008, 15.625586018000035], [74.25105112000006, 15.656119262000061], [74.22333515700007, 15.667654889000062], [74.20521318200008, 15.650294341000063], [74.18008607400003, 15.680865657000027], [74.16504788000003, 15.65318776600003], [74.13440042300005, 15.648695344000032], [74.09115961300006, 15.675650278000035], [74.12557177800005, 15.682193084000062], [74.12391110300007, 15.725295693000078], [74.16053333600007, 15.751416972000072], [74.19880375800005, 15.754913128000055], [74.21254917100003, 15.782806527000048], [74.21510709100005, 15.750862263000045], [74.23354791300005, 15.739143417000037], [74.25912712000007, 15.749613046000036], [74.27851972600007, 15.739619310000023], [74.31688853500003, 15.766685679000034], [74.34104006400008, 15.760023188000048], [74.36441826900005, 15.783282419000045], [74.36525108000006, 15.823554797000043], [74.40076453500006, 15.850383219000037], [74.39494675300006, 15.905277385000034], [74.44087544300004, 15.963614004000021], [74.46373016600006, 16.046448990000044], [74.43156580300007, 16.05787635100006], [74.38454170300008, 16.041220124000063], [74.37362146500004, 16.04543028300003], [74.38188604700008, 16.057082266000066], [74.36136319600007, 16.05699303600005], [74.42337789800007, 16.108776056000067], [74.48360800500006, 16.089770111000064], [74.48160925800005, 16.14697235400007], [74.50731695400003, 16.188470154000072], [74.50101690300005, 16.230725519000032], [74.41897308700004, 16.25720892000004], [74.41059143500007, 16.282585872000027], [74.38406044600003, 16.276875165000035], [74.36630371800004, 16.29338267600002], [74.32364199200003, 16.26809116900006], [74.34027067300008, 16.296307778000028], [74.31952177300008, 16.311298382000075], [74.32880167000008, 16.322053546000063], [74.31509597500008, 16.320958994000023], [74.31676635600007, 16.368966999000065], [74.34469171100005, 16.377304631000072], [74.35933015500007, 16.410736058000055], [74.33690373500008, 16.41371038400007], [74.32899202800007, 16.454280194000034], [74.29166225000006, 16.464202546000024], [74.28597058000008, 16.509935787000074], [74.26369882400007, 16.48315257400003], [74.25256294700006, 16.501940798000078], [74.27569130700005, 16.51079239300003], [74.26712524800007, 16.555906974000038], [74.30017120200006, 16.508165468000072], [74.29719687600004, 16.561286935000055], [74.34008666100004, 16.553732146000073], [74.33865898400006, 16.535291323000024], [74.37352522600008, 16.527555299000028], [74.39947831400008, 16.58439141100007], [74.47145502600006, 16.60441061000006], [74.45813004500008, 16.645158880000054], [74.47309866000006, 16.66098003600007], [74.48925472400003, 16.63132005500006], [74.54141250900005, 16.633937462000063], [74.56306227400006, 16.559007045000044], [74.62913038900007, 16.57871374100006], [74.63518373600004, 16.604297706000068], [74.68125486100007, 16.602641601000073], [74.68465749000006, 16.616799394000054], [74.65365311300008, 16.63781003400004], [74.69098764100005, 16.67472206700006], [74.68970307100005, 16.695610212000076], [74.77676244000008, 16.745786613000064], [74.92164534600005, 16.773677703000033], [74.91184577300004, 16.855843347000075], [74.95722533100007, 16.880719183000053], [74.96337441000003, 16.90551666400006], [74.92818218100007, 16.931785913000056], [74.93767623000008, 16.94177964900007], [74.95887722800006, 16.931500378000067], [74.96851404500006, 16.95141646600007], [75.02176638200007, 16.950274325000066], [75.02455035200006, 16.931643145000066], [75.08822472800006, 16.949774638000065], [75.09641007400006, 16.917294996000066], [75.13505252100003, 16.894452170000022], [75.14342822300006, 16.872656307000057], [75.18958976700003, 16.872561129000076], [75.18882833900005, 16.845435273000078], [75.21947579700003, 16.840390816000024], [75.24222344400005, 16.864090248000025], [75.28295981700006, 16.867231136000044], [75.28781391700005, 16.953748338000025], [75.34777633500005, 16.954224230000023], [75.39298609400004, 16.97801884000006], [75.42372873000005, 16.964122788000054], [75.45599422100008, 16.986775257000033], [75.48892596100006, 16.970404565000024], [75.49511256000005, 16.940518535000024], [75.53166108100004, 16.96298064700005], [75.56897103000006, 16.96298064800004], [75.57715637600006, 17.006001302000072], [75.61189650600005, 16.999529168000038], [75.61589400100007, 16.96612153500007], [75.65215698600008, 16.949370131000023], [75.67842623600006, 16.956032621000077], [75.67461909800005, 17.029700734000073], [75.64378128400006, 17.037315009000054], [75.68118641000007, 17.06796246700003], [75.67499981200007, 17.114980616000025], [75.65310877100006, 17.114885438000044], [75.62931416100008, 17.172849108000037], [75.66557714700008, 17.21672636900007], [75.65748697900005, 17.27059736600006], [75.63331165500006, 17.272881648000066], [75.62065292300008, 17.30181589500006], [75.60108554200008, 17.308067229000073], [75.60902272100003, 17.340773698000078], [75.58418114900007, 17.351624040000047], [75.57656687300005, 17.373610260000078], [75.60873718600004, 17.39873736800007], [75.60397826400003, 17.42129465900007], [75.63310286700005, 17.477354759000036], [75.67393441800004, 17.456129967000038], [75.68687868600006, 17.41396591800003], [75.73351612100004, 17.420818766000025], [75.79566764300006, 17.369803122000064], [75.81327565400005, 17.373039189000053], [75.82165135700006, 17.42138983700005], [75.84497007500005, 17.416059844000074], [75.86219737100004, 17.38693524100006], [75.88294627200008, 17.419010376000074], [75.89132197500004, 17.35866724500005], [75.93072584900005, 17.325449969000033], [76.01391180600007, 17.35543117800006], [76.05664692600004, 17.357525103000057], [76.07853800000004, 17.333063999000046], [76.12003576700005, 17.370088657000053], [76.16258053000007, 17.343438694000042], [76.16438892000008, 17.30222642900003], [76.17571515300006, 17.30060839600003], [76.17124200000006, 17.35486000000003], [76.24424400000004, 17.380652999000063], [76.25252415600005, 17.362093668000057], [76.27374896600008, 17.360190010000053], [76.27717500000006, 17.33582400000006], [76.31772138700006, 17.332683530000054], [76.31496100100003, 17.348578000000032], [76.34246800200003, 17.354860004000045], [76.35560240700005, 17.31507551900006], [76.38539325800008, 17.315741768000066], [76.41090108000003, 17.363997237000035], [76.36378802300004, 17.379035239000075], [76.36949845900006, 17.437094279000064], [76.33380699900005, 17.434905041000036], [76.32990422800003, 17.468883878000042], [76.37378148900007, 17.48982313500005], [76.34399100000007, 17.493249999000057], [76.34437135100006, 17.51095274900007], [76.36578650000007, 17.51989952200006], [76.33847028700006, 17.544836274000033], [76.33180779700007, 17.596232631000078], [76.41661200000004, 17.602228999000033], [76.42367300900008, 17.643070241000032], [76.48361602600005, 17.663680699000054], [76.48119849300008, 17.70603510500007], [76.52050718900006, 17.716980626000066], [76.52932071300006, 17.760067906000074], [76.57220811800005, 17.756127518000028], [76.56956200000008, 17.70908600000007], [76.58136400000006, 17.700091000000043], [76.61853146500005, 17.764574605000064], [76.66478818700006, 17.688931539000066], [76.69255649700006, 17.682578378000073], [76.70174121600007, 17.726550818000078], [76.72779155600006, 17.739009676000023], [76.71806574600004, 17.78190564700003], [76.76335878700007, 17.79010289000007], [76.78773398500005, 17.829875581000067], [76.75837143600006, 17.86267407100007], [76.73973549800007, 17.86063725300005], [76.74546436300005, 17.89920526700007], [76.76739035500003, 17.902737246000072], [76.79965356200006, 17.871378615000026], [76.83463049600005, 17.89791284100005], [76.88964546200003, 17.89896696200003], [76.89573688200005, 17.91847854200006], [76.91896042200005, 17.917526758000065], [76.90906186400008, 18.015179837000062], [76.94246949700005, 18.04401890500003], [76.96198107700008, 18.096747760000028], [76.91934113600007, 18.119685765000042], [76.92419523600006, 18.148524832000078], [76.98563291900007, 18.198445924000055], [77.00507311600006, 18.164562399000033], [77.03776691000007, 18.18726245700003], [77.05175814100005, 18.158566157000052], [77.10872243700004, 18.155710804000023], [77.09815763000006, 18.196185436000064], [77.13456338400005, 18.207606849000058], [77.17446436200004, 18.28874875400004], [77.21260731200005, 18.288145703000055], [77.19873714900007, 18.315735268000026], [77.22406527400005, 18.340309580000053], [77.21743171700007, 18.365788467000073], [77.24344786800003, 18.36722747400006], [77.23893641000006, 18.40211989000005], [77.31183136700008, 18.440066253000055], [77.32560987800008, 18.420742415000063], [77.35364798700004, 18.44935551900005], [77.37054216000007, 18.401718709000022], [77.41677508800007, 18.393438185000036], [77.39930993800004, 18.335693711000033], [77.35071182700005, 18.337178495000046], [77.36121952700006, 18.305541181000024], [77.43054750200008, 18.308739177000064], [77.43580135200006, 18.27595972200004], [77.45932946300007, 18.25465878700004], [77.49263239900006, 18.26085490300005], [77.50943139400005, 18.299354582000035], [77.59972217300003, 18.274335973000063], [77.56475721600003, 18.20440770500005], [77.59765029000005, 18.14968605000007], [77.59696619500005, 18.08689802300006], [77.54545086400003, 18.04787486200007], [77.64619724300007, 17.996264353000072], [77.65205666600008, 17.967324159000043], [77.63361177800004, 17.970945897000036], [77.62650313800003, 17.922107459000074], [77.59848498500008, 17.922464379000075], [77.60794334300004, 17.893167265000045], [77.57822982300007, 17.880437149000045], [77.57338167100005, 17.85185387300004], [77.51678024200004, 17.852954374000035], [77.52653603300007, 17.81839270300003], [77.57593959200005, 17.79230786200003], [77.58504103000007, 17.770952199000078], [77.54974538300007, 17.73924721000003], [77.45476324800006, 17.699159241000075], [77.43820861500006, 17.596890597000026], [77.49560042000007, 17.56047856500004], [77.52692602500008, 17.590311058000054], [77.54066741200006, 17.568925652000075], [77.58926790300006, 17.57975220000003], [77.60029670500006, 17.54549391000006], [77.66729042900005, 17.556558403000054], [77.70544508700004, 17.58443378900006], [77.71154840400004, 17.565945377000048], [77.69477179600005, 17.491182967000043], [77.66717004900005, 17.493800374000045], [77.66627775100005, 17.515512956000066], [77.65299967700008, 17.484901009000055], [77.62560732200006, 17.473555739000062], [77.61924020800006, 17.441482490000055], [77.54061647100008, 17.436840161000077], [77.53324014200007, 17.414425639000058], [77.55337038200008, 17.402671101000067], [77.54369391700004, 17.37113101600005], [77.49915040700006, 17.359252747000028], [77.47185323000008, 17.380039718000035], [77.45226550600006, 17.305857642000035], [77.46998154600004, 17.282188192000035], [77.38143704200007, 17.222532725000065], [77.39856916200006, 17.219498912000063], [77.40190040700008, 17.193027409000024], [77.38322163800007, 17.189696163000065], [77.38113961000005, 17.140976699000078], [77.47144015500004, 17.12295228200003], [77.49159727500006, 17.143340760000058], [77.47032267500003, 17.09853978700005], [77.50616330600008, 17.02096935800006]]], [[[74.28790344100008, 15.825533817000064], [74.30620660100004, 15.79410567900004], [74.26031918700005, 15.79256702300006], [74.25744230500004, 15.825392972000031], [74.28790344100008, 15.825533817000064]]], [[[74.37631896700003, 15.890694857000028], [74.37813249700008, 15.852110978000042], [74.33856809100007, 15.852536698000051], [74.37631896700003, 15.890694857000028]]], [[[77.29216840000004, 18.478526695000028], [77.28951210900004, 18.455342420000022], [77.26025885200005, 18.453797791000056], [77.25942604100004, 18.480269295000028], [77.29216840000004, 18.478526695000028]]]]}, "properties": {"pc11_s_id": "29", "s_name": "Karnataka"}}, {"type": "Feature", "geometry": {"type": "MultiPolygon", "coordinates": [[[[74.11117804500003, 14.76161025600004], [74.12004346600008, 14.753090506000035], [74.10820934900005, 14.759068565000064], [74.11117804500003, 14.76161025600004]]], [[[73.87549903300004, 15.777741872000036], [73.87481386500008, 15.752904547000071], [73.93837135500007, 15.738356332000023], [73.95427886500005, 15.711535823000077], [73.94661140100004, 15.697905864000063], [73.96332513500005, 15.691038892000051], [73.96148313400005, 15.64222587200004], [73.99251376200004, 15.610557629000027], [74.02917606400007, 15.610143093000033], [74.12012365700008, 15.652502482000045], [74.16504788000003, 15.65318776600003], [74.18008607400003, 15.680865657000027], [74.20521318200008, 15.650294341000063], [74.22333515700007, 15.667654889000062], [74.25105112000006, 15.656119262000061], [74.24339877300008, 15.625586018000035], [74.26327203100004, 15.615040247000024], [74.24507391300006, 15.56710838500004], [74.26346238800005, 15.565014459000054], [74.28284918500003, 15.533905859000072], [74.25198615500005, 15.490337219000025], [74.27857719400004, 15.440762677000066], [74.27723891400007, 15.389442553000038], [74.32320591900003, 15.365353515000038], [74.31965656800008, 15.322644930000024], [74.33612323000006, 15.294715611000072], [74.32609611100008, 15.281971073000022], [74.27457572400004, 15.280484908000062], [74.25242478900003, 15.257413965000069], [74.25971407500003, 15.238589209000054], [74.29948668000003, 15.224081408000075], [74.31916067400005, 15.180133386000023], [74.28653581400005, 15.14708390800007], [74.27330186900008, 15.097898924000049], [74.29382509900006, 15.038452325000037], [74.25157555200008, 14.996132008000075], [74.26261705700006, 14.978358825000043], [74.25222875800006, 14.958523195000055], [74.23664630800005, 14.964507759000071], [74.20152934000004, 14.922427619000075], [74.17394012400007, 14.957808059000058], [74.15384102400003, 14.943354773000067], [74.16441751700006, 14.912792094000054], [74.12384292700006, 14.925476359000072], [74.08548902500007, 14.899731443000064], [74.04361719100007, 14.91709299400003], [74.05347442600004, 14.958193779000055], [74.03433035600005, 14.983236990000023], [74.04180908200004, 14.984306335000042], [74.04402923600003, 14.988472939000076], [74.04930877700008, 14.98653125800007], [74.05014038100006, 14.988195419000022], [73.98914664400007, 15.020965635000039], [73.98421943500006, 15.055603805000032], [73.91248645100006, 15.085144542000023], [73.94927397600003, 15.143864571000051], [73.88198853800003, 15.35696869900005], [73.87136645000004, 15.370380810000029], [73.84153770100005, 15.360204766000038], [73.80800125800005, 15.377162161000058], [73.78245965000008, 15.41000688400004], [73.87283262500006, 15.396001610000042], [73.89679718000008, 15.414859772000057], [73.86264298700007, 15.427684401000022], [73.85090034700005, 15.45042015100006], [73.78765881800007, 15.461102682000046], [73.80238647600004, 15.46068897400005], [73.80832407600008, 15.488025179000033], [73.76395807100005, 15.496520889000067], [73.73172747900003, 15.589698203000069], [73.73087797400007, 15.60803566100003], [73.75243589100006, 15.615483374000064], [73.72176341700003, 15.629496957000072], [73.68961689900004, 15.716799381000044], [73.71225925300007, 15.724058869000032], [73.67590174100008, 15.726977069000043], [73.78888243300008, 15.728780939000046], [73.82339774900004, 15.742855423000037], [73.85542933300007, 15.80049514500007], [73.87549903300004, 15.777741872000036]]], [[[73.78198814900003, 15.355832122000038], [73.78133432200008, 15.349595618000023], [73.76061303500006, 15.352311515000054], [73.78198814900003, 15.355832122000038]]], [[[73.86523784000008, 15.404822558000035], [73.86211591600005, 15.407944481000072], [73.86446776500003, 15.408048546000032], [73.86523784000008, 15.404822558000035]]]]}, "properties": {"pc11_s_id": "30", "s_name": "Goa"}}, {"type": "Feature", "geometry": {"type": "MultiPolygon", "coordinates": [[[[72.28341640300005, 10.03642917600007], [72.28656918900003, 10.048177765000048], [72.28805635200007, 10.047196237000037], [72.28341640300005, 10.03642917600007]]], [[[72.34099910900005, 10.10304518700002], [72.31870168400008, 10.051796589000048], [72.29940819800004, 10.028801329000032], [72.25876124100006, 10.008530651000058], [72.24000771500005, 10.005734644000029], [72.23262034500004, 10.009051422000027], [72.23102660900008, 10.028508270000032], [72.23444797600007, 10.045615103000046], [72.24332449300005, 10.06061224800004], [72.27403807600007, 10.096691220000025], [72.32291643900004, 10.140548525000042], [72.33122377600006, 10.139702687000067], [72.33440075900006, 10.13383748700005], [72.34099910900005, 10.10304518700002]], [[72.28796792600008, 10.026553203000049], [72.33782212600005, 10.097179987000061], [72.33317884200005, 10.129682970000033], [72.32926870900008, 10.137258853000048], [72.32403192300006, 10.137084294000033], [72.27477122600004, 10.092781087000049], [72.24080194200008, 10.051969070000041], [72.23371482600004, 10.015067187000056], [72.28796792600008, 10.026553203000049]]], [[[72.32809736600007, 10.136590872000056], [72.33255871900008, 10.125653360000058], [72.32550690300008, 10.126408912000045], [72.32568395900006, 10.136902511000073], [72.32809736600007, 10.136590872000056]], [[72.32655042300007, 10.136318604000053], [72.32620199300004, 10.136315100000047], [72.32620778100005, 10.135904578000066], [72.32655042300007, 10.136318604000053]]], [[[72.16871962300007, 10.811491814000021], [72.16915744400006, 10.815279916000065], [72.16991887100005, 10.81488016700007], [72.16871962300007, 10.811491814000021]]], [[[72.16760970400003, 10.814481706000038], [72.16594408100008, 10.835539936000032], [72.16832354200005, 10.836134801000071], [72.16760970400003, 10.814481706000038]]], [[[72.18033982000003, 10.826379011000029], [72.16963224600005, 10.810079703000042], [72.16189899700004, 10.80972278400003], [72.16178002400005, 10.812578138000049], [72.16463537700008, 10.810198677000074], [72.16725278500007, 10.810198677000074], [72.16975121900003, 10.811864299000035], [72.17525106200003, 10.819881320000036], [72.19784622900005, 10.876559918000055], [72.17129786800007, 10.85219616300003], [72.19616323600007, 10.878013315000032], [72.20710875600008, 10.878727153000057], [72.18033982000003, 10.826379011000029]]], [[[72.28508078700008, 10.946731993000071], [72.29193363500008, 10.934596741000064], [72.28272512100006, 10.934739509000053], [72.28508078700008, 10.946731993000071]]], [[[72.32519850000006, 10.95144332500007], [72.31484784400004, 10.941735124000047], [72.31206387500004, 10.94166374100007], [72.32519850000006, 10.95144332500007]]], [[[72.26316595100008, 10.97906886800007], [72.33098059000008, 10.963935496000033], [72.33669129600008, 10.959224163000044], [72.33512085200005, 10.949801497000067], [72.31299186500007, 10.925102692000053], [72.29814402800008, 10.916964935000067], [72.26416532500008, 10.919249218000061], [72.25160177100008, 10.925388227000042], [72.24846088200007, 10.935239196000055], [72.25088793200007, 10.93723794300007], [72.30057107800008, 10.919106450000072], [72.31227802600006, 10.926815904000023], [72.33483531700006, 10.954370062000066], [72.33454978100008, 10.959224163000044], [72.33098059000008, 10.962079516000074], [72.28458110000008, 10.964221031000022], [72.26473639500006, 10.977212888000054], [72.25045962900003, 10.955797739000047], [72.26316595100008, 10.97906886800007]]], [[[72.32726863100004, 10.950372568000034], [72.33183719600004, 10.950872255000036], [72.32819662000003, 10.94873074000003], [72.32726863100004, 10.950372568000034]]], [[[72.33205610600004, 10.951424290000034], [72.33117094700003, 10.954322473000047], [72.33309831000008, 10.953937000000053], [72.33205610600004, 10.951424290000034]]], [[[72.33412742700006, 10.955195735000075], [72.33210488500004, 10.958080832000064], [72.33356230500004, 10.958110575000035], [72.33412742700006, 10.955195735000075]]], [[[72.18915220800005, 11.597545943000057], [72.18920349300004, 11.592468735000068], [72.18907528100004, 11.591519964000042], [72.18820343700008, 11.590263483000058], [72.18669053200006, 11.589648064000073], [72.18125433000006, 11.589519852000024], [72.18817779500006, 11.590596835000042], [72.18915220800005, 11.597058736000065], [72.18687002900003, 11.599725552000052], [72.18451092200007, 11.60016147400006], [72.18076712300007, 11.599366557000053], [72.17840801600005, 11.596084322000024], [72.18007477600008, 11.590930187000026], [72.18017734600005, 11.590186556000049], [72.17976706700006, 11.590007058000026], [72.17812594900005, 11.595545831000038], [72.17925421700005, 11.598161362000042], [72.18053634100005, 11.599546055000076], [72.18463913500005, 11.600315329000068], [72.18679310200008, 11.600058904000036], [72.18915220800005, 11.597545943000057]]], [[[72.18660778200007, 11.599653957000044], [72.18552274800004, 11.59686522900006], [72.18494691800004, 11.599725341000067], [72.18660778200007, 11.599653957000044]], [[72.18512305200005, 11.599617489000025], [72.18512061900003, 11.599615886000038], [72.18512181100004, 11.59960983700006], [72.18512305200005, 11.599617489000025]]], [[[73.01536703700003, 8.308053999000037], [73.08294373000007, 8.330658878000065], [73.08341962200006, 8.328041471000063], [73.04915538400007, 8.266056512000034], [73.02072082500007, 8.26819802700004], [73.01667574100003, 8.27783484400004], [73.04551480800006, 8.276825436000024], [73.08139708000004, 8.329350175000059], [73.01501011800008, 8.30555556400003], [73.00941838500006, 8.275931275000062], [73.01536703700003, 8.308053999000037]]], [[[73.63398491000004, 10.069872711000073], [73.63204327000005, 10.067340965000028], [73.63031102200006, 10.067531322000036], [73.63398491000004, 10.069872711000073]]], [[[73.63075360200008, 10.073258684000052], [73.63282373300007, 10.074043906000043], [73.63214558700008, 10.072509154000045], [73.63075360200008, 10.073258684000052]]], [[[73.62672041600007, 10.072580538000068], [73.62896900600003, 10.075364507000074], [73.63000407200008, 10.073330068000075], [73.62672041600007, 10.072580538000068]]], [[[73.66592221900004, 10.13938130400004], [73.66516840500003, 10.133350798000038], [73.65307927000003, 10.107838032000075], [73.65756732700004, 10.155716894000022], [73.62103528600005, 10.102763898000035], [73.62373666600007, 10.074677646000055], [73.62854174300008, 10.068793891000041], [73.63917522600008, 10.058410817000038], [73.63352567400005, 10.072966010000073], [73.64423245500006, 10.077065029000039], [73.65053003900005, 10.105433927000036], [73.65264181000003, 10.10573136000005], [73.64819881400007, 10.060026666000056], [73.64203804600004, 10.055697338000073], [73.63004080400003, 10.066357323000034], [73.62344969700007, 10.07425713400005], [73.62026121900004, 10.103238969000074], [73.65752618000005, 10.156991435000066], [73.66275620300007, 10.155814433000046], [73.66592221900004, 10.13938130400004]], [[73.64099081200004, 10.057483952000041], [73.64139083300006, 10.057239228000071], [73.64166710600006, 10.057178355000076], [73.64099081200004, 10.057483952000041]], [[73.63960433800008, 10.060071440000058], [73.63954437100006, 10.060037475000058], [73.63950630000005, 10.059834515000034], [73.63960433800008, 10.060071440000058]], [[73.63832402500003, 10.066047342000047], [73.63844979000004, 10.070425189000048], [73.64035335900007, 10.070663136000064], [73.64400583200006, 10.07461304100002], [73.64733444800004, 10.085130689000039], [73.64348088500003, 10.074381961000029], [73.63545020400005, 10.071705067000039], [73.63565840700005, 10.07045585000003], [73.63832402500003, 10.066047342000047]], [[73.65198745800006, 10.099039126000037], [73.65183857100004, 10.099419071000057], [73.64957979300004, 10.090551253000058], [73.65198745800006, 10.099039126000037]], [[73.65087430900007, 10.097654431000024], [73.65090151000004, 10.097755679000045], [73.65099664000007, 10.098307403000035], [73.65087430900007, 10.097654431000024]], [[73.65145785700008, 10.101382126000033], [73.65130336300007, 10.101091411000027], [73.65131117700008, 10.100257580000061], [73.65145785700008, 10.101382126000033]], [[73.66177351800008, 10.152339589000064], [73.66170243600004, 10.152195944000027], [73.66217681700005, 10.150103111000021], [73.66177351800008, 10.152339589000064]], [[73.66347456100004, 10.146251755000037], [73.66352986200008, 10.145999828000072], [73.66386500400006, 10.145373259000053], [73.66347456100004, 10.146251755000037]], [[73.66479007200007, 10.142495488000066], [73.66485760200004, 10.139546729000074], [73.66483350500005, 10.13889610800004], [73.66479007200007, 10.142495488000066]]], [[[72.64794116100006, 10.57671957100007], [72.64859551300003, 10.56155050700005], [72.61974454800003, 10.541206115000023], [72.61635381600007, 10.539362033000032], [72.61207078600006, 10.540670736000038], [72.61117848800006, 10.551318824000077], [72.62640703900007, 10.573685758000067], [72.63544899100003, 10.581835412000032], [72.63812588400003, 10.582727710000029], [72.64794116100006, 10.57671957100007]], [[72.61361743600008, 10.55310342000007], [72.62976802700007, 10.559611246000031], [72.63931561500004, 10.58106208700002], [72.61361743600008, 10.55310342000007]]], [[[72.53335656200005, 10.775912690000041], [72.53611017200006, 10.77464320200005], [72.53397166100007, 10.773457971000028], [72.53335656200005, 10.775912690000041]]], [[[73.65961024300003, 10.807017022000025], [73.69452465100005, 10.818542813000022], [73.70371909800008, 10.81540097900006], [73.65961024300003, 10.807017022000025]]], [[[72.72679614700007, 11.118262504000029], [72.71837285500004, 11.128113473000042], [72.73350622700008, 11.134633196000038], [72.72679614700007, 11.118262504000029]]], [[[72.73697191200006, 11.137807397000074], [72.73773333900004, 11.12543420000003], [72.72764442500005, 11.11191886100005], [72.72431317900003, 11.109349043000066], [72.72050604200007, 11.108206902000063], [72.71707961800007, 11.108397259000071], [72.71308212300005, 11.110586363000039], [72.71174962500004, 11.114393501000052], [72.71193998200005, 11.12543420000003], [72.72098193400006, 11.10877797300003], [72.73735262500003, 11.126290806000043], [72.73678155500005, 11.136284542000055], [72.73049977800008, 11.14018685800005], [72.71298694500007, 11.12648116300005], [72.71974461400004, 11.136379720000036], [72.72497942800004, 11.139806144000033], [72.73316477400004, 11.140662750000047], [72.73697191200006, 11.137807397000074]]], [[[72.79241572900008, 11.242789129000073], [72.78457607100006, 11.217461004000029], [72.76123289600008, 11.16677201300007], [72.74410077700003, 11.164963622000073], [72.73848524900006, 11.177051284000072], [72.75609326000006, 11.22854282000003], [72.77589037600006, 11.260142063000046], [72.78315962900007, 11.266019331000052], [72.79234434900007, 11.265257904000066], [72.79241572900008, 11.242789129000073]], [[72.74562363200005, 11.194278582000038], [72.76161361000004, 11.174005574000034], [72.77960090400006, 11.210978210000064], [72.79226496700005, 11.25108107400007], [72.78990586300006, 11.264963644000034], [72.76351717900008, 11.237870308000026], [72.74562363200005, 11.194278582000038]]], [[[72.76080011600004, 11.179684681000026], [72.78292910400006, 11.254352167000036], [72.78894200200006, 11.260174708000022], [72.76080011600004, 11.179684681000026]]], [[[73.00566372900005, 11.49319988600007], [73.00936052800006, 11.486674664000077], [73.01168016400004, 11.471119441000042], [73.01029769800004, 11.46844730600003], [73.00683912900007, 11.467234062000045], [73.00275718600005, 11.469953505000035], [72.99906902100008, 11.478019878000055], [72.99602331100004, 11.493391196000061], [72.99676667400007, 11.495887595000056], [73.00109156300005, 11.497245923000037], [73.00566372900005, 11.49319988600007]], [[73.00670709100007, 11.468335472000035], [73.00223370400005, 11.490535843000032], [72.99692850400004, 11.495493854000074], [72.99983222800006, 11.478989117000026], [73.00670709100007, 11.468335472000035]], [[73.00721989600004, 11.489644972000065], [73.00786855400008, 11.488681868000072], [73.00698195000007, 11.490235078000069], [73.00721989600004, 11.489644972000065]], [[73.00836679700006, 11.487650983000037], [73.00874277100007, 11.48692703000006], [73.00833713500003, 11.487762217000068], [73.00836679700006, 11.487650983000037]], [[73.00900330200005, 11.481832011000051], [73.00909844900008, 11.48136302100005], [73.00907427500005, 11.485304068000062], [73.00900330200005, 11.481832011000051]], [[73.00420865700005, 11.481517686000075], [73.00466516400007, 11.480714356000021], [73.00415699600006, 11.482572266000034], [73.00420865700005, 11.481517686000075]], [[73.00689946300008, 11.473892994000039], [73.00606466800008, 11.47598210700005], [73.00541745500004, 11.477528756000027], [73.00592186900008, 11.475937850000037], [73.00689946300008, 11.473892994000039]], [[73.00727105500005, 11.470177411000066], [73.00773227400003, 11.47176451200005], [73.00768612600007, 11.471849116000044], [73.00727105500005, 11.470177411000066]], [[73.01113499600007, 11.471661073000064], [73.00984797900003, 11.469441921000055], [73.01038335800007, 11.46997730000004], [73.01113499600007, 11.471661073000064]]], [[[72.71587322300007, 11.703516905000072], [72.71645141500005, 11.69214134400005], [72.70607696500008, 11.679815736000023], [72.70177014100005, 11.683051803000069], [72.69955724200008, 11.686264076000043], [72.69893858200004, 11.689857062000044], [72.70029487500005, 11.695948482000063], [72.70830176100003, 11.709261566000066], [72.71262048300008, 11.708726188000071], [72.71587322300007, 11.703516905000072]], [[72.71358416500004, 11.705442531000074], [72.69946140600007, 11.69016573500005], [72.70394776700005, 11.681631965000065], [72.71509512200004, 11.70270615100003], [72.71358416500004, 11.705442531000074]]]]}, "properties": {"pc11_s_id": "31", "s_name": "Lakshadweep"}}, {"type": "Feature", "geometry": {"type": "Polygon", "coordinates": [[[74.98890152400008, 12.795962577000068], [75.00823464400008, 12.768110986000067], [74.98450948000004, 12.735129133000044], [75.01401479700007, 12.728609410000047], [75.00183195600005, 12.719615047000048], [75.01230158500005, 12.714380233000043], [75.05379938400006, 12.72075718900004], [75.04731456000007, 12.668542297000045], [75.08833646800008, 12.675966214000027], [75.08709914800005, 12.704614925000044], [75.12973909000004, 12.676061393000055], [75.15334334200008, 12.682438348000062], [75.16181975700005, 12.66854515700004], [75.14055332400005, 12.642371087000072], [75.16137360800008, 12.62169952000005], [75.20334135100006, 12.629385178000064], [75.20127122000008, 12.588410860000067], [75.22111592500005, 12.568780306000065], [75.23760559000004, 12.568923074000054], [75.27589848000008, 12.617604265000068], [75.32784945000003, 12.591370737000034], [75.31520856400005, 12.572037617000035], [75.29156267000008, 12.58155546100005], [75.27306236100003, 12.568081763000066], [75.27086136000008, 12.544763045000025], [75.27930844600007, 12.525251465000053], [75.30284352700005, 12.522099135000076], [75.30474709600003, 12.50239719800004], [75.33315615400005, 12.497781597000028], [75.33924757400007, 12.463422180000066], [75.36104343700003, 12.466182355000058], [75.38055501700006, 12.502159805000076], [75.41757943000005, 12.498067132000074], [75.42276120100007, 12.470482159000028], [75.39363659900005, 12.452017542000021], [75.36889020400008, 12.45639575000007], [75.36470235300004, 12.414326880000033], [75.41971549100003, 12.371306225000069], [75.41000729000007, 12.348082685000065], [75.42866226500007, 12.308488454000042], [75.41476621200007, 12.29059490700007], [75.48348504600006, 12.293069547000073], [75.56343493600008, 12.175428995000061], [75.59208364700004, 12.152633758000036], [75.63753135200005, 12.147636890000058], [75.66513309900006, 12.101713293000046], [75.70439420600007, 12.108613730000059], [75.71887416400006, 12.073174037000058], [75.79882405300003, 12.079313047000028], [75.79982342700004, 12.037339355000029], [75.85221915800008, 11.962243565000051], [75.99781504200007, 11.931856496000023], [76.10992538000005, 11.979252458000076], [76.12078558700006, 11.852668034000033], [76.18855263700004, 11.872845863000066], [76.20720761100006, 11.860091952000062], [76.22453008700006, 11.807553453000025], [76.27877228000006, 11.811669921000032], [76.34349362000006, 11.735146455000063], [76.41582923400006, 11.752659288000075], [76.42707655100008, 11.724886560000073], [76.40566140200008, 11.708896583000069], [76.40951612900005, 11.686624828000049], [76.44424858100007, 11.641355243000021], [76.38821227500006, 11.626721558000042], [76.35608955100008, 11.587936343000024], [76.32991548000007, 11.591624508000052], [76.29755481000007, 11.57092319700007], [76.27149971200004, 11.594598834000067], [76.23568882400008, 11.57318368500006], [76.24353418400005, 11.47467529000005], [76.27875020700003, 11.479434212000058], [76.32181845100007, 11.453736033000041], [76.34608895300005, 11.460160578000057], [76.39724736500006, 11.432430543000066], [76.41830559500005, 11.43956892600005], [76.41735381000007, 11.420533238000075], [76.45975583300003, 11.380794984000033], [76.51339271800003, 11.36729445100002], [76.50706068600005, 11.350559797000074], [76.54369601000008, 11.354178101000059], [76.54143457100008, 11.298848208000038], [76.45112774400008, 11.237186285000064], [76.43823411100004, 11.200098678000074], [76.45707944300005, 11.189391104000038], [76.47321218800005, 11.209378576000063], [76.50876133600008, 11.211948394000046], [76.52832050500007, 11.198385467000037], [76.59884772900006, 11.206951526000068], [76.62811510000006, 11.194102437000026], [76.69721464700007, 11.239930855000068], [76.73202616200007, 11.21437544500003], [76.72875440300004, 11.191056727000046], [76.69954651900008, 11.180587098000046], [76.69008816200005, 11.158874517000072], [76.72988464700006, 11.130261498000039], [76.74814701000008, 11.136745529000052], [76.74656566000004, 11.056995911000058], [76.77668963600007, 11.042148074000067], [76.80174536100003, 11.05399779000004], [76.76354527700005, 11.029374569000026], [76.71386213200003, 11.039558662000047], [76.65808756600006, 10.933149166000021], [76.74280648200005, 10.889630071000056], [76.83085186900007, 10.869126351000034], [76.85226016600006, 10.839275346000022], [76.84698347300008, 10.819525439000074], [76.90031036200008, 10.807386903000065], [76.90727028500004, 10.779249776000029], [76.89210122100008, 10.718751980000036], [76.86705739400008, 10.686748230000035], [76.88246440400007, 10.639991821000024], [76.81524463100004, 10.635411358000056], [76.81103240800007, 10.62332513900003], [76.81787335800004, 10.602326395000034], [76.83845569600004, 10.597032094000042], [76.84291718600008, 10.538497354000071], [76.81626722200008, 10.425175523000064], [76.84761662100004, 10.365807971000038], [76.82970209200005, 10.304008628000076], [76.85197384700007, 10.28421151200007], [76.87300828300005, 10.296679888000028], [76.87424560200003, 10.274788847000025], [76.91335086700008, 10.234003249000068], [76.98206970000007, 10.22039273200005], [77.04491884100008, 10.257606021000072], [77.04823561900008, 10.282632621000062], [77.17127992800005, 10.352470335000021], [77.23338386000006, 10.349043911000024], [77.22638824400008, 10.315707662000023], [77.26329368500006, 10.262383941000053], [77.25929619000004, 10.230832288000045], [77.28128241000007, 10.233402106000028], [77.29574953300005, 10.216151014000047], [77.27611898000004, 10.186050832000035], [77.26707702800007, 10.118117220000045], [77.24017176800004, 10.12733019600006], [77.20757315300006, 10.112339592000069], [77.20590753000005, 10.096635149000065], [77.26372843200005, 10.02758319000003], [77.27438841700007, 9.96324256500003], [77.22185705700008, 9.900107136000031], [77.21602737700005, 9.872564875000023], [77.23928660900003, 9.853350728000066], [77.22524778900004, 9.820038273000023], [77.24820958800007, 9.795053933000077], [77.22441497800008, 9.784108412000023], [77.22457490600004, 9.72922464800007], [77.20615787800006, 9.721729346000075], [77.20744278700005, 9.69289027800005], [77.16532632700006, 9.610798874000068], [77.20808524100005, 9.610941641000068], [77.22685918900004, 9.58552899800003], [77.26355047800007, 9.575321110000061], [77.30647595500005, 9.60254214400004], [77.33438703100006, 9.577248474000044], [77.35414845500003, 9.605528368000023], [77.34299473100003, 9.569390304000024], [77.35667663200007, 9.53741629600006], [77.40307612200007, 9.508565332000046], [77.37908441300004, 9.45588723800006], [77.35716066900005, 9.456058423000059], [77.33815768400007, 9.43190227100007], [77.31721842700006, 9.337485258000072], [77.27629169800008, 9.297891027000048], [77.27424581100007, 9.21319426100007], [77.24667783100006, 9.184761001000027], [77.25559447300003, 9.146903683000062], [77.20641044200005, 9.098711601000048], [77.19592706500003, 9.053551045000063], [77.17008611900008, 9.047697571000072], [77.15195462600008, 9.022284927000044], [77.19292894500006, 8.968033216000038], [77.20235161000005, 8.922490333000042], [77.25715059700008, 8.87491895900007], [77.26235566800005, 8.84145778800007], [77.22963807900004, 8.785094306000076], [77.21580746200004, 8.766950915000052], [77.19738853600006, 8.76969801100006], [77.19184814800008, 8.741473024000072], [77.17117658100005, 8.740432010000063], [77.28295176200004, 8.543910838000045], [77.26296428900008, 8.502222682000024], [77.24226297800004, 8.49365662200006], [77.21485158800004, 8.508361691000061], [77.20157419500003, 8.496654743000022], [77.22712960600006, 8.443545173000075], [77.20614276000003, 8.44140365800007], [77.18172949000007, 8.393862027000068], [77.15017783800005, 8.379728029000034], [77.15231935200006, 8.352316638000048], [77.17187852200004, 8.35788457700005], [77.18001627900003, 8.319765612000026], [77.14632311100007, 8.330044883000028], [77.09669277100005, 8.292563813000072], [76.97528912800004, 8.38503885800003], [76.95725440000007, 8.425494851000053], [76.64296567300005, 8.823355008000021], [76.54647068900005, 8.903425268000035], [76.51869571300006, 9.018543197000042], [76.32922042300004, 9.443944128000055], [76.24025349200008, 9.973843015000057], [76.21955408800005, 9.988690852000047], [76.16868535100008, 10.183028351000075], [76.08066323800006, 10.42377255100007], [75.91117893200004, 10.785860263000075], [75.82592111600007, 11.125017581000066], [75.80039829500004, 11.158222361000071], [75.70236206100003, 11.416811943000027], [75.68108957000004, 11.450168079000036], [75.61760555100005, 11.477151166000056], [75.53585208800007, 11.69363521400004], [75.54286431100007, 11.705274695000071], [75.52430013000003, 11.707794552000053], [75.45405844100003, 11.770826474000046], [75.38423346800005, 11.856722990000037], [75.35533729300005, 11.859863878000056], [75.24291162800006, 12.013935228000037], [75.22650359700003, 12.022860769000033], [75.20031488300003, 12.007307880000042], [75.05236053500005, 12.363752365000039], [74.98300450000005, 12.479568321000045], [74.86580450600007, 12.756724335000058], [74.93252087900004, 12.781116375000067], [74.97902676000007, 12.780139162000069], [74.98890152400008, 12.795962577000068]], [[75.53671578300003, 11.76322884700005], [75.52633657500007, 11.72580944300006], [75.53077664900007, 11.708377512000027], [75.55331966200004, 11.722754215000066], [75.53671578300003, 11.76322884700005]]]}, "properties": {"pc11_s_id": "32", "s_name": "Kerala"}}, {"type": "Feature", "geometry": {"type": "MultiPolygon", "coordinates": [[[[78.21678323700007, 8.832129414000065], [78.21110227400004, 8.836055524000074], [78.21220277400005, 8.84045752700007], [78.21678323700007, 8.832129414000065]]], [[[78.22840541700003, 8.862844289000066], [78.22620441500004, 8.871231889000057], [78.23358074400005, 8.869982672000049], [78.22840541700003, 8.862844289000066]]], [[[78.26640778800004, 8.939605701000062], [78.26926314200006, 8.938235132000045], [78.26680753800008, 8.937092991000043], [78.26640778800004, 8.939605701000062]]], [[[78.27091924600006, 8.941204699000025], [78.27154742400006, 8.944231374000026], [78.27280378000006, 8.944745337000029], [78.27091924600006, 8.941204699000025]]], [[[78.25343020800005, 8.952254916000072], [78.25464373300008, 8.956752097000049], [78.25657109700006, 8.954967502000045], [78.25343020800005, 8.952254916000072]]], [[[78.48949603300008, 9.08443432200005], [78.48790179400004, 9.091191991000073], [78.49297004600004, 9.087170702000037], [78.48949603300008, 9.08443432200005]]], [[[80.26483923700005, 13.57222110500004], [80.29439966500007, 13.475393518000033], [80.32075859800005, 13.443752935000077], [80.34461183800005, 13.27313250700007], [80.29985809300007, 13.143193245000077], [80.30319213900003, 13.089580536000028], [80.26680755600006, 13.013194084000077], [80.27708435100004, 13.01097106900005], [80.24957275400004, 12.860140800000067], [80.25402832000003, 12.779030800000044], [80.15680694600007, 12.469029427000066], [80.03375244100005, 12.30264091500004], [79.87401870300005, 12.041872683000065], [79.84969690300005, 12.049751310000033], [79.84078820100007, 12.012688826000044], [79.85778626100006, 12.005416871000023], [79.84153008800007, 11.956721469000058], [79.81437529800007, 11.97782391000004], [79.80521437300007, 11.952274447000036], [79.78472126500003, 11.958461046000025], [79.75092945800003, 11.919343401000049], [79.74472144400005, 11.962483029000055], [79.72294937600003, 11.975653346000058], [79.76103265000006, 11.988359667000054], [79.74686295900005, 12.005134867000038], [79.69114788000007, 11.951953914000057], [79.70913660500008, 11.933429810000064], [79.70920798900005, 11.948741642000073], [79.71980848800007, 11.944280152000033], [79.74004580400003, 11.904876278000074], [79.70910091300004, 11.891456118000065], [79.71760748600008, 11.918409462000056], [79.69544875600008, 11.918796125000028], [79.69437799800005, 11.895804583000029], [79.67181674200003, 11.889486717000068], [79.70945981500006, 11.889034620000075], [79.71833806600006, 11.853196040000057], [79.73809711000007, 11.864731667000058], [79.75094620000004, 11.848227725000072], [79.76353705700006, 11.876847545000032], [79.76918409900009, 11.837243973000056], [79.78368929300007, 11.855975090000072], [79.80957782900003, 11.845733890000076], [79.79730105100003, 11.825045684000031], [79.77188840700006, 11.82347523900006], [79.73619649200003, 11.84399809000007], [79.73555403700004, 11.810233539000023], [79.71285397900004, 11.79142390000004], [79.75261477300006, 11.776683139000056], [79.76585647300004, 11.792387581000071], [79.79652404800004, 11.786443225000028], [79.75708007800006, 11.563750268000035], [79.83694263700005, 11.355403463000073], [79.85725598800008, 11.156125106000047], [79.85382956400008, 11.00100804300007], [79.81622795700008, 11.003856341000073], [79.79785851800006, 10.982607754000071], [79.74786604200006, 11.00368977900007], [79.76404637700006, 10.960074258000077], [79.73088251000007, 10.970854785000029], [79.71884243700003, 10.956839760000037], [79.73661701100008, 10.957387036000057], [79.72455314400008, 10.929666315000077], [79.76224380600007, 10.914318792000074], [79.75641412700008, 10.891309404000026], [79.78982175900006, 10.908155988000033], [79.78353998200004, 10.888953737000065], [79.82929701700004, 10.883671334000041], [79.81152244400005, 10.880411472000048], [79.82506157700004, 10.865373279000039], [79.80792945700006, 10.855950613000061], [79.82865456300004, 10.84950227400003], [79.83117679100008, 10.828182303000062], [79.85144979900008, 10.828325071000052], [79.88143350000007, 10.300025684000047], [79.83006708100004, 10.275124339000058], [79.75457848500008, 10.274000330000035], [79.52451515200005, 10.312296143000026], [79.39546738600006, 10.317623883000067], [79.29438933100005, 10.259909442000037], [79.26762039400006, 10.231415396000045], [79.28105469600007, 10.213134737000075], [79.24327858400005, 10.183105780000062], [79.22917967100005, 10.144584381000072], [79.23001477800005, 10.08736710900007], [79.26714743300005, 10.038014814000064], [79.15475168400008, 9.931867370000077], [79.11966433000003, 9.85322568600003], [78.98180824600007, 9.691126478000058], [78.96056473100003, 9.628315082000029], [78.93015522000007, 9.596049590000064], [78.91362737300005, 9.491673885000068], [78.89774742400004, 9.487727833000065], [78.93351026000005, 9.413592521000055], [79.02901923600007, 9.322218401000043], [79.07166550500006, 9.295194624000032], [79.19049251100006, 9.28211860700003], [79.09210179900003, 9.26010859300004], [78.91242007700004, 9.268235331000028], [78.90592087200008, 9.249769835000052], [78.83458803000008, 9.245094394000034], [78.83009157100008, 9.254258251000067], [78.83453950800003, 9.264257526000051], [78.83453950800003, 9.267035579000037], [78.83259401300006, 9.268713092000041], [78.82872607300004, 9.254379259000075], [78.83292153100007, 9.24384081200003], [78.72765716100008, 9.208717694000029], [78.71837438100005, 9.190126775000067], [78.65245338600005, 9.187383054000065], [78.65194734500005, 9.203053362000048], [78.64365995700007, 9.175610350000056], [78.65749057400006, 9.15791310800006], [78.40521726400004, 9.107063530000062], [78.21984272400005, 8.969809712000028], [78.18713620300008, 8.924823802000049], [78.15899922700004, 8.76834939500003], [78.19330867500008, 8.758685487000037], [78.19599270700007, 8.788838017000046], [78.19770591900004, 8.765195692000077], [78.19119571400006, 8.74800646600005], [78.16392709100006, 8.739383299000053], [78.13747685200008, 8.692588408000063], [78.13016504400008, 8.49613292600003], [78.06531521300008, 8.418172266000056], [78.05026366400006, 8.381843098000047], [78.06768131800004, 8.373134271000026], [77.97285384200006, 8.334384348000071], [77.87684259100007, 8.266962321000051], [77.80475918900004, 8.24709168000004], [77.78102406600004, 8.200513730000068], [77.74476465900005, 8.176590392000037], [77.57704345100007, 8.136443986000074], [77.55099521500006, 8.077596769000024], [77.31594371300008, 8.12163376500007], [77.09669277100005, 8.292563813000072], [77.14632311100007, 8.330044883000028], [77.18001627900003, 8.319765612000026], [77.17187852200004, 8.35788457700005], [77.15231935200006, 8.352316638000048], [77.15017783800005, 8.379728029000034], [77.18172949000007, 8.393862027000068], [77.20614276000003, 8.44140365800007], [77.22712960600006, 8.443545173000075], [77.20157419500003, 8.496654743000022], [77.21485158800004, 8.508361691000061], [77.24226297800004, 8.49365662200006], [77.26296428900008, 8.502222682000024], [77.28295176200004, 8.543910838000045], [77.17117658100005, 8.740432010000063], [77.19184814800008, 8.741473024000072], [77.19738853600006, 8.76969801100006], [77.21580746200004, 8.766950915000052], [77.22963807900004, 8.785094306000076], [77.26235566800005, 8.84145778800007], [77.25715059700008, 8.87491895900007], [77.20235161000005, 8.922490333000042], [77.19292894500006, 8.968033216000038], [77.15195462600008, 9.022284927000044], [77.17008611900008, 9.047697571000072], [77.19592706500003, 9.053551045000063], [77.20641044200005, 9.098711601000048], [77.25559447300003, 9.146903683000062], [77.24667783100006, 9.184761001000027], [77.27424581100007, 9.21319426100007], [77.27629169800008, 9.297891027000048], [77.31721842700006, 9.337485258000072], [77.33815768400007, 9.43190227100007], [77.35716066900005, 9.456058423000059], [77.37908441300004, 9.45588723800006], [77.40307612200007, 9.508565332000046], [77.35667663200007, 9.53741629600006], [77.34299473100003, 9.569390304000024], [77.35414845500003, 9.605528368000023], [77.33438703100006, 9.577248474000044], [77.30647595500005, 9.60254214400004], [77.26355047800007, 9.575321110000061], [77.22685918900004, 9.58552899800003], [77.20808524100005, 9.610941641000068], [77.16532632700006, 9.610798874000068], [77.20744278700005, 9.69289027800005], [77.20615787800006, 9.721729346000075], [77.22457490600004, 9.72922464800007], [77.22441497800008, 9.784108412000023], [77.24820958800007, 9.795053933000077], [77.22524778900004, 9.820038273000023], [77.23928660900003, 9.853350728000066], [77.21602737700005, 9.872564875000023], [77.22185705700008, 9.900107136000031], [77.27438841700007, 9.96324256500003], [77.26372843200005, 10.02758319000003], [77.20840596400006, 10.086165520000065], [77.20602650300003, 10.109603211000035], [77.24017176800004, 10.12733019600006], [77.26707702800007, 10.118117220000045], [77.27611898000004, 10.186050832000035], [77.29574953300005, 10.216151014000047], [77.28128241000007, 10.233402106000028], [77.25929619000004, 10.230832288000045], [77.26329368500006, 10.262383941000053], [77.22638824400008, 10.315707662000023], [77.23338386000006, 10.349043911000024], [77.17127992800005, 10.352470335000021], [77.04823561900008, 10.282632621000062], [77.04491884100008, 10.257606021000072], [76.98206970000007, 10.22039273200005], [76.91335086700008, 10.234003249000068], [76.87424560200003, 10.274788847000025], [76.87300828300005, 10.296679888000028], [76.85197384700007, 10.28421151200007], [76.83189119600007, 10.301058096000077], [76.84761662100004, 10.365807971000038], [76.81626722200008, 10.425175523000064], [76.84291718600008, 10.538497354000071], [76.83845569600004, 10.597032094000042], [76.81787335800004, 10.602326395000034], [76.81103240800007, 10.62332513900003], [76.81524463100004, 10.635411358000056], [76.88246440400007, 10.639991821000024], [76.86705739400008, 10.686748230000035], [76.89210122100008, 10.718751980000036], [76.90727028500004, 10.779249776000029], [76.90031036200008, 10.807386903000065], [76.84698347300008, 10.819525439000074], [76.85226016600006, 10.839275346000022], [76.83085186900007, 10.869126351000034], [76.74280648200005, 10.889630071000056], [76.65808756600006, 10.933149166000021], [76.71386213200003, 11.039558662000047], [76.76354527700005, 11.029374569000026], [76.79000488400004, 11.037450892000038], [76.80174536100003, 11.05399779000004], [76.77668963600007, 11.042148074000067], [76.74656566000004, 11.056995911000058], [76.74814701000008, 11.136745529000052], [76.72988464700006, 11.130261498000039], [76.69008816200005, 11.158874517000072], [76.69954651900008, 11.180587098000046], [76.72875440300004, 11.191056727000046], [76.73202616200007, 11.21437544500003], [76.69721464700007, 11.239930855000068], [76.62811509900007, 11.194102436000037], [76.59884772900006, 11.206951526000068], [76.52832050500007, 11.198385466000047], [76.50876133600008, 11.211948394000046], [76.47321218800005, 11.209378576000063], [76.46164800800005, 11.190104942000062], [76.43823411100004, 11.200098678000074], [76.45112774400008, 11.237186285000064], [76.54143457100008, 11.298848208000038], [76.54369601000008, 11.354178101000059], [76.50706068600005, 11.350559797000074], [76.51339271800003, 11.36729445100002], [76.45975583300003, 11.380794984000033], [76.41735381000007, 11.420533238000075], [76.41830559500005, 11.43956892600005], [76.39724736500006, 11.432430543000066], [76.34608895300005, 11.460160578000057], [76.32181845100007, 11.453736033000041], [76.27875020700003, 11.479434212000058], [76.24353418400005, 11.47467529000005], [76.23319039000006, 11.570685251000043], [76.27149971200004, 11.594598834000067], [76.29755481000007, 11.57092319700007], [76.32991548000007, 11.591624508000052], [76.35608955100008, 11.587936343000024], [76.38821227500006, 11.626721558000042], [76.43532560200003, 11.631242534000023], [76.43562069100005, 11.661868050000066], [76.46655368400008, 11.664271306000046], [76.51438085000007, 11.697678938000024], [76.54750294800004, 11.681831728000077], [76.56135141000004, 11.620727169000077], [76.58276656000004, 11.611732807000067], [76.75835174600007, 11.617605316000038], [76.85329224000003, 11.596904006000045], [76.83306682200003, 11.649252148000073], [76.90514466100007, 11.790830077000066], [76.95124671800005, 11.792019808000077], [76.96820037800006, 11.777743042000054], [76.98217971100007, 11.808640343000036], [77.01168502800004, 11.813589622000052], [77.03776392000003, 11.793221436000067], [77.02881714700004, 11.773805034000077], [77.06327727600006, 11.789794339000025], [77.05585335800004, 11.769616510000048], [77.08098046600009, 11.736684766000053], [77.11524184500007, 11.722601220000058], [77.10933810700004, 11.773805034000077], [77.24220721000006, 11.796457503000056], [77.25286719500008, 11.812828194000076], [77.29341321100003, 11.809972841000047], [77.33567045000007, 11.772282939000036], [77.36746203700005, 11.790937153000073], [77.42837623900004, 11.76162219400004], [77.46549583100006, 11.847282790000065], [77.46225976400007, 11.89886950500005], [77.48377009100005, 11.890113088000021], [77.49385900600004, 11.941699803000063], [77.53364359400007, 11.931230174000063], [77.67469804200005, 11.948933364000027], [77.69668047700003, 12.012528329000077], [77.75521521700006, 12.072490747000074], [77.77710625800006, 12.118652290000057], [77.74902861800007, 12.137212086000034], [77.72951703800004, 12.181470061000027], [77.61006809600008, 12.205264671000066], [77.50917894900005, 12.19431915000007], [77.47824595600008, 12.205740563000063], [77.47328479500004, 12.244429543000024], [77.49395039900008, 12.278877262000037], [77.55343692400004, 12.290179702000046], [77.62065669700007, 12.371081377000053], [77.63731292400007, 12.493028753000033], [77.61708750500003, 12.476372526000034], [77.58770116200003, 12.479822744000046], [77.62232232000008, 12.507662438000068], [77.59162727300003, 12.51587157800003], [77.58591656600004, 12.551206575000037], [77.61161474500005, 12.630799545000059], [77.60279975700007, 12.668411610000021], [77.66630281200008, 12.684001839000075], [77.69411395200007, 12.658703409000054], [77.71587174300004, 12.683830517000047], [77.74533898900006, 12.673950995000041], [77.74168413700005, 12.697712293000052], [77.76875288500008, 12.697255436000034], [77.77434937700008, 12.71238880900006], [77.76606885300004, 12.734888992000037], [77.79622138300005, 12.746710154000027], [77.78183040200008, 12.766811841000049], [77.80924179300007, 12.794280338000021], [77.81095500500004, 12.829286968000076], [77.79365156400007, 12.843620841000075], [77.83443158700004, 12.871876624000038], [77.88126351700004, 12.867873260000067], [77.93268842900005, 12.886908948000041], [77.94119738100005, 12.866350405000048], [77.92303733500006, 12.853215780000028], [77.92052462400005, 12.826147032000051], [77.93942706200005, 12.821578467000052], [77.95067715400006, 12.856185348000054], [77.99213688200007, 12.80638798700005], [78.01075378500008, 12.809985733000076], [78.00155954800005, 12.823520107000036], [78.01817770300005, 12.856508954000049], [78.04711194900005, 12.85470056400004], [78.13532332800008, 12.781260879000058], [78.22246870700008, 12.768925754000065], [78.24451166900008, 12.707941058000074], [78.21036640400007, 12.69985089000005], [78.20388237300006, 12.683492096000066], [78.23469639300004, 12.680101364000052], [78.26229814000004, 12.703182136000066], [78.37603637600006, 12.61918716200006], [78.46615846200007, 12.617640513000026], [78.47026303200005, 12.666003058000058], [78.49768632000007, 12.67439065800005], [78.51172514000007, 12.714068170000075], [78.49917348300005, 12.745536542000025], [78.53450847900007, 12.712283574000026], [78.53742331900008, 12.685633611000071], [78.61217643000003, 12.907159387000036], [78.64572683000006, 12.923006598000029], [78.61310442000007, 12.984182540000063], [78.64986709200008, 13.026798687000053], [78.70019269300008, 13.011665315000073], [78.70954397400004, 13.065631490000044], [78.74923338400004, 13.054781148000075], [78.81519204300008, 13.093114265000054], [78.86251952200007, 13.087546326000052], [78.88193592400006, 13.103250769000056], [78.88550511600005, 13.027512525000077], [78.93318951400005, 13.023300879000033], [78.89542746800004, 13.046215089000043], [78.91677123300008, 13.077838125000028], [78.98694153800005, 13.079908256000067], [79.00428780900006, 13.074982772000055], [78.98822644700005, 13.053995926000027], [79.00393089000005, 13.04807106800007], [79.01934979700007, 13.064346582000042], [79.06539236800006, 13.021087980000061], [79.10087013100008, 13.03479367600005], [79.14762654000003, 13.015305890000036], [79.17853573900004, 13.040718534000064], [79.16847061900006, 13.060777390000055], [79.22393585500004, 13.10032403200006], [79.22115188500004, 13.130376624000064], [79.24749251900005, 13.161357207000037], [79.26833659700003, 13.154290208000077], [79.27890140400007, 13.113458657000024], [79.29446307900008, 13.108675940000069], [79.29689012900008, 13.125593908000042], [79.31080997600003, 13.10582058700004], [79.30938229900005, 13.12966278600004], [79.33929212400005, 13.122595787000023], [79.34079118500006, 13.139085452000074], [79.36134972800005, 13.122524403000057], [79.34143363900006, 13.170779872000026], [79.36199218200005, 13.160500601000024], [79.35830401800007, 13.192302097000038], [79.41108046300008, 13.199821194000037], [79.43268596900003, 13.186781748000044], [79.42411990900007, 13.216429832000074], [79.44425014900008, 13.23503721700007], [79.40194333300008, 13.22323509000006], [79.39599468000006, 13.280960814000025], [79.35982528600005, 13.296562147000031], [79.44705632700004, 13.32875625400004], [79.50245017900005, 13.317465712000057], [79.55188645600003, 13.265611308000075], [79.58091588000008, 13.287918755000021], [79.65360841400008, 13.267098471000054], [79.66468150400004, 13.28144381900006], [79.68121875800006, 13.255507694000073], [79.66694199200003, 13.249915960000067], [79.67538907800008, 13.23385459800005], [79.70049239200006, 13.233319220000055], [79.69573347000005, 13.213034315000073], [79.72803465300007, 13.22421778100005], [79.74992569400007, 13.19608065500006], [79.78085868700003, 13.226597242000025], [79.71794573800008, 13.270034303000045], [79.73878981700005, 13.280028039000058], [79.75228611900008, 13.331690897000044], [79.78762111500004, 13.315581946000066], [79.81093983300008, 13.335569418000034], [79.88484589200004, 13.333570671000075], [79.91221088300006, 13.357952413000021], [79.92904557000008, 13.351111462000063], [79.95397042400003, 13.389063866000072], [79.93130605800008, 13.40881339200007], [79.96372621400008, 13.421662481000055], [79.96521337700005, 13.46080461500003], [79.99555150500004, 13.486205361000032], [80.03130290700005, 13.48947712000006], [79.98841312200005, 13.515294272000062], [79.98877004100007, 13.53998118000004], [80.03044790600006, 13.522068066000031], [80.07202898700007, 13.53548822600004], [80.06923074100007, 13.47582562100007], [80.13336197400008, 13.497297877000051], [80.14558288600006, 13.48182186200006], [80.20888130700007, 13.486231004000047], [80.23323509100004, 13.468083152000077], [80.26483923700005, 13.57222110500004]], [[79.70488544600005, 12.029659157000026], [79.66030624400008, 12.010492599000031], [79.65616598200006, 11.990897737000068], [79.71737761600008, 11.988791914000046], [79.70488544600005, 12.029659157000026]], [[79.79453665700004, 12.027041860000054], [79.80058853600008, 12.015352729000028], [79.80554166400003, 12.023175236000043], [79.79453665700004, 12.027041860000054]], [[79.61762862800003, 11.970966272000055], [79.64985049600006, 12.020506560000058], [79.62446164700003, 12.030143378000048], [79.61762862800003, 11.970966272000055]], [[79.67752402400004, 11.970179770000072], [79.66143886800006, 11.968323791000046], [79.65253968300004, 11.954903631000036], [79.67600116900007, 11.948193551000031], [79.67752402400004, 11.970179770000072]], [[79.65278556100003, 11.948151910000036], [79.61695048200005, 11.943697649000057], [79.62373194600008, 11.904115316000059], [79.66780590900004, 11.918795310000064], [79.65278556100003, 11.948151910000036]], [[79.63950956800005, 11.885779042000024], [79.59885647600004, 11.88135324500007], [79.60231859200007, 11.857867965000025], [79.62680324600007, 11.869396453000036], [79.62719585700006, 11.853620627000055], [79.65756967700008, 11.852621253000052], [79.66231670100007, 11.86664817600007], [79.63950956800005, 11.885779042000024]], [[79.69602867500004, 11.874647331000062], [79.69755153000006, 11.862464491000026], [79.69869367100006, 11.874647331000062], [79.69602867500004, 11.874647331000062]], [[79.64036270400004, 11.823478309000052], [79.67147663500003, 11.823359336000067], [79.64762253800006, 11.844358079000074], [79.64036270400004, 11.823478309000052]], [[79.69495943600003, 11.82264252300007], [79.70441779400005, 11.813868261000039], [79.70203833300008, 11.823415848000025], [79.69495943600003, 11.82264252300007]], [[79.69074382500008, 11.80899234800006], [79.67461107900004, 11.803709945000037], [79.68105941800007, 11.79695227600007], [79.69074382500008, 11.80899234800006]], [[79.74669176400005, 10.990526940000052], [79.74568049300007, 10.991300264000074], [79.74606715600004, 10.99017002000005], [79.74669176400005, 10.990526940000052]], [[79.72189940300007, 10.935601048000024], [79.72258944600003, 10.938373120000051], [79.72043603400004, 10.937409438000032], [79.72189940300007, 10.935601048000024]], [[79.73911718300008, 10.920489091000036], [79.73968825300005, 10.921678822000047], [79.73925995000008, 10.92168834000006], [79.73911718300008, 10.920489091000036]]], [[[78.53303149400006, 9.101199608000059], [78.53403086800006, 9.105768173000058], [78.53463763000008, 9.10516141000005], [78.53303149400006, 9.101199608000059]]], [[[78.57690756500006, 9.11196072000007], [78.58094075200006, 9.101717141000051], [78.56930518700005, 9.102466671000059], [78.57690756500006, 9.11196072000007]]], [[[79.31829103100006, 9.285694739000064], [79.32594337700004, 9.26085316700005], [79.41598694800007, 9.189369197000076], [79.43759245400008, 9.158721740000033], [79.35164632300007, 9.221158796000054], [79.26427251500007, 9.256850711000027], [79.21745304200005, 9.252172893000022], [79.22097015400004, 9.267081261000044], [79.20469013400003, 9.273286210000037], [79.22000977300007, 9.29146255300003], [79.27060663200007, 9.29494608400006], [79.31166661100008, 9.32823950200003], [79.33479974000005, 9.312339742000063], [79.31829103100006, 9.285694739000064]]], [[[79.76953329900005, 11.900737333000052], [79.79806599700004, 11.892133380000075], [79.78312298200007, 11.863008777000061], [79.76953329900005, 11.900737333000052]]], [[[80.30659230900005, 13.108101284000043], [80.30927634100004, 13.098907047000068], [80.30779155700003, 13.098278869000069], [80.30659230900005, 13.108101284000043]]], [[[80.30556438200006, 13.111641922000047], [80.30390827700006, 13.114897025000062], [80.30693495100007, 13.110956638000062], [80.30556438200006, 13.111641922000047]]]]}, "properties": {"pc11_s_id": "33", "s_name": "Tamil Nadu"}}, {"type": "Feature", "geometry": {"type": "MultiPolygon", "coordinates": [[[[79.73943127100006, 10.92023210900004], [79.73968825300005, 10.921678822000047], [79.73995475300006, 10.920175002000065], [79.73943127100006, 10.92023210900004]]], [[[79.72252996000003, 10.935672432000047], [79.72043603400004, 10.937409438000032], [79.72258944600003, 10.938373120000051], [79.72252996000003, 10.935672432000047]]], [[[75.53601146300008, 11.709947956000065], [75.53585208800007, 11.69363521400004], [75.52983022600006, 11.701953365000065], [75.53601146300008, 11.709947956000065]]], [[[75.53063388100003, 11.758231979000072], [75.55331966200004, 11.722754215000066], [75.53077664900007, 11.708377512000027], [75.53063388100003, 11.758231979000072]]], [[[79.69074382500008, 11.80899234800006], [79.67620531800003, 11.801282895000043], [79.67653844200004, 11.814560287000063], [79.69074382500008, 11.80899234800006]]], [[[79.70441779400005, 11.813868261000039], [79.69495943600003, 11.82264252300007], [79.70203833300008, 11.823415848000025], [79.70441779400005, 11.813868261000039]]], [[[79.67147663500003, 11.823359336000067], [79.64036270400004, 11.823478309000052], [79.64762253800006, 11.844358079000074], [79.67147663500003, 11.823359336000067]]], [[[79.69602867500004, 11.874647331000062], [79.69755153000006, 11.862464491000026], [79.69412510600006, 11.862083777000066], [79.69602867500004, 11.874647331000062]]], [[[79.59885647600004, 11.88135324500007], [79.66231670100007, 11.86664817600007], [79.65756967700008, 11.852621253000052], [79.62719585700006, 11.853620627000055], [79.62680324600007, 11.869396453000036], [79.60196167300006, 11.858260576000077], [79.59885647600004, 11.88135324500007]]], [[[79.68490035300005, 11.964278707000062], [79.67600116900007, 11.948193551000031], [79.65139754200004, 11.957616216000076], [79.66143886800006, 11.968323791000046], [79.68490035300005, 11.964278707000062]]], [[[79.63033891600008, 12.029643691000047], [79.65001705800006, 12.019721338000068], [79.63479088700007, 11.994105251000065], [79.64118568900005, 11.943779651000057], [79.66917409900003, 11.93099004800007], [79.63201247000006, 11.902580563000072], [79.61652217900007, 11.927671979000024], [79.62724306200005, 11.958101854000063], [79.61534434600003, 11.988526695000076], [79.63033891600008, 12.029643691000047]]], [[[79.70000792300004, 12.03176985400006], [79.71737761600008, 11.988791914000046], [79.65573767900008, 11.99136173200003], [79.66030624400008, 12.010492599000031], [79.70000792300004, 12.03176985400006]]], [[[79.75854982200008, 11.002737994000029], [79.79659740400007, 10.982679138000037], [79.81622795700008, 11.003856341000073], [79.85465187700004, 10.99393518100004], [79.85175331000005, 10.82839488600007], [79.83117679100008, 10.828182303000062], [79.82865456300004, 10.84950227400003], [79.80792945700006, 10.855950613000061], [79.82506157700004, 10.865373279000039], [79.81152244400005, 10.880411472000048], [79.82839282200007, 10.88440896700007], [79.78353998200004, 10.888953737000065], [79.78982175900006, 10.908155988000033], [79.75641412700008, 10.891309404000026], [79.76224380600007, 10.914318792000074], [79.72455314400008, 10.929666315000077], [79.73661701100008, 10.957387036000057], [79.72024631900007, 10.952247400000033], [79.71893761600006, 10.96816599400006], [79.76404637700006, 10.960074258000077], [79.74736635500005, 10.988841942000022], [79.75854982200008, 11.002737994000029]]], [[[79.74568049300007, 10.991300264000074], [79.74669176400005, 10.990526940000052], [79.74606715600004, 10.99017002000005], [79.74568049300007, 10.991300264000074]]], [[[79.73619649200003, 11.84399809000007], [79.76853336700003, 11.823510931000044], [79.80737589700004, 11.834135390000029], [79.79644444500008, 11.78676015600007], [79.76585647300004, 11.792387581000071], [79.75261477300006, 11.776683139000056], [79.71285397900004, 11.79142390000004], [79.73555403700004, 11.810233539000023], [79.73619649200003, 11.84399809000007]]], [[[79.76235325000005, 12.000494918000072], [79.72294937600003, 11.975653346000058], [79.74472144400005, 11.962483029000055], [79.75092945800003, 11.919343401000049], [79.78472126500003, 11.958461046000025], [79.80521437300007, 11.952274447000036], [79.81437529800007, 11.97782391000004], [79.84072327300004, 11.957147903000077], [79.80788365300003, 11.838309972000047], [79.78606875400004, 11.856032197000047], [79.76684270900006, 11.839014292000059], [79.76732040000007, 11.876062322000053], [79.74340806700008, 11.848227725000072], [79.73809711000007, 11.864731667000058], [79.71713881800008, 11.854395288000035], [79.70945981500006, 11.889034620000075], [79.67226884000007, 11.882538691000036], [79.69437799800005, 11.895804583000029], [79.69544875600008, 11.918796125000028], [79.71725056700006, 11.918825868000056], [79.70469891000005, 11.894585109000047], [79.72976653200004, 11.891955805000066], [79.74008149500008, 11.905304581000053], [79.71980848800007, 11.944280152000033], [79.70920798900005, 11.948741642000073], [79.70913660500008, 11.933429810000064], [79.69189741000008, 11.95498772700006], [79.74686295900005, 12.005134867000038], [79.76235325000005, 12.000494918000072]], [[79.77536836800004, 11.90213992300005], [79.77155778500008, 11.875697648000028], [79.78538822800004, 11.86327527700007], [79.79747589000004, 11.899100442000076], [79.77536836800004, 11.90213992300005]]], [[[79.80464936600004, 12.024959832000036], [79.78799390900008, 12.018685068000025], [79.78797011500006, 12.021445242000027], [79.80464936600004, 12.024959832000036]]], [[[79.85752057000008, 12.006178620000071], [79.84969690300005, 12.049751310000033], [79.87446518000007, 12.04165742300006], [79.85752057000008, 12.006178620000071]]], [[[82.25458886700005, 16.70749850800007], [82.26763783100006, 16.707022616000074], [82.26306212800006, 16.689957122000067], [82.25458886700005, 16.70749850800007]]], [[[82.21488875000006, 16.721640240000056], [82.20761711700004, 16.718270923000034], [82.20254410600006, 16.720098349000068], [82.21488875000006, 16.721640240000056]]], [[[82.21792985600007, 16.733209060000036], [82.28950166300007, 16.726222170000028], [82.30541888300007, 16.746943963000035], [82.31045995600005, 16.73573049600003], [82.27386384500005, 16.70780990000003], [82.22308614800005, 16.717779842000027], [82.21689954900006, 16.73277996400003], [82.21874601100006, 16.737824422000074], [82.21834626100008, 16.741783845000043], [82.22240086300008, 16.746085910000033], [82.22278157700003, 16.747970443000042], [82.22531332300008, 16.74907451300004], [82.22561789400004, 16.750711582000065], [82.22460900300007, 16.752824544000077], [82.22569403700004, 16.753966685000023], [82.23189969900005, 16.754755035000073], [82.21792985600007, 16.733209060000036]]], [[[82.31070476600007, 16.730577039000025], [82.30825392100007, 16.730517552000038], [82.31096650700005, 16.732789938000053], [82.31070476600007, 16.730577039000025]]], [[[82.18630681900004, 16.730823651000037], [82.22501589000007, 16.750035815000047], [82.22223192100006, 16.748608139000055], [82.21863417600008, 16.743097307000028], [82.21613574200006, 16.732489670000064], [82.21951933600008, 16.725194243000033], [82.18630681900004, 16.730823651000037]]], [[[82.23250915400007, 16.755871563000028], [82.22433536500006, 16.755784197000025], [82.22865442700004, 16.761525162000055], [82.23250915400007, 16.755871563000028]]]]}, "properties": {"pc11_s_id": "34", "s_name": "Puducherry"}}, {"type": "Feature", "geometry": {"type": "MultiPolygon", "coordinates": [[[[92.50001646200008, 10.889981104000071], [92.47035403300004, 10.856789843000058], [92.54551026600006, 10.853078354000047], [92.53460012300008, 10.884309160000043], [92.55556221400008, 10.86827415700003], [92.56554476300005, 10.817011491000073], [92.53966144100008, 10.81280924500004], [92.56689953800009, 10.782271149000053], [92.56754317700006, 10.800692436000077], [92.58536725300007, 10.789555747000065], [92.58130292900006, 10.735547471000075], [92.59777413400008, 10.684472399000072], [92.54309644200004, 10.623702567000066], [92.56729531300005, 10.569069566000053], [92.51291419100005, 10.50920328500007], [92.44584287600009, 10.543741147000048], [92.39413661300006, 10.527352552000025], [92.37916469500004, 10.540391558000067], [92.40583236100008, 10.572309088000054], [92.41833431400005, 10.621931214000028], [92.38139888400008, 10.670227950000026], [92.37432553500008, 10.781704356000034], [92.38738651000006, 10.788148440000043], [92.39326195300004, 10.738441371000022], [92.41539659200004, 10.72431791400004], [92.42868620200005, 10.771737204000033], [92.39888116400004, 10.778671822000035], [92.50001646200008, 10.889981104000071]]], [[[92.50830525200007, 10.86435115100005], [92.51800258500003, 10.874061248000032], [92.51738461800005, 10.866125135000061], [92.50830525200007, 10.86435115100005]]], [[[92.52237589300006, 10.876768815000048], [92.50987393900004, 10.887038673000063], [92.51172784100004, 10.897214819000055], [92.52765238300003, 10.888765842000055], [92.52237589300006, 10.876768815000048]]], [[[92.70810484800006, 11.273976417000029], [92.68600063300005, 11.244605155000045], [92.70667877000005, 11.287262431000045], [92.70810484800006, 11.273976417000029]]], [[[92.72806994500007, 11.313832613000045], [92.71024396600006, 11.301247044000036], [92.70240053500004, 11.302645468000037], [92.71666131800004, 11.327815930000042], [92.72806994500007, 11.313832613000045]]], [[[92.55589718800007, 11.39469112300003], [92.56232173300003, 11.39454835500004], [92.55603995600006, 11.392406840000035], [92.55589718800007, 11.39469112300003]]], [[[92.54555525700005, 11.394457142000022], [92.55023803700004, 11.397198281000044], [92.55098042800006, 11.39462846300006], [92.54555525700005, 11.394457142000022]]], [[[92.64308236000005, 11.506374395000023], [92.66933997400008, 11.487919193000039], [92.68443263700004, 11.432945142000051], [92.66678491700009, 11.41389973300005], [92.63749089100008, 11.415938294000057], [92.63541119300004, 11.404405673000042], [92.68722537400004, 11.391241604000072], [92.68847319200006, 11.371669119000046], [92.63624307200007, 11.348192014000062], [92.59684765700007, 11.34894937000007], [92.58127963500004, 11.36997976400005], [92.58728104900007, 11.400619610000035], [92.62239822800007, 11.405978331000028], [92.62905326000003, 11.434284680000076], [92.61318813900004, 11.473419661000037], [92.63267787600006, 11.510511356000052], [92.63404453500004, 11.497701590000077], [92.64308236000005, 11.506374395000023]]], [[[92.61529105400007, 11.507420558000035], [92.61001436100008, 11.50259615300007], [92.61514029100005, 11.508174371000052], [92.61529105400007, 11.507420558000035]]], [[[92.59907769500006, 11.526567235000073], [92.60520983100008, 11.532063296000047], [92.60335593000008, 11.523120498000026], [92.59907769500006, 11.526567235000073]]], [[[92.56827440200004, 11.529315279000059], [92.55401361800006, 11.52959474000005], [92.55586752000005, 11.542961948000027], [92.56827440200004, 11.529315279000059]]], [[[92.60168163400004, 11.541594905000068], [92.60393959200007, 11.539120610000055], [92.60325626300005, 11.538421982000045], [92.60168163400004, 11.541594905000068]]], [[[92.62650413900008, 11.542674778000048], [92.62918103300007, 11.546029818000022], [92.62839581100008, 11.541889556000058], [92.62650413900008, 11.542674778000048]]], [[[92.61748733600007, 11.554111591000037], [92.61680400700004, 11.542118870000024], [92.60670261900003, 11.53390996500002], [92.60411785200006, 11.551142567000056], [92.61748733600007, 11.554111591000037]]], [[[92.20161259300005, 11.589916921000054], [92.27285179500007, 11.582008515000041], [92.28016863400006, 11.522566175000065], [92.26317216100006, 11.512938198000029], [92.24838589200004, 11.525901727000075], [92.24271620700006, 11.513335335000022], [92.22448083600005, 11.519116060000044], [92.19977768600006, 11.54777060300006], [92.20161259300005, 11.589916921000054]]], [[[92.60324847700008, 11.555722553000066], [92.60119619200003, 11.553967700000044], [92.60107721900005, 11.555216917000052], [92.60324847700008, 11.555722553000066]]], [[[92.59200407100008, 11.57906003000005], [92.59417171100006, 11.534686023000063], [92.59063503600004, 11.546478793000063], [92.58792548800005, 11.536712068000043], [92.58425333600007, 11.549322118000077], [92.59200407100008, 11.57906003000005]]], [[[92.60666895200006, 11.557834324000055], [92.60750176400006, 11.563961436000056], [92.60848329100008, 11.557417919000045], [92.60666895200006, 11.557834324000055]]], [[[92.56795710500006, 11.565056484000024], [92.57347745400006, 11.568197373000032], [92.56924201400005, 11.563771575000032], [92.56795710500006, 11.565056484000024]]], [[[92.56515281100008, 11.572275670000067], [92.56565844600004, 11.568855194000037], [92.56363590400008, 11.570312614000045], [92.56515281100008, 11.572275670000067]]], [[[92.61124899900005, 11.565228836000074], [92.59862820600006, 11.572612543000048], [92.60376208700006, 11.588280446000056], [92.61716722400007, 11.581365163000044], [92.61124899900005, 11.565228836000074]]], [[[92.54149551400008, 11.58055627300007], [92.54715229100003, 11.590847673000042], [92.56816317900007, 11.592337799000063], [92.55270409400003, 11.564148236000051], [92.53024335900005, 11.557511788000056], [92.53770056000008, 11.606175412000027], [92.54149551400008, 11.58055627300007]]], [[[92.59545673400004, 11.588687206000031], [92.59840726600004, 11.588687206000031], [92.59674164300009, 11.587283324000055], [92.59545673400004, 11.588687206000031]]], [[[92.62745294900003, 11.620883296000045], [92.63117085700009, 11.619039214000054], [92.62876165300008, 11.615826941000023], [92.62745294900003, 11.620883296000045]]], [[[92.63524568400004, 11.637628753000058], [92.63723848300003, 11.634297508000031], [92.63450210300005, 11.634594940000056], [92.63524568400004, 11.637628753000058]]], [[[92.58330044300004, 11.715547058000027], [92.57901741300003, 11.733607168000049], [92.58501365500007, 11.734035470000038], [92.58330044300004, 11.715547058000027]]], [[[92.54062924900006, 11.81996360900007], [92.54366306200006, 11.817048769000053], [92.54125385800006, 11.81591852500003], [92.54062924900006, 11.81996360900007]]], [[[92.54217589900009, 11.82716147800005], [92.54300871000004, 11.824425098000063], [92.54098616800007, 11.825495856000032], [92.54217589900009, 11.82716147800005]]], [[[92.69391947800005, 12.24017565500003], [92.71005198900008, 12.209222977000024], [92.68973037300003, 12.188692328000059], [92.70143609900003, 12.157443200000046], [92.71174545700006, 12.17309726600007], [92.70479332500008, 12.140771623000035], [92.72039105700009, 12.177279272000021], [92.75885298500003, 12.181132900000023], [92.72958866800008, 12.091438995000033], [92.75766458600003, 12.063606846000027], [92.74019512600006, 12.04114727600006], [92.73761035900009, 12.014820989000043], [92.75371316000007, 12.001569698000026], [92.76773626500005, 12.010578322000072], [92.76752829500003, 11.999070478000021], [92.73217343500005, 11.999244843000042], [92.71972495900008, 12.011944120000067], [92.71235688800004, 11.981023097000048], [92.72596405300004, 11.989916160000064], [92.73157923600007, 11.970531231000052], [92.70795981300006, 11.97323416100005], [92.71820975100007, 11.955882627000051], [92.70528591600004, 11.961230622000073], [92.71571411400004, 11.942860979000045], [92.69996783200008, 11.928646903000072], [92.71571411400004, 11.904344631000072], [92.70525620600006, 11.915100689000042], [92.69438235900003, 11.90222243900007], [92.72228001700006, 11.880185554000036], [92.70489968600003, 11.877307253000026], [92.70380041800007, 11.85294224200004], [92.72082422800008, 11.869777011000053], [92.72492420300006, 11.85509389400005], [92.70528591600004, 11.818280867000055], [92.70721706400008, 11.839653962000057], [92.68820268500008, 11.821566908000023], [92.65757171100006, 11.83552486900004], [92.68737080600005, 11.816332489000047], [92.66544485200006, 11.800483221000036], [92.67810129700007, 11.795219317000033], [92.67296147300004, 11.779776009000045], [92.68496430000005, 11.774191775000077], [92.68496430000005, 11.801297517000023], [92.70103739100006, 11.814500419000069], [92.71116848900004, 11.792078376000063], [92.74377220600007, 11.884889619000035], [92.73281517100008, 11.885098945000038], [92.73226850700007, 11.896983753000029], [92.74588755600007, 11.931100265000055], [92.78508094200004, 11.936006922000047], [92.78857483500008, 11.919333227000038], [92.77371985200006, 11.895146409000063], [92.78769542000003, 11.88572692200006], [92.78562760600005, 11.85632672500003], [92.75439649000003, 11.700760192000075], [92.74236989500008, 11.711978070000043], [92.74339191800004, 11.68998408400006], [92.71216080200008, 11.694964886000037], [92.69573713300008, 11.715771564000022], [92.69264729700006, 11.700015420000057], [92.68627748000006, 11.722404236000045], [92.67466920200008, 11.71847585100005], [92.68872082700005, 11.705871131000038], [92.68231298200004, 11.686544020000042], [92.69967310900006, 11.69741801400005], [92.70952255700007, 11.66881700600004], [92.66659046800004, 11.65119826700004], [92.68954260200007, 11.636164568000027], [92.68680388000007, 11.588079809000021], [92.70417338900006, 11.613837602000046], [92.69373814400006, 11.647516770000038], [92.70985282900006, 11.639229484000055], [92.73019325400008, 11.657544434000044], [92.71636858500005, 11.664980250000042], [92.71552387700007, 11.677401036000049], [92.72160340000005, 11.686240734000023], [92.75652199000007, 11.66480179000007], [92.73723353400004, 11.637041226000065], [92.75111403000005, 11.60998922300007], [92.71546207100005, 11.479208741000036], [92.71227716200008, 11.490668439000046], [92.70747603200005, 11.493370251000044], [92.70410098000008, 11.506273375000035], [92.69642990900007, 11.51664852600004], [92.66647638100005, 11.502875707000044], [92.64434839900008, 11.522066496000036], [92.65311878100005, 11.551152947000048], [92.63396179500006, 11.589922424000065], [92.61801348600005, 11.563820561000057], [92.62110332100008, 11.592530149000027], [92.60620080200005, 11.608897716000058], [92.61238047600006, 11.620421957000076], [92.64233287500008, 11.611735750000037], [92.64661348700008, 11.643725076000067], [92.63294690300006, 11.658902480000052], [92.63147328800005, 11.628034679000052], [92.60944037700006, 11.634273696000037], [92.59270772400004, 11.666490872000054], [92.59686712000007, 11.762235702000055], [92.58569617300003, 11.778569979000054], [92.56138153700005, 11.68953410100005], [92.55175550800004, 11.849154518000034], [92.53483271100004, 11.858389183000043], [92.54318953000006, 11.829167494000046], [92.53451897400004, 11.841785171000026], [92.52165764800009, 11.827567724000062], [92.51428007000004, 11.849881021000044], [92.56206104900008, 11.944376566000074], [92.57986326100007, 11.920238491000077], [92.56835956200007, 11.91777340300007], [92.58114673100005, 11.911866403000033], [92.57213867000007, 11.888748797000062], [92.58197861000008, 11.891958401000068], [92.58837219500003, 11.861465636000048], [92.59735648900005, 11.866047910000077], [92.59288810900006, 11.891842112000063], [92.60127820400004, 11.89607501200004], [92.59709504100005, 11.884492525000041], [92.60479586400004, 11.850509737000039], [92.61886650400004, 11.833877330000064], [92.61900911200007, 11.945981044000064], [92.60874134800008, 11.923215172000027], [92.61213516100008, 12.008723424000038], [92.62839245300006, 12.04601036500003], [92.62171840700006, 12.094038724000029], [92.66356576600003, 12.217491384000027], [92.65529451100008, 12.181390032000024], [92.67710363700007, 12.218544004000023], [92.67882681500004, 12.190783216000057], [92.69391947800005, 12.24017565500003]]], [[[92.60342520800003, 11.872625047000042], [92.60294931600004, 11.870293175000029], [92.60173579100007, 11.871078397000076], [92.60342520800003, 11.872625047000042]]], [[[92.58669759700007, 11.874766562000048], [92.58898188000006, 11.87310093900004], [92.58726866800004, 11.872839198000065], [92.58669759700007, 11.874766562000048]]], [[[92.60121230900006, 11.878145396000036], [92.60263998600004, 11.875980087000073], [92.60183096900005, 11.875742141000046], [92.60121230900006, 11.878145396000036]]], [[[92.60239252400004, 11.933774327000037], [92.60592801000007, 11.931710502000044], [92.60286788300004, 11.931158207000067], [92.60239252400004, 11.933774327000037]]], [[[92.56296740000005, 11.947203342000023], [92.56980069100007, 11.945343085000047], [92.56834490400007, 11.943366548000029], [92.56296740000005, 11.947203342000023]]], [[[92.60084304500003, 11.969917628000076], [92.59763436900005, 11.929951715000072], [92.58955325800008, 11.976456942000027], [92.60084304500003, 11.969917628000076]]], [[[92.58115196600005, 11.978779742000029], [92.58479254100007, 11.978803537000033], [92.58212754500005, 11.976804790000074], [92.58115196600005, 11.978779742000029]]], [[[92.68037775000005, 12.220286634000047], [92.68316171900005, 12.22556903700007], [92.68269772400004, 12.217431281000074], [92.68037775000005, 12.220286634000047]]], [[[92.69745942400004, 12.247330263000038], [92.69441371400006, 12.246283301000062], [92.69527032000008, 12.249519368000051], [92.69745942400004, 12.247330263000038]]], [[[92.72140309100007, 12.284556422000037], [92.71073602500007, 12.234667070000057], [92.70834021400003, 12.232269914000028], [92.70457536700007, 12.298824711000066], [92.72140309100007, 12.284556422000037]]], [[[92.67580632900007, 12.543403265000052], [92.67942311000007, 12.52293990100003], [92.66837051400006, 12.531030068000064], [92.67580632900007, 12.543403265000052]]], [[[92.70089775800005, 12.641687825000076], [92.70102466300006, 12.637912414000027], [92.69975561700005, 12.638261401000022], [92.70089775800005, 12.641687825000076]]], [[[92.71316998700007, 12.779448181000078], [92.72388934300005, 12.754343850000055], [92.71704416600005, 12.719198240000026], [92.69465473600007, 12.798384886000065], [92.71031783000006, 12.831758235000052], [92.71316998700007, 12.779448181000078]]], [[[92.71601795000004, 12.794082661000061], [92.71444750600006, 12.792940520000059], [92.71492339800005, 12.79451096400004], [92.71601795000004, 12.794082661000061]]], [[[92.71663661000008, 12.798984351000058], [92.71539929100004, 12.79717596100005], [92.71549446900008, 12.79893676200004], [92.71663661000008, 12.798984351000058]]], [[[92.71696973500008, 12.803124613000023], [92.71525652300005, 12.801221044000044], [92.71463786300006, 12.802601132000063], [92.71696973500008, 12.803124613000023]]], [[[92.71331259500005, 12.83321049400007], [92.71178352200008, 12.851880535000078], [92.72414286800006, 12.854892948000042], [92.71331259500005, 12.83321049400007]]], [[[92.68454833900006, 12.987384926000061], [92.71940744200003, 12.979116299000054], [92.72219426700008, 12.897061602000065], [92.71916045400008, 12.88242791600004], [92.70535958000005, 12.89515803300003], [92.69506841200007, 12.878085400000032], [92.71870687000006, 12.87440962900007], [92.70031984400003, 12.840640797000049], [92.67701174500007, 12.837778399000058], [92.69036273000006, 12.81544406300003], [92.66808378900004, 12.78271131200006], [92.64907057500005, 12.861065290000056], [92.67975967300004, 12.945000777000075], [92.66979812500006, 12.962582712000028], [92.68454833900006, 12.987384926000061]]], [[[92.71834074300006, 13.096011846000067], [92.69907680100005, 13.073763875000054], [92.69605826800006, 13.095490974000029], [92.71834074300006, 13.096011846000067]]], [[[92.74083018600004, 8.989181703000042], [92.73928526800006, 8.962934527000073], [92.73232600500006, 8.96332895300003], [92.74083018600004, 8.989181703000042]]], [[[92.77700637700008, 9.258016559000055], [92.82237349500008, 9.201213406000022], [92.82989011600006, 9.140617231000022], [92.79780335300006, 9.118675702000075], [92.73074796000003, 9.125862582000025], [92.72158273300005, 9.215270178000026], [92.76512239100003, 9.213178898000024], [92.77700637700008, 9.258016559000055]]], [[[92.75866519900006, 11.674552489000064], [92.76218680200003, 11.67065017300007], [92.76028323300005, 11.66769964200006], [92.75866519900006, 11.674552489000064]]], [[[92.73389236200006, 11.876495036000051], [92.73523080800004, 11.87423454800006], [92.73288109100008, 11.87444275100006], [92.73389236200006, 11.876495036000051]]], [[[92.72309555700008, 11.876376063000066], [92.72029969100004, 11.87592991400004], [92.72172736700008, 11.87816065800007], [92.72309555700008, 11.876376063000066]]], [[[92.72824262300009, 11.956816884000034], [92.73120886500004, 11.954510245000051], [92.72790036400005, 11.954305624000028], [92.72824262300009, 11.956816884000034]]], [[[92.76610025000008, 11.964480735000052], [92.74533654800007, 11.946808907000047], [92.73660894900007, 11.953319715000077], [92.76610025000008, 11.964480735000052]]], [[[92.73398829000007, 11.981239600000038], [92.74049477300008, 11.98080365800007], [92.73324554100003, 11.978129868000053], [92.73398829000007, 11.981239600000038]]], [[[92.73688945100008, 11.991658610000059], [92.73948306400007, 11.990016781000065], [92.73724637100008, 11.98920776500006], [92.73688945100008, 11.991658610000059]]], [[[92.77388679800004, 12.012721003000024], [92.77745599000008, 12.016795830000035], [92.77819957100007, 12.014684059000047], [92.77388679800004, 12.012721003000024]]], [[[92.75946795000004, 12.053119464000076], [92.77913357100005, 12.02521127500006], [92.74764576000007, 12.040846355000042], [92.75946795000004, 12.053119464000076]]], [[[92.77883650100006, 12.046753643000045], [92.78379767700005, 12.044112441000038], [92.77922911200005, 12.043862598000032], [92.77883650100006, 12.046753643000045]]], [[[92.73723656700008, 12.238578050000058], [92.76147989900005, 12.231435402000045], [92.76725836800006, 12.200864086000024], [92.76255231000005, 12.182812892000072], [92.74073045900008, 12.188366379000058], [92.74393913500006, 12.226975505000041], [92.73641657200005, 12.23011137800006], [92.73723656700008, 12.238578050000058]]], [[[92.72875853100004, 12.21505466700006], [92.74106558700004, 12.221368471000062], [92.73634526800004, 12.18583916700004], [92.73121138600004, 12.204350125000076], [92.71991684500006, 12.195596610000052], [92.71797737800006, 12.230497436000064], [92.72910079000007, 12.24566057800007], [92.72875853100004, 12.21505466700006]]], [[[92.75286778100008, 12.278187418000073], [92.76977275100006, 12.249823193000054], [92.75299256200003, 12.237280413000065], [92.75286778100008, 12.278187418000073]]], [[[92.74625773000008, 12.266681368000036], [92.73620387800008, 12.254585337000037], [92.75023648900003, 12.291707797000072], [92.74625773000008, 12.266681368000036]]], [[[92.76745424400008, 12.273718486000064], [92.75686564300008, 12.281154302000061], [92.76382556600004, 12.294360310000059], [92.76846551500006, 12.287400387000048], [92.76745424400008, 12.273718486000064]]], [[[92.74035444400005, 12.290507011000045], [92.73915519500008, 12.291420724000034], [92.74006890800007, 12.291420724000034], [92.74035444400005, 12.290507011000045]]], [[[92.76812346800006, 12.292736328000046], [92.77216855100005, 12.292379409000034], [92.76857517900004, 12.290546623000068], [92.76812346800006, 12.292736328000046]]], [[[92.73864123200008, 12.295304004000059], [92.73944073100006, 12.29279129400004], [92.73784173300004, 12.293533685000057], [92.73864123200008, 12.295304004000059]]], [[[92.76508965500005, 12.29987471100003], [92.76479222200004, 12.29761422300004], [92.76384043800005, 12.299101386000075], [92.76508965500005, 12.29987471100003]]], [[[92.77266153600004, 12.302635893000058], [92.76923894800007, 12.299180413000045], [92.77015163800007, 12.303806287000043], [92.77266153600004, 12.302635893000058]]], [[[92.74435193800008, 12.306953846000056], [92.74932025300006, 12.312264803000062], [92.74503722300005, 12.305754597000032], [92.74435193800008, 12.306953846000056]]], [[[92.77985532200006, 12.654302792000067], [92.78187786400008, 12.648949005000077], [92.77944873200005, 12.647521328000039], [92.77985532200006, 12.654302792000067]]], [[[92.72993563900008, 12.690319995000038], [92.73273150600005, 12.692283050000071], [92.73073870700006, 12.689546670000027], [92.72993563900008, 12.690319995000038]]], [[[92.72697632200004, 12.727930342000036], [92.73158136700005, 12.730944234000049], [92.72950166900006, 12.726916043000074], [92.72697632200004, 12.727930342000036]]], [[[92.72359287700004, 12.746748550000063], [92.72633807800008, 12.743966670000077], [92.72334331300004, 12.742401849000032], [92.72359287700004, 12.746748550000063]]], [[[92.72329466300005, 12.764165390000073], [92.71564137600006, 12.777377994000062], [92.71747151000005, 12.784354897000071], [92.72329466300005, 12.764165390000073]]], [[[92.78721427300007, 12.842014279000068], [92.78662007400004, 12.811191695000048], [92.77963823200008, 12.84181151200005], [92.78721427300007, 12.842014279000068]]], [[[92.77016075300008, 12.83057212500006], [92.76727888600004, 12.839812791000043], [92.76923974400006, 12.846243400000048], [92.77016075300008, 12.83057212500006]]], [[[92.77517678600003, 12.849646920000055], [92.77752387300006, 12.844519897000055], [92.77669199400003, 12.844461964000061], [92.77517678600003, 12.849646920000055]]], [[[92.76255500200006, 12.851051765000022], [92.76603106800007, 12.848937254000077], [92.76519918900004, 12.844824045000053], [92.76255500200006, 12.851051765000022]]], [[[92.77268114800006, 12.852022116000057], [92.77734561300008, 12.855063493000046], [92.77675141400005, 12.851442802000065], [92.77268114800006, 12.852022116000057]]], [[[92.73182054600005, 12.855281288000072], [92.73464020700004, 12.853889303000074], [92.73242730800007, 12.853425308000055], [92.73182054600005, 12.855281288000072]]], [[[92.77817749200005, 12.852514532000043], [92.78067312900004, 12.861175100000025], [92.78082167900004, 12.850197273000049], [92.77817749200005, 12.852514532000043]]], [[[92.76596669600008, 12.85755449800007], [92.76448119800006, 12.85584555500003], [92.76465945800004, 12.857409672000074], [92.76596669600008, 12.85755449800007]]], [[[92.73264146000008, 12.864204267000048], [92.73189193000007, 12.862740898000027], [92.73107101600004, 12.863561812000057], [92.73264146000008, 12.864204267000048]]], [[[92.76335792200007, 12.866624179000041], [92.76471421500008, 12.865125118000037], [92.76410745200008, 12.865053734000071], [92.76335792200007, 12.866624179000041]]], [[[92.73027103600003, 12.869439175000025], [92.72932031700003, 12.86706414400004], [92.72866669800004, 12.869439175000025], [92.73027103600003, 12.869439175000025]]], [[[92.75619199100004, 12.876431870000033], [92.75795082100007, 12.872863622000068], [92.75528880800005, 12.873211180000055], [92.75619199100004, 12.876431870000033]]], [[[92.74837678100005, 12.896096820000025], [92.75191345500008, 12.893108071000029], [92.75035903000008, 12.892301798000062], [92.74837678100005, 12.896096820000025]]], [[[92.75333953400008, 12.893594614000051], [92.75734681400007, 12.900948248000077], [92.75420944200005, 12.891801351000026], [92.75333953400008, 12.893594614000051]]], [[[92.75730219400003, 12.91176104300007], [92.75451822400004, 12.903575697000065], [92.75278121800005, 12.912213141000052], [92.75730219400003, 12.91176104300007]]], [[[92.76636357800004, 12.921352254000055], [92.76229470000004, 12.923850688000073], [92.76762469200008, 12.924397964000036], [92.76636357800004, 12.921352254000055]]], [[[92.77109870500004, 12.923969661000058], [92.76988518000007, 12.92727711200007], [92.77290709600004, 12.927205728000047], [92.77109870500004, 12.923969661000058]]], [[[92.76072425500007, 12.929490011000041], [92.76319889500007, 12.938246427000024], [92.76481692800007, 12.928395459000058], [92.76072425500007, 12.929490011000041]]], [[[92.72897691000009, 13.093581104000066], [92.72784793200003, 13.088893176000056], [92.72535229500005, 13.089877070000057], [92.72897691000009, 13.093581104000066]]], [[[92.75404964700004, 13.20590883500006], [92.75848115600007, 13.206597927000075], [92.75473493200008, 13.20339612400005], [92.75404964700004, 13.20590883500006]]], [[[92.80958080400006, 12.310711507000065], [92.85278186700003, 12.269691686000044], [92.86396469800007, 12.299896941000043], [92.86571758600007, 12.27173827100006], [92.88104792900003, 12.274089781000043], [92.87730447300004, 12.251764111000057], [92.86161761100004, 12.269096427000022], [92.85570532800006, 12.268602893000036], [92.86013211300008, 12.229959196000038], [92.87249145800007, 12.219128656000066], [92.86239007000006, 12.202664224000046], [92.83633443000008, 12.203796731000068], [92.85430895900004, 12.223542227000053], [92.83007751100007, 12.236120501000073], [92.82874650400004, 12.199324753000042], [92.84881713100003, 12.196838067000044], [92.83295914000007, 12.188641878000055], [92.85254395000004, 12.18155131900005], [92.85102279900008, 12.163614983000059], [92.82953655200004, 12.164497888000028], [92.82744497000004, 12.188660463000076], [92.82328452500008, 12.163372939000055], [92.81103985900006, 12.165419300000053], [92.81716011200007, 12.181014814000036], [92.80934639100008, 12.18505149200007], [92.79735260400008, 12.160627071000022], [92.82804299900005, 12.154411732000028], [92.81087063900009, 12.132134068000028], [92.79895694200007, 12.139656982000076], [92.79357943800005, 12.135851982000077], [92.80971195000006, 12.107763017000025], [92.79292581900006, 12.10764682100006], [92.80371053700009, 12.115867582000021], [92.79289610900008, 12.12202572600006], [92.78133893200004, 12.105613378000044], [92.79230191000005, 12.080746023000074], [92.76369121300007, 12.065696666000065], [92.77135638400006, 12.106368658000065], [92.74880652000007, 12.086120589000075], [92.73947759000004, 12.096666045000063], [92.76731582800005, 12.151710628000046], [92.77750634700004, 12.248149137000041], [92.76678104900003, 12.266701023000053], [92.79139516200007, 12.274663708000048], [92.77385754000005, 12.305811736000067], [92.79439306900008, 12.296197702000029], [92.80958080400006, 12.310711507000065]]], [[[92.84324550000008, 12.39717613700003], [92.84124675200007, 12.397233244000063], [92.84267442900006, 12.398603814000069], [92.84324550000008, 12.39717613700003]]], [[[92.83605000900008, 12.400088597000035], [92.83856272000008, 12.398889349000058], [92.83610711700004, 12.398889349000058], [92.83605000900008, 12.400088597000035]]], [[[92.90422429900008, 12.887978770000075], [92.92827748700006, 12.883321715000022], [92.94049422500007, 12.854960470000037], [92.92307230100005, 12.831393175000073], [92.93804612400004, 12.821914653000022], [92.93471860800008, 12.834452182000064], [92.94776722500006, 12.838623495000036], [92.95418457800008, 12.805876829000056], [92.93455223200004, 12.772546414000033], [92.94969243100007, 12.769602557000042], [92.97792878200005, 12.713477281000053], [92.96031671500003, 12.698870154000076], [92.95859797500003, 12.62346984800007], [92.94846331100007, 12.630390676000047], [92.93391731200006, 12.612281090000067], [92.94599144200004, 12.62218956700002], [92.95139152500008, 12.609943078000072], [92.95791345700007, 12.607196815000066], [92.96901785400007, 12.496338339000033], [92.90689978200004, 12.48277332400005], [92.89868557000005, 12.46604116900005], [92.91634517400007, 12.45933407900003], [92.95720231900003, 12.46975436200006], [92.92433121300007, 12.444317925000064], [92.91085477300004, 12.455458277000048], [92.89792499500004, 12.428395675000047], [92.89756933400008, 12.462431116000062], [92.88166856000004, 12.476947279000058], [92.87471642800006, 12.460237956000071], [92.84922527700007, 12.477051709000023], [92.84787050300008, 12.497449537000023], [92.82740627800007, 12.50218327400006], [92.81756633800006, 12.481124441000077], [92.84298618400004, 12.482969333000028], [92.82619411200005, 12.470507355000052], [92.84106097900008, 12.47433651800003], [92.86195302700008, 12.441960901000073], [92.84801311100006, 12.425562676000027], [92.81735242600007, 12.456095269000059], [92.81343071000003, 12.435694185000045], [92.79916992700004, 12.46942821700003], [92.79278822600008, 12.433361536000064], [92.81653243100004, 12.424030730000027], [92.80355511800008, 12.399135337000075], [92.83539231700007, 12.407109085000059], [92.81884980800004, 12.397916620000046], [92.83917142500007, 12.387470243000053], [92.82744193000008, 12.370824819000063], [92.84583834100005, 12.382490656000073], [92.86138259500007, 12.368770184000027], [92.84344966000003, 12.365148417000057], [92.84220184100008, 12.358461945000045], [92.86926167800004, 12.35988979900003], [92.88658853000004, 12.351566341000023], [92.88915547200008, 12.340943970000069], [92.85596349800005, 12.349650863000022], [92.85692610000007, 12.331157076000068], [92.83746013100006, 12.335824182000067], [92.85977825700007, 12.32450456600003], [92.84801311100006, 12.310049578000076], [92.77666165600004, 12.316156763000038], [92.75937045600006, 12.296302088000061], [92.74583678700009, 12.361625655000068], [92.72644212100005, 12.300743780000062], [92.69827707300004, 12.342262016000063], [92.71282307300004, 12.493232414000033], [92.69663708300004, 12.515438821000032], [92.71510479800008, 12.596103679000066], [92.68380237800005, 12.603062359000035], [92.68751018200004, 12.61468293400003], [92.71082656300007, 12.61078627300003], [92.71610305300004, 12.644393021000042], [92.72052389600003, 12.617257481000024], [92.74975850200008, 12.618718698000066], [92.73387346000004, 12.652566472000046], [92.74614367600003, 12.667292203000045], [92.77674494100006, 12.670248842000035], [92.77740806700007, 12.629779339000038], [92.79380796800007, 12.660392087000048], [92.78543017100009, 12.701569518000042], [92.76993820700005, 12.672357696000063], [92.73612588900005, 12.672761184000024], [92.75074882600006, 12.724737130000051], [92.73211473600009, 12.74247243800005], [92.72198957900008, 12.817086213000039], [92.73613152300004, 12.833725853000033], [92.74250134000005, 12.801372564000076], [92.74787290200004, 12.842253822000032], [92.76134934200007, 12.844478461000051], [92.76725330700003, 12.827056225000035], [92.77828164600004, 12.833711949000076], [92.77887109200003, 12.760433679000073], [92.79094522200006, 12.757651949000035], [92.80965537000009, 12.805956972000047], [92.79251866200008, 12.829035348000048], [92.79109258300008, 12.815616867000074], [92.78714710000008, 12.852139414000021], [92.79900731800006, 12.839486898000075], [92.81300665400005, 12.860666757000047], [92.79579864200008, 12.866320597000026], [92.79594125000006, 12.891506440000057], [92.82624763800004, 12.896757342000058], [92.82777639400007, 12.884310042000038], [92.84287856400005, 12.888619541000025], [92.83754503100005, 12.874217183000042], [92.83934189000007, 12.859271776000071], [92.84808375000006, 12.874536936000027], [92.85037973600004, 12.851485909000075], [92.83996936400007, 12.849066680000021], [92.84353456000008, 12.840348920000054], [92.85828021000003, 12.847940479000044], [92.87845030900007, 12.895746127000052], [92.89257799200004, 12.889160397000069], [92.90013620700006, 12.904405201000031], [92.90422429900008, 12.887978770000075]]], [[[92.78706306000004, 12.798836333000054], [92.78865551500007, 12.797167553000065], [92.78692045300005, 12.797005310000031], [92.78706306000004, 12.798836333000054]]], [[[92.79789083900005, 12.802225098000065], [92.79313724400004, 12.787012724000022], [92.79241533500004, 12.812255071000038], [92.79789083900005, 12.802225098000065]]], [[[92.78730501800004, 12.804625757000053], [92.78599778000006, 12.802800570000045], [92.78570068000005, 12.804249132000052], [92.78730501800004, 12.804625757000053]]], [[[92.78376953200006, 12.808189180000056], [92.78546300100004, 12.805958425000028], [92.78341301300009, 12.807030349000058], [92.78376953200006, 12.808189180000056]]], [[[92.79425930500008, 12.818243591000055], [92.79665066300004, 12.816316228000062], [92.79536575400004, 12.815673773000071], [92.79425930500008, 12.818243591000055]]], [[[92.79661497100005, 12.820063879000031], [92.79850664300005, 12.818207899000072], [92.79725742600004, 12.81756544500007], [92.79661497100005, 12.820063879000031]]], [[[92.78838398400006, 12.888788918000046], [92.78136054800007, 12.88927547000003], [92.78624486600006, 12.893341612000029], [92.78838398400006, 12.888788918000046]]], [[[92.79432244300006, 12.898767402000033], [92.79426295600007, 12.897280238000064], [92.79378706400007, 12.89739921100005], [92.79432244300006, 12.898767402000033]]], [[[92.78813584400007, 12.900433024000051], [92.79310296900007, 12.89656640000004], [92.78661893800006, 12.89653665700007], [92.78813584400007, 12.900433024000051]]], [[[92.79908136500006, 12.899897646000056], [92.79693985000006, 12.897785874000022], [92.79702908000007, 12.900105848000067], [92.79908136500006, 12.899897646000056]]], [[[92.79488756500007, 12.90108737600002], [92.79527422700005, 12.899689443000057], [92.79461987600007, 12.899986875000025], [92.79488756500007, 12.90108737600002]]], [[[92.78959326400008, 12.908731395000075], [92.79253784700006, 12.907779610000034], [92.78965275100006, 12.907571407000034], [92.78959326400008, 12.908731395000075]]], [[[92.78700560000004, 12.914739534000034], [92.78929583200005, 12.91750565700005], [92.78997992700005, 12.915185683000061], [92.78700560000004, 12.914739534000034]]], [[[92.82632141500005, 13.006211936000057], [92.83410225300008, 13.01413554100003], [92.82698766500005, 13.003190020000034], [92.82632141500005, 13.006211936000057]]], [[[92.80927555200003, 13.067716541000038], [92.80760992900008, 13.068715915000041], [92.80879965900004, 13.06900145000003], [92.80927555200003, 13.067716541000038]]], [[[92.80960867600004, 13.069239396000057], [92.81184537000007, 13.069810467000025], [92.81094117400005, 13.067954487000065], [92.80960867600004, 13.069239396000057]]], [[[92.79737824700004, 13.076330190000022], [92.79694994400006, 13.074236264000035], [92.79614092700007, 13.075521173000027], [92.79737824700004, 13.076330190000022]]], [[[92.80018601100005, 13.077329564000024], [92.79880592300003, 13.07785304500004], [92.80009083200008, 13.07799581300003], [92.80018601100005, 13.077329564000024]]], [[[92.82133644500004, 13.082437969000068], [92.81146168100008, 13.073633963000077], [92.82109849900007, 13.087137405000021], [92.82133644500004, 13.082437969000068]]], [[[92.79714030100007, 13.086466694000023], [92.80032877800005, 13.086323926000034], [92.79723547900005, 13.084467947000064], [92.79714030100007, 13.086466694000023]]], [[[92.80575394900006, 13.097412215000077], [92.81432000900008, 13.084943839000061], [92.80523046800005, 13.084610714000064], [92.80575394900006, 13.097412215000077]]], [[[92.81575879000007, 13.094222349000063], [92.81547325400004, 13.091938066000068], [92.81467375600005, 13.094051028000024], [92.81575879000007, 13.094222349000063]]], [[[92.81570168300004, 13.116594041000042], [92.81363155200006, 13.118093102000046], [92.81470230900004, 13.118235869000046], [92.81570168300004, 13.116594041000042]]], [[[92.85078624000005, 13.12819421100005], [92.84884460000006, 13.126823642000033], [92.84941567100003, 13.128879496000025], [92.85078624000005, 13.12819421100005]]], [[[92.84501842700007, 13.127965783000036], [92.84222018100007, 13.127908676000061], [92.84501842700007, 13.129050817000063], [92.84501842700007, 13.127965783000036]]], [[[92.81982342200007, 13.163118988000065], [92.82277395400007, 13.173065135000058], [92.82605761000008, 13.165688806000048], [92.81982342200007, 13.163118988000065]]], [[[92.79369503700008, 13.169676782000067], [92.79637906900007, 13.167221179000023], [92.79386635800006, 13.167620928000076], [92.79369503700008, 13.169676782000067]]], [[[92.82553412900006, 13.169733890000032], [92.82838948200003, 13.17154228000004], [92.82719975100008, 13.167925499000035], [92.82553412900006, 13.169733890000032]]], [[[92.82143003400006, 13.18516992900004], [92.81886021600008, 13.183171182000024], [92.81794650300009, 13.184427537000033], [92.82143003400006, 13.18516992900004]]], [[[92.82005946500004, 13.196933984000054], [92.81914575200005, 13.19464970200005], [92.81880310900004, 13.196362914000076], [92.82005946500004, 13.196933984000054]]], [[[92.85082128900007, 13.215272499000037], [92.84925084500009, 13.213797233000037], [92.84948879100006, 13.215415266000036], [92.85082128900007, 13.215272499000037]]], [[[92.85248691200007, 13.217937495000058], [92.85086887900007, 13.217794727000069], [92.85096405700006, 13.218841690000033], [92.85248691200007, 13.217937495000058]]], [[[92.82643142300003, 13.219361356000036], [92.82862052800004, 13.217600555000047], [92.82666937000005, 13.217410198000039], [92.82643142300003, 13.219361356000036]]], [[[92.84934602300007, 13.233403991000046], [92.84996468300005, 13.23863880600004], [92.85063093200006, 13.233499170000073], [92.84934602300007, 13.233403991000046]]], [[[92.84734727600005, 13.253058339000063], [92.84844182800003, 13.250964414000066], [92.84615754600009, 13.251630663000071], [92.84734727600005, 13.253058339000063]]], [[[92.82379695800006, 13.272403754000038], [92.82608124000006, 13.27073813100003], [92.82470115300003, 13.270309828000052], [92.82379695800006, 13.272403754000038]]], [[[92.81361286400005, 13.272879646000035], [92.81394598900005, 13.270452596000041], [92.81347009700005, 13.27073813100003], [92.81361286400005, 13.272879646000035]]], [[[92.83279218500007, 13.312042585000029], [92.82683163600007, 13.310757676000037], [92.82601072200004, 13.311257363000038], [92.83279218500007, 13.312042585000029]]], [[[92.83713767600005, 13.312328120000075], [92.83935057500008, 13.311721358000057], [92.83710198400007, 13.311328747000061], [92.83713767600005, 13.312328120000075]]], [[[92.83354290500006, 13.316573079000023], [92.83486945500005, 13.316054356000052], [92.83421510300008, 13.314240017000031], [92.83354290500006, 13.316573079000023]]], [[[92.82788930600003, 13.326224172000025], [92.82965962500003, 13.323996997000052], [92.82823194800005, 13.322969070000056], [92.82788930600003, 13.326224172000025]]], [[[92.82489626900008, 13.369288268000048], [92.82312595000008, 13.368431662000035], [92.82403966300006, 13.369516696000062], [92.82489626900008, 13.369288268000048]]], [[[92.81365873300007, 13.418763725000076], [92.81917290300004, 13.41589693900005], [92.81479959600006, 13.404198247000068], [92.81365873300007, 13.418763725000076]]], [[[92.83362383000008, 13.422000378000064], [92.82326099400007, 13.436426072000074], [92.84213276500003, 13.44063340200006], [92.84336869900005, 13.430461707000063], [92.83362383000008, 13.422000378000064]]], [[[92.87440251900006, 12.213307880000059], [92.87562062700005, 12.19443281100007], [92.86501417000005, 12.206571087000043], [92.87440251900006, 12.213307880000059]]], [[[92.90976777700007, 12.246367950000035], [92.91390340400005, 12.223139807000052], [92.89116933800005, 12.23579939800004], [92.87845347300004, 12.212105724000025], [92.87387813800007, 12.248226113000044], [92.88105606600004, 12.23540452100002], [92.88980268000006, 12.253893430000062], [92.90976777700007, 12.246367950000035]]], [[[92.86418080500005, 12.242140580000068], [92.86948304400005, 12.249694246000047], [92.86689827700008, 12.23854513300006], [92.86418080500005, 12.242140580000068]]], [[[92.86003186200008, 12.267617398000027], [92.85938464900005, 12.26354376100005], [92.85757625800005, 12.26649429300005], [92.86003186200008, 12.267617398000027]]], [[[92.88343290900008, 12.282445248000045], [92.88004217700006, 12.289107738000041], [92.88557442400008, 12.28643084500004], [92.88343290900008, 12.282445248000045]]], [[[92.86795828400005, 12.329950613000051], [92.88360324000007, 12.322038905000056], [92.86242603700003, 12.316982551000024], [92.86795828400005, 12.329950613000051]]], [[[92.89461181700005, 12.325940032000062], [92.89906616800005, 12.324398141000074], [92.89381231800007, 12.323941284000057], [92.89461181700005, 12.325940032000062]]], [[[92.91264337200005, 12.333742284000039], [92.91178676600003, 12.332778603000065], [92.91157261500007, 12.333349673000043], [92.91264337200005, 12.333742284000039]]], [[[92.90571914100008, 12.339881294000065], [92.90571914100008, 12.33759701100007], [92.90486253500006, 12.339238839000075], [92.90571914100008, 12.339881294000065]]], [[[92.89686855700006, 12.392480985000077], [92.89514344800006, 12.390696389000027], [92.89508396100007, 12.391886119000048], [92.89686855700006, 12.392480985000077]]], [[[92.88607430700006, 12.379770716000053], [92.86568138700005, 12.378609948000076], [92.84505078600006, 12.402985004000072], [92.87908652300007, 12.393188827000074], [92.89553396100007, 12.40525989300005], [92.88607430700006, 12.379770716000053]]], [[[92.86277197200008, 12.411689464000062], [92.86631261000008, 12.417285956000057], [92.86871110700008, 12.413916639000036], [92.86277197200008, 12.411689464000062]]], [[[92.89686488900008, 12.416905242000041], [92.89846388700005, 12.414392531000033], [92.89612249700008, 12.414049889000069], [92.89686488900008, 12.416905242000041]]], [[[92.91734352200007, 12.43018382400004], [92.91407176300004, 12.405556403000048], [92.90639800100007, 12.406924593000042], [92.91020513900008, 12.42090392600005], [92.90186512800005, 12.42699534600007], [92.91734352200007, 12.43018382400004]]], [[[92.90092900900004, 12.421848572000044], [92.90033414300007, 12.420539869000038], [92.90015568400008, 12.42196754500003], [92.90092900900004, 12.421848572000044]]], [[[92.90616382300004, 12.422294721000071], [92.90521203800006, 12.420599355000036], [92.90491460600003, 12.42217574800003], [92.90616382300004, 12.422294721000071]]], [[[92.88626763200006, 12.433602353000026], [92.87611395400006, 12.413380559000075], [92.86293699000004, 12.431875484000045], [92.88626763200006, 12.433602353000026]]], [[[92.89979876500007, 12.423871114000065], [92.90066131900005, 12.424644439000076], [92.90072080600004, 12.423811628000067], [92.89979876500007, 12.423871114000065]]], [[[92.85551662900008, 12.421494302000042], [92.86029993400007, 12.430633710000052], [92.86163688200008, 12.422480793000034], [92.85551662900008, 12.421494302000042]]], [[[92.87650483300007, 12.439991962000022], [92.87775405000008, 12.437255582000034], [92.87561253500007, 12.436244311000053], [92.87650483300007, 12.439991962000022]]], [[[92.87781764300007, 12.448858646000076], [92.87671243200003, 12.446212788000025], [92.87617765200008, 12.44854532200003], [92.87781764300007, 12.448858646000076]]], [[[92.87307593200006, 12.451957050000033], [92.87564287300006, 12.449833429000023], [92.87425244700006, 12.448336439000059], [92.87307593200006, 12.451957050000033]]], [[[92.88524935200007, 12.460157895000066], [92.88382167500004, 12.45867073100004], [92.88370270200005, 12.460038921000034], [92.88524935200007, 12.460157895000066]]], [[[92.85068650200003, 12.473227119000057], [92.85503604100006, 12.467204838000043], [92.85072215400004, 12.466160497000033], [92.85068650200003, 12.473227119000057]]], [[[92.86962001500007, 12.906420452000077], [92.87697858000007, 12.905030398000065], [92.87001931700007, 12.899970536000069], [92.86962001500007, 12.906420452000077]]], [[[92.91928158400003, 12.913751124000044], [92.90926338300005, 12.901657750000027], [92.89842518800003, 12.908086772000047], [92.90141995200008, 12.91430712700003], [92.91928158400003, 12.913751124000044]]], [[[92.90733817800003, 12.918650859000024], [92.91300683900005, 12.920145086000048], [92.90961990300008, 12.915558130000022], [92.90733817800003, 12.918650859000024]]], [[[92.89577505900007, 12.91554654600003], [92.90281037900007, 12.927894069000047], [92.89800924800005, 12.914156543000047], [92.89577505900007, 12.91554654600003]]], [[[92.86488543500008, 12.919319785000027], [92.86682490200008, 12.930161381000062], [92.87777718300003, 12.917818604000047], [92.86488543500008, 12.919319785000027]]], [[[92.89242757700003, 12.930242380000038], [92.89613953600008, 12.929742693000037], [92.89235619300007, 12.928243632000033], [92.89242757700003, 12.930242380000038]]], [[[92.89076195400008, 12.93747594100006], [92.89201117100004, 12.93462058800003], [92.88969119600006, 12.934323155000072], [92.89076195400008, 12.93747594100006]]], [[[92.90489119300008, 12.939772121000033], [92.90189307200006, 12.940057656000022], [92.90196445600009, 12.941556717000026], [92.90489119300008, 12.939772121000033]]], [[[92.88819927400004, 12.987016319000077], [92.89129257400003, 12.989752699000064], [92.89200641200006, 12.988919888000055], [92.88819927400004, 12.987016319000077]]], [[[92.91084722000005, 13.014269687000024], [92.90900313700007, 13.012544578000075], [92.90846775900008, 13.014388660000066], [92.91084722000005, 13.014269687000024]]], [[[92.90049656400004, 13.016768121000041], [92.90418472900006, 13.014210201000026], [92.89978272600007, 13.012960984000074], [92.90049656400004, 13.016768121000041]]], [[[92.90709956800004, 13.016232742000057], [92.90513651300006, 13.01575685000006], [92.90656419000004, 13.016589662000058], [92.90709956800004, 13.016232742000057]]], [[[92.91226825600006, 13.051708524000048], [92.91078109300008, 13.050161874000025], [92.91084058000007, 13.051649037000061], [92.91226825600006, 13.051708524000048]]], [[[92.86380918100008, 13.206180975000052], [92.86250047700008, 13.20421791900003], [92.86202458500009, 13.206121488000065], [92.86380918100008, 13.206180975000052]]], [[[92.85267726900008, 13.225789716000065], [92.85243932300006, 13.223267488000033], [92.85148753800007, 13.224599986000044], [92.85267726900008, 13.225789716000065]]], [[[92.85082128900007, 13.246824151000055], [92.85429530200008, 13.249393969000039], [92.85105923500004, 13.245729599000072], [92.85082128900007, 13.246824151000055]]], [[[92.88326429100005, 13.397647276000043], [92.88383536100008, 13.395148842000026], [92.88305013900003, 13.395648529000027], [92.88326429100005, 13.397647276000043]]], [[[92.85274770300003, 13.404250280000042], [92.85494870500008, 13.401335440000025], [92.85161745900007, 13.399431872000036], [92.85274770300003, 13.404250280000042]]], [[[92.86042146500006, 13.404214588000059], [92.85913655600007, 13.406356103000064], [92.86027869700007, 13.406141952000041], [92.86042146500006, 13.404214588000059]]], [[[92.86391927300008, 13.416563991000032], [92.86277713100009, 13.413637254000037], [92.86213467700009, 13.415493233000063], [92.86391927300008, 13.416563991000032]]], [[[92.89252991200004, 13.423516776000042], [92.88756159700006, 13.408040761000052], [92.88036610700004, 13.430198302000065], [92.89252991200004, 13.423516776000042]]], [[[92.87507631300008, 13.504990116000045], [92.86869459900004, 13.501685044000055], [92.87033642700004, 13.512071391000063], [92.87507631300008, 13.504990116000045]]], [[[92.90593576700007, 13.533937144000049], [92.91270963900007, 13.531048631000033], [92.90733213500005, 13.52977767300007], [92.90593576700007, 13.533937144000049]]], [[[92.88839298600004, 13.576579432000074], [92.88331614700007, 13.580072704000031], [92.88708099400009, 13.594100725000033], [92.88594013100004, 13.580904428000053], [92.89877483700008, 13.599977831000047], [92.88839298600004, 13.576579432000074]]], [[[92.96635099400004, 12.051770603000023], [92.97707510200007, 12.014256637000074], [92.98198081200007, 12.030268939000052], [92.99378874100006, 12.025024597000026], [92.98289350300007, 12.044383523000022], [93.00998899200005, 12.024131932000046], [93.05380287300005, 11.898443557000064], [93.04134845500005, 11.879651003000049], [92.99845914800005, 11.940570903000037], [93.01925612400004, 11.931618081000067], [93.00867937600003, 11.967427593000025], [92.98996209800003, 11.968997056000035], [92.99691423000007, 11.949349032000043], [92.97896941000005, 11.948302647000048], [92.96352022800005, 11.979750549000073], [92.92792768900006, 11.995850922000045], [92.96635099400004, 12.051770603000023]]], [[[93.00030902300006, 12.106321682000043], [93.00250756000008, 12.050425145000077], [92.99846700500007, 12.046183040000074], [92.96349005600007, 12.074567837000075], [92.97723745200005, 12.09660047400007], [92.96061650900003, 12.10765794200006], [93.00030902300006, 12.106321682000043]]], [[[92.94882784100008, 12.092015769000056], [92.94942204100005, 12.116765882000038], [92.95108579900005, 12.085450213000058], [92.94882784100008, 12.092015769000056]]], [[[92.95554229400005, 12.14889112700007], [92.99297685100004, 12.143024056000058], [93.00040434300007, 12.118624953000051], [92.96463354300005, 12.123911615000054], [92.95554229400005, 12.14889112700007]]], [[[92.92662985000004, 12.21673400000003], [92.93445827700003, 12.214782842000034], [92.93138877200005, 12.197115344000053], [92.92662985000004, 12.21673400000003]]], [[[92.94133808200007, 12.276219887000025], [92.92408253400004, 12.230510124000034], [92.92207176300008, 12.276401038000074], [92.90085171700008, 12.273725565000063], [92.90102284600005, 12.290168147000031], [92.92957293500007, 12.272248469000033], [92.93164074900005, 12.30987002300003], [92.94133808200007, 12.276219887000025]]], [[[92.91019550200008, 12.337528602000077], [92.90895818200005, 12.348759658000063], [92.91462129900003, 12.353280634000043], [92.91019550200008, 12.337528602000077]]], [[[92.95350448800008, 12.433652798000026], [92.93094719700008, 12.357871724000063], [92.91998264100005, 12.361983433000034], [92.92969084200007, 12.412980041000026], [92.94710849700004, 12.414407718000064], [92.95350448800008, 12.433652798000026]]], [[[92.91645280000006, 12.465818066000054], [92.91535824700009, 12.472099843000024], [92.91797565500008, 12.471290826000029], [92.91645280000006, 12.465818066000054]]], [[[92.92111654300004, 12.476620819000061], [92.92197314900005, 12.474574482000037], [92.92021234800006, 12.474288947000048], [92.92111654300004, 12.476620819000061]]], [[[92.93158617200004, 12.479380993000063], [92.93096751200005, 12.477239479000048], [92.93039644100008, 12.478571977000058], [92.93158617200004, 12.479380993000063]]], [[[92.93001572700007, 12.480475546000037], [92.92677966000008, 12.485805538000022], [92.92868322900006, 12.486995269000033], [92.93001572700007, 12.480475546000037]]], [[[92.95452253500008, 12.610943036000037], [92.95862710500006, 12.620639339000036], [92.95940043000007, 12.608920494000074], [92.95452253500008, 12.610943036000037]]], [[[92.92815280800005, 12.90624521500007], [92.92839075400008, 12.90936825700004], [92.92928305200007, 12.908178527000075], [92.92815280800005, 12.90624521500007]]], [[[92.93507395900008, 12.915388618000065], [92.93297799700008, 12.921235840000065], [92.93714645700004, 12.916342695000026], [92.93507395900008, 12.915388618000065]]], [[[93.00641575400005, 12.998246479000045], [92.97005075600003, 12.965659678000065], [92.98752021600006, 12.956139913000072], [92.98345589300004, 12.930566774000056], [92.95333711700005, 12.940726851000022], [92.96183654400005, 12.952568171000053], [92.97689593200005, 12.944284866000032], [92.95385050600004, 12.964853639000069], [92.95742996200005, 12.988519523000036], [92.97176205000005, 12.969828803000041], [92.98588022600006, 12.994355742000039], [93.00641575400005, 12.998246479000045]]], [[[92.89068586800005, 13.009275008000031], [92.93669472100004, 12.978218274000028], [92.91451920200006, 12.947783079000033], [92.89068586800005, 13.009275008000031]]], [[[92.98317093700007, 13.000246730000072], [92.98483656000008, 12.997093944000028], [92.98263555800008, 12.997153431000072], [92.98317093700007, 13.000246730000072]]], [[[92.93940503000005, 13.014223018000052], [92.94305579100006, 12.999105359000055], [92.93632470100005, 12.995881621000024], [92.92743024500004, 13.009755936000033], [92.93940503000005, 13.014223018000052]]], [[[92.92320478000005, 13.00627524600003], [92.91630256100007, 13.015834773000051], [92.93740852100007, 13.024727025000061], [92.93765748200008, 13.019216260000064], [92.92320478000005, 13.00627524600003]]], [[[92.94485497500006, 13.025212083000042], [92.94937595100004, 13.024319785000046], [92.94890005900004, 13.021464432000073], [92.94485497500006, 13.025212083000042]]], [[[92.98714692000004, 13.030600722000031], [92.98667102800005, 13.028697153000053], [92.98518386500007, 13.029946370000062], [92.98714692000004, 13.030600722000031]]], [[[92.91506412300004, 13.046592682000039], [92.91595642100003, 13.04242862600006], [92.91387439300007, 13.042904518000057], [92.91506412300004, 13.046592682000039]]], [[[92.93249367500005, 13.051411091000034], [92.93189881000006, 13.049745468000026], [92.93047113300008, 13.050518793000037], [92.93249367500005, 13.051411091000034]]], [[[92.91494515000005, 13.05271979500003], [92.91339850000008, 13.05432593100005], [92.91571847500006, 13.053909525000051], [92.91494515000005, 13.05271979500003]]], [[[93.02848050100005, 13.579727916000024], [93.04125578600008, 13.491629430000046], [93.02515298500003, 13.480650943000057], [93.03448191400008, 13.469556381000075], [93.00334587000003, 13.471463296000024], [93.00661396600003, 13.442915776000063], [92.98433149200008, 13.444938485000023], [92.98184377700005, 13.42110795700006], [93.00090569100007, 13.432482176000065], [93.01236185400006, 13.416299182000046], [93.02738321300006, 13.462672101000067], [93.03394317300007, 13.445335320000027], [93.02039542900008, 13.433869239000046], [93.04340282700008, 13.403675689000067], [93.06127634200004, 13.421616572000062], [93.06921484500003, 13.39627699700003], [93.02167890000004, 13.38097023000006], [92.99520137800005, 13.408669677000034], [92.99539152200003, 13.381617666000068], [92.98094059400006, 13.379906582000046], [92.97994233900005, 13.372599654000055], [93.00950969700006, 13.377686779000044], [93.00955723300007, 13.357476383000062], [92.98450579000007, 13.329493521000074], [92.97561656800008, 13.364367532000074], [92.94899643900004, 13.364737521000052], [92.93993549300006, 13.333785400000068], [92.94580618300006, 13.31558356100004], [92.98770911900004, 13.31421894600004], [92.97014458700005, 13.28172033800007], [93.00111425500006, 13.261293718000047], [93.00090034400006, 13.288960618000033], [93.01086863100005, 13.265247316000057], [93.04459538500004, 13.278444791000027], [93.04157685200005, 13.248763924000059], [93.06488943100004, 13.267482957000027], [93.03166180500006, 13.17766180700005], [93.03456149700008, 13.085168495000062], [93.00385327600009, 13.033907240000076], [92.96164135700008, 13.044535447000044], [92.97376302300006, 13.018103016000055], [92.95928832800007, 13.018728257000078], [92.93309602200009, 13.045880149000027], [92.95373296000008, 13.048167804000059], [92.94947373900004, 13.064449370000034], [92.96285986200007, 13.070339365000052], [92.94648848200006, 13.077525710000032], [92.94305876300007, 13.143120542000077], [92.92093870400004, 13.067307756000048], [92.92013059200008, 13.08291205100005], [92.88994526700009, 13.094024300000058], [92.89747813000008, 13.114898538000034], [92.87160669200006, 13.15263464900005], [92.86689503400004, 13.12702329700005], [92.87516628900005, 13.130467530000033], [92.88708830400003, 13.106134655000062], [92.87129748100006, 13.105290183000022], [92.86496925800003, 13.09953181800006], [92.88817274200005, 13.101094403000047], [92.87691266500008, 13.090734859000065], [92.89560023300004, 13.084744645000058], [92.88576623400007, 13.073024240000052], [92.91087115600004, 13.063329163000049], [92.89473864400009, 13.061997869000038], [92.88419794400005, 13.045364192000022], [92.86005681400007, 13.081069417000037], [92.85396627100005, 13.068017576000045], [92.84116127600004, 13.082574242000021], [92.85770972700004, 13.063444927000035], [92.83691275100006, 13.058987960000024], [92.83518957300004, 13.046716415000049], [92.84793514800003, 13.040088369000046], [92.84561777100004, 13.046629585000062], [92.86234448200008, 13.059566791000066], [92.86665242700008, 13.027815886000042], [92.89487689400005, 13.053517936000048], [92.91213838500005, 13.04642698400005], [92.88043785100007, 13.011316542000031], [92.87234352000007, 12.93736522100005], [92.85278247900004, 12.966967863000036], [92.83588345000004, 12.960135014000059], [92.85373319800004, 12.924114700000075], [92.84201558700005, 12.909288108000055], [92.87337732200007, 12.88372471200006], [92.84170887500005, 12.878854414000045], [92.84493240600005, 12.886712028000034], [92.84115329800005, 12.89626919400007], [92.82810468100007, 12.889492332000032], [92.83127770600004, 12.901794806000055], [92.81544823600007, 12.89752028600003], [92.80853175600004, 12.915590929000075], [92.80022484900007, 12.902316084000063], [92.79238141800005, 12.92896931200005], [92.80674915800006, 12.942694441000071], [92.80639858000006, 12.957843326000045], [92.79273199600004, 12.953645046000076], [92.80660655000008, 12.969482326000048], [92.79745588100008, 12.989516342000059], [92.81349926200005, 12.963547083000037], [92.81673764800007, 12.980368061000036], [92.82725497600006, 12.974751544000071], [92.81718329800003, 13.001211755000043], [92.84606138500004, 12.985173845000077], [92.83757027700005, 13.029353754000056], [92.81919763400003, 13.012912406000055], [92.80892986900005, 13.031623037000031], [92.81425389500004, 13.008558740000069], [92.79393227900005, 13.01738178200003], [92.79805364500004, 13.068641834000061], [92.81573701700006, 13.060306837000041], [92.82774826100007, 13.090048849000027], [92.82070343400005, 13.106607752000059], [92.83585551600004, 13.109142534000057], [92.80950871900006, 13.124871487000064], [92.82191560000007, 13.13337789700006], [92.85435888300003, 13.114767573000051], [92.85361019200008, 13.154694706000043], [92.84494676600008, 13.142578375000028], [92.80947306700006, 13.153063029000066], [92.81581911500007, 13.172052302000054], [92.81817214500006, 13.155423750000068], [92.85913624600005, 13.161256022000032], [92.84016940300006, 13.162644637000028], [92.82423297800005, 13.188922706000028], [92.83592682000005, 13.218182806000073], [92.83171988900006, 13.242511486000069], [92.84747805500007, 13.227171860000055], [92.84776327100008, 13.188887994000027], [92.86815619100008, 13.180626500000074], [92.87085861000008, 13.211345351000034], [92.85513752200006, 13.226731554000025], [92.86601137000008, 13.238849499000025], [92.85418680300006, 13.240093072000036], [92.87326060100008, 13.254523845000051], [92.82201091000007, 13.280664788000024], [92.85085928700005, 13.292346334000058], [92.83487532500004, 13.296914707000042], [92.85326579400004, 13.319726368000033], [92.82631885500007, 13.329555826000046], [92.83686589300004, 13.367771270000048], [92.84675931200007, 13.372511644000042], [92.85035421700007, 13.35060108500005], [92.85582085100003, 13.381703081000069], [92.87789011000007, 13.38904367400005], [92.88529502200004, 13.371274946000028], [92.88701820000006, 13.394542014000024], [92.90249709200003, 13.38156475900007], [92.91378687900004, 13.384888622000062], [92.91592599700004, 13.388906099000053], [92.89298990300006, 13.398761639000043], [92.90688228300007, 13.438959967000073], [92.88969803900005, 13.429354595000063], [92.86847918100005, 13.469374439000035], [92.90132652000005, 13.460036110000033], [92.89257990600004, 13.472702864000041], [92.91321050600004, 13.499189929000067], [92.90969284600004, 13.45666127800007], [92.93507704100006, 13.468773469000041], [92.94444719000006, 13.511159888000066], [92.93000814600003, 13.515984089000028], [92.95576668700005, 13.514135305000025], [92.94346676100008, 13.525747743000068], [92.95451886800004, 13.536822361000077], [92.98458535400005, 13.50598546200007], [93.01461381000007, 13.525714235000066], [93.00303405400007, 13.536750727000026], [92.98734719200007, 13.525714235000066], [92.98845953300008, 13.56873425200007], [93.01327329700007, 13.547349992000022], [93.02848050100005, 13.579727916000024]], [[92.87568111300004, 13.12330584600005], [92.87128386900008, 13.121821063000027], [92.87648061200008, 13.12062181400006], [92.87568111300004, 13.12330584600005]]], [[[93.00933944200005, 13.282835327000043], [93.00916098200008, 13.292115225000032], [93.01386041800004, 13.289140899000074], [93.00933944200005, 13.282835327000043]]], [[[93.01542372300008, 13.295489301000032], [93.01908809300005, 13.294537516000048], [93.01523336700006, 13.29396644600007], [93.01542372300008, 13.295489301000032]]], [[[93.02237032200009, 13.32555579500007], [93.01309042400004, 13.31508616700006], [93.01767088600008, 13.32847063500003], [93.02237032200009, 13.32555579500007]]], [[[92.95689577900004, 13.325651058000062], [92.95814499600004, 13.323212111000032], [92.95588450800005, 13.324044922000041], [92.95689577900004, 13.325651058000062]]], [[[92.96584323100006, 13.334783769000069], [92.96978361800006, 13.337639122000041], [92.96835594200007, 13.332499487000064], [92.96584323100006, 13.334783769000069]]], [[[93.00490786400007, 13.33754347300004], [93.00542182700008, 13.334802334000074], [93.00399415100009, 13.336230010000065], [93.00490786400007, 13.33754347300004]]], [[[93.01267442400007, 13.339370899000073], [93.01204624700006, 13.337143723000054], [93.01090410500007, 13.339028256000063], [93.01267442400007, 13.339370899000073]]], [[[93.01431149400008, 13.339891604000059], [93.01845175600005, 13.343532180000068], [93.01795206900005, 13.336179645000072], [93.01431149400008, 13.339891604000059]]], [[[92.95572032500007, 13.346157253000058], [92.96131681700007, 13.354380670000069], [92.95680535900004, 13.345586183000023], [92.95572032500007, 13.346157253000058]]], [[[92.97282710800005, 13.35069300400005], [92.97625353100005, 13.35400521400004], [92.97528271100003, 13.349208220000037], [92.97282710800005, 13.35069300400005]]], [[[92.97117100300005, 13.357831387000033], [92.97225603700008, 13.35560421200006], [92.97094257400005, 13.355547104000038], [92.97117100300005, 13.357831387000033]]], [[[92.99656867800007, 13.438664322000022], [92.99471269800006, 13.438664322000022], [92.99528376900008, 13.439663695000036], [92.99656867800007, 13.438664322000022]]], [[[92.99771081900008, 13.441376907000063], [92.99899572800007, 13.442947352000033], [92.99863880900006, 13.441448291000029], [92.99771081900008, 13.441376907000063]]], [[[92.93634648200003, 13.506446346000075], [92.94000133400004, 13.507645594000053], [92.93783126600005, 13.502734387000032], [92.93634648200003, 13.506446346000075]]], [[[92.91436026200006, 13.511300446000064], [92.92087046800003, 13.511928624000063], [92.91544529700008, 13.506560560000025], [92.91436026200006, 13.511300446000064]]], [[[92.93318275100006, 13.529153542000074], [92.93461042700005, 13.528087544000073], [92.93350635800005, 13.527725865000036], [92.93318275100006, 13.529153542000074]]], [[[92.92698425500004, 13.530386103000069], [92.92597298400005, 13.528185101000076], [92.92585401100007, 13.52996969700007], [92.92698425500004, 13.530386103000069]]], [[[92.92472376700005, 13.536632188000056], [92.92276071200007, 13.534728619000077], [92.92282019800007, 13.536572701000068], [92.92472376700005, 13.536632188000056]]], [[[92.92902041000008, 13.536363469000037], [92.93365516500006, 13.538789769000061], [92.93615080200004, 13.53613239200007], [92.92902041000008, 13.536363469000037]]], [[[92.95158813000006, 13.544297275000076], [92.94797015900008, 13.532120383000063], [92.94055337900005, 13.533946619000062], [92.95158813000006, 13.544297275000076]]], [[[92.95902751400007, 13.541757200000063], [92.96105005600003, 13.540329523000025], [92.95652908000005, 13.539675172000045], [92.95902751400007, 13.541757200000063]]], [[[93.01481882200005, 13.67903132500004], [93.03000061500006, 13.626362891000042], [93.01307781800006, 13.65343333100003], [92.99064085200007, 13.644379400000048], [92.98096728700006, 13.66025819500004], [93.01134275600003, 13.660639273000072], [93.01481882200005, 13.67903132500004]]], [[[93.84418358600004, 7.221661847000064], [93.87932883600007, 7.201403147000065], [93.88660183600007, 7.093085121000058], [93.91055995200009, 7.077235008000059], [93.91933033400005, 7.023383018000061], [93.93458937300005, 7.024586087000046], [93.95177361700007, 6.999108660000047], [93.94742407800004, 6.989271170000052], [93.92945549100006, 7.010927529000071], [93.91788643000007, 7.004852998000047], [93.94811929100007, 6.951346536000074], [93.91959772400008, 6.944325129000049], [93.91440679900006, 6.915615545000037], [93.89729385800007, 6.907800800000075], [93.89364309800004, 6.845221564000042], [93.91104125400005, 6.83304455800004], [93.90031714500003, 6.808859538000036], [93.88274785900006, 6.795378834000076], [93.85029031500005, 6.828117030000044], [93.83357667700005, 6.75487780800006], [93.80688049000008, 6.7671134420000385], [93.82093088500005, 6.812217700000076], [93.78538588200007, 6.831333462000032], [93.80378229300004, 6.850200677000032], [93.77266110300008, 6.8665422210000315], [93.77640455900007, 6.8819039410000755], [93.79130707800005, 6.878045860000043], [93.78157409300007, 6.9037068190000355], [93.77348109800005, 6.89344260200005], [93.76492513600004, 6.9184635370000365], [93.75147569700005, 6.910733654000069], [93.74096224900006, 6.925560575000077], [93.75099233400005, 6.9502398320000225], [93.72599408700006, 6.989293307000025], [93.73764039300005, 6.986462336000045], [93.72023035300003, 7.00108883300004], [93.70626666900006, 6.993539731000055], [93.69271892500007, 7.018014893000043], [93.66586111500004, 7.004273574000024], [93.68089435800005, 7.027568703000043], [93.65540320700006, 7.10122079000007], [93.67738858200005, 7.111598362000052], [93.67738858200005, 7.120383736000065], [93.65682928600006, 7.113190355000029], [93.65498726800007, 7.125277529000073], [93.67297529700005, 7.141622695000024], [93.68277958500005, 7.189695286000074], [93.71333331400007, 7.185875133000025], [93.74684615600006, 7.205576873000041], [93.74271052900008, 7.195213228000057], [93.75055396000005, 7.1939398630000255], [93.76449387600007, 7.2056122430000755], [93.74866440600005, 7.198962560000041], [93.75786261100006, 7.221033473000034], [93.79957540400005, 7.206850205000023], [93.80481624200007, 7.238116469000033], [93.84795511200008, 7.242360591000022], [93.84418358600004, 7.221661847000064]]], [[[93.71154496500009, 7.211523549000049], [93.70717165800005, 7.230434278000075], [93.71596580800008, 7.211099110000021], [93.71154496500009, 7.211523549000049]]], [[[93.84624044400005, 7.284173046000035], [93.85390561500003, 7.289536589000022], [93.85289547600007, 7.283288940000034], [93.84624044400005, 7.284173046000035]]], [[[93.71280000100006, 7.443043940000052], [93.75781024700007, 7.356908272000055], [93.64204833600007, 7.237536277000061], [93.61761426500004, 7.306974268000033], [93.63305121000008, 7.321501675000036], [93.63210049100007, 7.372159714000077], [93.67555912300008, 7.372609187000023], [93.69973115100004, 7.39177238000002], [93.71620235600005, 7.381801966000069], [93.71874552900005, 7.4020018380000465], [93.70405692200006, 7.401671859000032], [93.71280000100006, 7.443043940000052]]], [[[93.76789662300007, 7.389258132000066], [93.77339177800008, 7.396786513000052], [93.77630097800005, 7.389319415000045], [93.76789662300007, 7.389258132000066]]], [[[93.68583877100008, 7.396398057000056], [93.69282655500007, 7.410398537000049], [93.69772275700007, 7.397906548000037], [93.68583877100008, 7.396398057000056]]], [[[93.64803076000004, 7.471722594000028], [93.65071178700003, 7.47658662300006], [93.65299351200008, 7.471835712000029], [93.64803076000004, 7.471722594000028]]], [[[93.63502492500004, 7.476247274000059], [93.63673621900006, 7.480545676000077], [93.63839047000005, 7.476134158000036], [93.63502492500004, 7.476247274000059]]], [[[93.54241775800006, 7.527296060000026], [93.54526991500006, 7.511696972000038], [93.53780677100008, 7.527060429000073], [93.54241775800006, 7.527296060000026]]], [[[93.40205273800007, 8.013457742000071], [93.40326490500007, 7.969749257000046], [93.41467353200005, 7.957603259000052], [93.42893431500005, 7.967207101000042], [93.46565583300008, 7.924906139000029], [93.46686800000003, 7.878362996000021], [93.42786475700007, 7.902518059000045], [93.37723897500007, 7.881753265000043], [93.35292433900008, 7.890228817000036], [93.33773660400004, 7.9205274930000655], [93.35941299500007, 7.931262154000024], [93.35969821100008, 7.95993362400003], [93.32105148700003, 7.926459840000064], [93.30938141200005, 7.962146281000059], [93.32754014400007, 8.005055344000027], [93.37638332800003, 8.023272088000056], [93.40205273800007, 8.013457742000071]]], [[[93.56704099400008, 8.019090045000041], [93.58248332000005, 7.991434422000054], [93.57790798500008, 7.928703086000041], [93.50707942600008, 7.995671088000051], [93.52492414600005, 7.993388401000061], [93.53509683900006, 8.026056511000036], [93.55363585700007, 7.991693730000065], [93.54384345300008, 8.026621354000042], [93.56704099400008, 8.019090045000041]]], [[[93.58218622000004, 8.125515232000055], [93.58058188200005, 8.098867346000077], [93.59412962600004, 8.037505804000034], [93.57315439000007, 8.062098605000074], [93.57499640800006, 8.073335487000065], [93.58777169400008, 8.065861426000026], [93.57059933300008, 8.094688134000023], [93.58087898200006, 8.117865665000068], [93.56655877800006, 8.107512416000077], [93.56376604100006, 8.12021863900003], [93.58218622000004, 8.125515232000055]]], [[[93.53242330300009, 8.183038103000058], [93.49812611800007, 8.146829981000053], [93.55110493000006, 8.080545821000044], [93.55053449800005, 8.03649153400005], [93.53163896000007, 8.050470818000065], [93.52707550900004, 8.035926704000076], [93.50468607900007, 8.034514627000021], [93.51210168600005, 8.018840236000074], [93.49213658900004, 7.998222550000037], [93.47908797200006, 8.087746546000062], [93.48885660900004, 8.09572367000004], [93.45791070800004, 8.122407059000068], [93.45327595400005, 8.167298913000025], [93.51916077400006, 8.234274379000055], [93.54240585200006, 8.224959185000046], [93.53242330300009, 8.183038103000058]]], [[[93.24916321400008, 8.223226431000057], [93.22147352500008, 8.25592288200005], [93.23632850800004, 8.266507485000034], [93.24916321400008, 8.223226431000057]]], [[[93.14448426500007, 8.335304932000042], [93.12801306000006, 8.282247207000069], [93.20010132100003, 8.217820438000047], [93.19425440000003, 8.194813379000038], [93.12979565800003, 8.220996154000034], [93.09022198300005, 8.274556064000024], [93.10077496300005, 8.342571588000055], [93.12929653100008, 8.355058632000066], [93.14448426500007, 8.335304932000042]]], [[[93.65058066700004, 8.387491918000023], [93.64031290300005, 8.393276258000071], [93.64915458800004, 8.395039760000031], [93.65058066700004, 8.387491918000023]]], [[[93.03591360800004, 8.454477334000046], [93.04705484500005, 8.471080692000044], [93.06146417900004, 8.442134552000027], [93.04868889300008, 8.440371265000067], [93.03591360800004, 8.454477334000046]]], [[[93.63171549900005, 8.46947665500005], [93.62087730300004, 8.425465724000048], [93.63162042700009, 8.50135322500006], [93.61812021800006, 8.55607318500006], [93.62178048600003, 8.579998948000025], [93.64421745200008, 8.513388527000075], [93.64502556300005, 8.46768998400006], [93.63171549900005, 8.46947665500005]]], [[[93.61903449300007, 8.586620180000068], [93.61635346600008, 8.583687173000044], [93.61521260300003, 8.586168949000069], [93.61903449300007, 8.586620180000068]]], [[[93.03802908000006, 11.835374385000023], [93.06853298800007, 11.832773674000066], [93.05527045900004, 11.811138313000072], [93.03802908000006, 11.835374385000023]]], [[[93.05267957600006, 11.811138313000072], [93.01455592200006, 11.831028951000064], [93.01334375500005, 11.84924331700006], [93.05267957600006, 11.811138313000072]]], [[[93.02579800800004, 12.141222914000025], [93.05478067400009, 12.07270178400006], [93.04508334100007, 12.049384098000075], [93.00908912400007, 12.084415645000036], [93.00526723300004, 12.139352382000027], [93.02983856300006, 12.167188250000038], [93.02579800800004, 12.141222914000025]]], [[[93.12406906400008, 12.138449269000034], [93.11028364000003, 12.14188826000003], [93.11817460600008, 12.147371964000058], [93.12406906400008, 12.138449269000034]]], [[[93.06470584900006, 12.20468104500003], [93.08698832400006, 12.182727045000036], [93.07670867500008, 12.182320473000061], [93.06993480400007, 12.177383469000063], [93.06827104500007, 12.172155953000072], [93.09085062000008, 12.179939106000063], [93.08134343000006, 12.149502196000071], [93.09548537400008, 12.143635139000025], [93.08205647000005, 12.116331295000066], [93.09197959800008, 12.120514193000076], [93.09168249900006, 12.099076147000062], [93.07451013800005, 12.086351942000022], [93.05822907700008, 12.107442419000051], [93.06833046500003, 12.131493988000045], [93.05115810500007, 12.121443717000034], [93.03707558100007, 12.134863358000075], [93.06470584900006, 12.20468104500003]]], [[[93.01842306300006, 12.222869255000035], [93.02341993100003, 12.224511083000039], [93.02184948700005, 12.22122742700003], [93.01842306300006, 12.222869255000035]]], [[[93.07993468300003, 12.257251565000047], [93.09086795000007, 12.235824559000037], [93.10613887200003, 12.260096755000063], [93.10340555600004, 12.204000217000043], [93.09199692900006, 12.229030268000031], [93.10316787600004, 12.240063644000031], [93.08682739500006, 12.224849078000034], [93.06329710200004, 12.229262554000059], [93.07993468300003, 12.257251565000047]]], [[[93.02332434200008, 12.272920699000053], [93.01780399200004, 12.275538106000056], [93.02694112300009, 12.280297028000064], [93.02332434200008, 12.272920699000053]]], [[[93.06699637400004, 12.312136596000073], [93.06241591200006, 12.317787816000077], [93.06860251000006, 12.314218624000034], [93.06699637400004, 12.312136596000073]]], [[[93.06415001400006, 12.48451209600006], [93.07243053900004, 12.494505833000062], [93.07366785800008, 12.486034952000068], [93.06415001400006, 12.48451209600006]]], [[[93.08062707200008, 13.298988670000028], [93.07306038600007, 13.295776397000054], [93.07013364900007, 13.297418225000058], [93.08062707200008, 13.298988670000028]]], [[[93.05219391000008, 13.377508380000052], [93.09107831300008, 13.336207039000044], [93.07539145100009, 13.333755562000022], [93.06455325600007, 13.301837833000036], [93.06222399400008, 13.330471468000042], [93.03926413300007, 13.322052883000026], [93.05894401400008, 13.35859296600006], [93.05219391000008, 13.377508380000052]]], [[[93.25917114000003, 13.348896135000075], [93.25806897400008, 13.331492757000035], [93.25143027700005, 13.335061949000021], [93.25917114000003, 13.348896135000075]]], [[[93.03486230300007, 13.342053860000021], [93.03757488900004, 13.340126497000028], [93.03410138100008, 13.339630065000051], [93.03486230300007, 13.342053860000021]]], [[[93.02844079200008, 13.36934001700007], [93.02169068800004, 13.35107148000003], [93.03836986300007, 13.351584097000057], [93.02913006300008, 13.345484654000074], [93.01160118300004, 13.353231787000027], [93.01841070700004, 13.367443853000054], [93.02844079200008, 13.36934001700007]]], [[[93.07752527800005, 13.365164556000025], [93.07942884700003, 13.363546522000036], [93.07704938600006, 13.363023041000076], [93.07752527800005, 13.365164556000025]]], [[[93.08366428700003, 13.368019909000054], [93.08199866500007, 13.365925983000068], [93.08166554000007, 13.366592233000063], [93.08366428700003, 13.368019909000054]]], [[[93.04541445200005, 13.37108941400004], [93.04499804600005, 13.367639195000038], [93.04315396400006, 13.368828926000049], [93.04541445200005, 13.37108941400004]]], [[[93.04398677500006, 13.375075011000035], [93.04898364300004, 13.374361173000068], [93.04928107600006, 13.37293349600003], [93.04398677500006, 13.375075011000035]]], [[[93.06312478000007, 13.378232556000057], [93.06346742200003, 13.375776952000024], [93.06169710300009, 13.376462237000055], [93.06312478000007, 13.378232556000057]]], [[[93.04505753200004, 13.377573445000053], [93.04898364300004, 13.382689286000073], [93.04731802000003, 13.376621661000058], [93.04505753200004, 13.377573445000053]]], [[[93.06146867500007, 13.382230050000032], [93.06289635200005, 13.380288410000048], [93.06118314000008, 13.380516838000062], [93.06146867500007, 13.382230050000032]]], [[[93.08678316600003, 13.413882830000034], [93.09477815500009, 13.415167739000026], [93.08749700400006, 13.40974256800007], [93.08678316600003, 13.413882830000034]]], [[[93.06829455500008, 13.416310277000036], [93.07317245100006, 13.431657801000028], [93.07031709700004, 13.41500157400003], [93.06829455500008, 13.416310277000036]]], [[[93.10304717800005, 13.434927180000045], [93.09747924000004, 13.432071827000073], [93.09690816900007, 13.43628347300006], [93.10304717800005, 13.434927180000045]]], [[[93.05156633900003, 13.568137590000049], [93.05049558200005, 13.563081236000073], [93.04841355300005, 13.56421147900005], [93.05156633900003, 13.568137590000049]]], [[[93.06216896700005, 13.65434394600004], [93.05013286600007, 13.617950719000078], [93.04362994800005, 13.640855361000035], [93.06216896700005, 13.65434394600004]]]]}, "properties": {"pc11_s_id": "35", "s_name": "Andaman and Nicobar Islands"}}]}